?,1146
、,432
是,426
会,388
在,343
？,313
儿童,277
她,237
【,213
和,212
】,210
导致,184
有,181
经期,178
“,171
”,168
产生,153
转基因,152
对,150
吃,150
健康,141
谣言,135
女人,133
吵架,129
链接,126
网页,125
吗,124
辐射,124
接种,121
不,117
抗生素,115
如果,103
想,102
流感,101
吧,101
中,100
食物,98
等,97
与,96
细菌,90
让,90
孩子,89
老婆,89
色素,88
要,87
期间,86
害死,85
食品,85
一种,85
跟,84
疫苗,84
月经,79
…,77
使用,75
流感疫苗,74
能,74
磨牙,72
相克,71
人,70
人工,64
体内,62
毒素,62
下降,62
生气,62
就是,61
感染,60
时候,60
人体,59
有害,58
香蕉,58
减肥,58
没有,57
可以,57
洗头,56
杀死,55
不要,55
泡面,53
到,52
被,52
或,52
我们,52
容易,51
影响,51
1,51
不能,50
多,49
这些,49
敏感,49
真的,49
催熟,48
能力,48
危害,48
盛怒,48
很,47
但,47
肉碱,47
大量,47
性早熟,47
小白鼠,46
临床,46
致癌,45
一只,45
左旋,45
并,45
说,45
安全,45
说法,44
多动症,44
经,44
引起,44
注意,43
足以,43
可能,42
因此,42
验证,41
还,40
研究,40
2,39
饮料,39
大,39
可,39
中国,38
女性,38
小,37
发生,37
营养,37
专家,37
爱,37
排毒,37
宝宝,36
不用,36
而,36
长期,36
给,36
仙人掌,36
里,36
时,36
发表,36
蚊子,35
喝,35
上,35
更,35
着,35
夜里,34
日常生活,34
博文,34
电磁辐射,34
大豆,34
好,33
流言,33
将,33
感冒,33
不是,33
排血,32
不会,32
死亡,32
预防,32
白血病,31
易,31
日常,31
电脑,31
后,31
为,31
用,31
所以,31
月,30
子宫,30
出现,30
身体,30
3,30
问题,30
耐药性,30
造成,30
粉碎机,30
流失,30
自身,30
这种,29
网上,29
肚子,29
气死人,29
免疫力,29
知道,29
严重,28
来,28
这个,28
★,28
犯法,28
其实,28
生活,28
下,28
提醒,27
调节,27
患癌,27
有效,27
疾病,27
个,27
们,27
称,26
东西,26
应该,26
因为,26
流行,26
岁,26
得,26
人们,26
使,26
手机,26
这样,26
变得,25
变弱,25
蛔虫,25
眼药水,25
需要,25
真相,25
关于,24
由于,24
4,24
还是,24
日,23
引发,23
植物,23
肌瘤,23
男人,23
拍,23
减少,23
天,23
不育,22
不吃,22
形成,22
症状,22
肝脏,22
解毒,22
一定,22
一包,22
人群,22
腹泻,22
农业部,22
生理,22
食用,22
美国,22
作用,22
呢,22
卵巢囊肿,21
预防接种,21
传播,21
玉米,21
于,21
产品,21
乙烯,21
过,21
癌症,21
含有,20
＂,20
果壳,20
最,20
小孩,20
风险,20
咖啡,20
药物,20
孕妇,20
如,20
那么,20
而且,20
甚至,20
发育,19
表明,19
32,19
片,19
辟谣,19
网,19
致病菌,19
环境,19
瞬间,19
欧美人,19
抗药性,18
应,18
显示,18
发现,18
买,18
情况,18
特别,18
成为,18
各种,18
天然,18
主要,18
其他,18
乳腺,18
医生,18
防辐射,18
滥用,18
看,17
治疗,17
同时,17
年,17
原因,17
比,17
传染病,17
对于,17
高,17
流感病毒,17
又,17
8,17
服用,16
科学,16
为了,16
前,16
这是,16
增加,16
从,16
以下,16
每天,16
无,16
摄入,16
哦,16
家长,16
相信,16
破解,16
一,16
精神,16
控制情绪,16
『,16
证据,16
5,16
却,16
吸血,16
皮肤,15
多喝水,15
降低,15
伤害,15
_,15
如何,15
病毒,15
致,15
功能,15
含,15
』,15
鸡蛋,15
草甘膦,15
能吸,15
今天,15
芹菜,15
普通,15
同吃,15
没,15
包括,14
患者,14
每年,14
发布,14
再,14
接触,14
秒,14
不孕,14
条,14
分享,14
患,14
避免,14
物质,14
↓,14
补水,14
去,14
是否,14
所,14
还要,14
正常,14
流传,14
最好,14
因,13
及,13
有关,13
带来,13
宣传,13
假,13
桌面,13
把,13
糖果,13
需,13
目前,13
全国,13
真菌,13
当,13
价,13
效果,13
不应,13
戳,13
任何,13
而是,13
但是,13
能够,13
强度,13
倘若,13
利用,12
会得,12
记住,12
知识,12
低,12
活力,12
做,12
精子,12
禁忌,12
老年人,12
由,12
微博,12
不仅,12
就让,12
内部,12
季节,12
视频,12
这么,12
虽然,12
寒湿,12
危险,12
时间,12
认为,12
或是,12
人工合成,12
智力,12
尸体,12
行为障碍,12
信,12
月经期,12
他们,12
一次,12
剂量,12
10,12
蜂蜜,12
流产,12
最新,12
实验,12
打烂,12
来自,12
觉得,12
利,11
→,11
多种,11
然而,11
正在,11
学步车,11
杆菌,11
为什么,11
远远,11
平时,11
内,11
其,11
优惠券,11
已经,11
经过,11
小时,11
7,11
概念,11
因素,11
鑫玺,11
重金属,11
千万别,11
其中,11
保护,11
进入,11
或者,11
领券,11
吸收,11
指数,11
别人,11
安全性,11
残骸,11
真正,11
12,11
电,11
维生素,11
这里,11
可致,11
就要,11
耐药,11
颜色,11
官员,11
磁场强度,11
激素,10
电磁波,10
究竟,10
化学,10
方便面,10
证明,10
损害,10
驱虫,10
电器,10
型,10
常见,10
走,10
死,10
空气,10
一下,10
抗,10
拍死,10
玻璃,10
还会,10
走路,10
具有,10
茶多酚,10
机会,10
发热,10
﻿,10
您,10
黄瓜,10
少,10
只有,10
才,10
现代,10
建议,10
表示,10
脊髓灰质炎,10
虾,10
寄生虫,10
已,10
防腐剂,9
开始,9
痛经,9
杀灭,9
自,9
带,9
细胞,9
报道,9
女友,9
嗜血,9
免疫,9
事件,9
过多,9
超级,9
针对,9
鸡肉,9
搭配,9
通过,9
大姨妈,9
误区,9
商家,9
五联,9
育儿,9
污染,9
自然,9
​,9
吸,9
6,9
受,9
中毒,9
!,9
诱惑,9
性,9
种,9
增强,9
胸部,9
医学,9
现在,9
变异,9
出,9
成分,9
医院,9
回应,9
致癌物,9
适合,8
女,8
一项,8
恐惧,8
注射,8
上午,8
除非,8
教会,8
相生,8
用药,8
生命,8
暴露,8
超过,8
容,8
想要,8
肌肉,8
猪肉,8
近日,8
高发,8
呀,8
指出,8
最广,8
瘀,8
添加,8
程度,8
条件,8
季节性,8
绿萝,8
香港,8
千万,8
日本,8
新闻,8
并发症,8
破伤风,8
审批,8
致病,8
方法,8
白喉,8
贴,8
抵抗力,8
科普,8
消费者,8
一直,8
公开,8
遇到,8
流行性,8
双眼,8
肠道,8
所谓,8
酸奶,8
饮食,8
零食,8
进行,8
存在,8
放盆,8
完,8
咖啡粉,8
评价,8
2017,8
从而,8
蛋糕,8
分泌,8
气会,8
度,8
心理,8
健,8
人类,8
报告,8
基站,8
久之,8
么,8
相关,8
黑,7
继续,7
声称,7
世卫,7
多少,7
最近,7
以及,7
过程,7
小儿,7
恐慌,7
生物制品,7
锌,7
社会,7
亲爱,7
致命,7
制造商,7
例假,7
60,7
限值,7
只,7
哪些,7
含铅,7
保证,7
即使,7
证实,7
别,7
蚕豆,7
损伤,7
非,7
听说,7
吊兰,7
变成,7
聚苯乙烯,7
进食,7
喝水,7
没用,7
事,7
受到,7
详细,7
欧美,7
药,7
等等,7
布洛芬,7
安检,7
居住,7
起,7
转,7
减轻,7
小心,7
急性,7
我国,7
病,7
不想,7
仅,7
常识,7
过敏,7
增生,7
13,7
若,7
睡觉,7
慢性病,7
距离,7
效应,7
妇女,7
方便,7
活动,7
并未,7
美,7
9,7
变,7
牛奶,7
向,7
抗体,7
明显,7
夏天,7
巨大,7
答案,7
白菜,7
科学家,7
送,7
无益,7
啦,7
朋友,7
春季,7
碗装,7
常会,7
很快,7
人员,7
同食,7
总是,7
网传,7
有人,7
切勿,6
平衡,6
中医,6
31,6
该,6
呼吸道,6
者,6
爬,6
组织,6
防,6
难以,6
事实上,6
指尖,6
表,6
正,6
市民,6
水,6
好好,6
工作,6
券后,6
疗程,6
除了,6
干眼症,6
不好,6
镜,6
之,6
倍,6
公共,6
家用电器,6
到底,6
射频,6
放心,6
才能,6
弹,6
毫无,6
桌面上,6
以上,6
打,6
百日咳,6
看不见,6
致死,6
20,6
转发,6
它们,6
100,6
体质,6
抗氧化剂,6
今日,6
一名,6
试验,6
反而,6
应用,6
驱虫药,6
轻轻,6
电离辐射,6
各位,6
现象,6
可使,6
果农,6
科学依据,6
一旦,6
同样,6
微波炉,6
酱油,6
满,6
公众,6
吸引力,6
低于,6
选择,6
直接,6
规范,6
老人,6
科学研究,6
24,6
眼睛,6
新,6
杯状,6
担忧,6
日落黄,6
糖,6
养生,6
是因为,6
不宜,6
角膜,6
男女,6
所有,6
遗传,6
高危,6
终于,6
清洁,6
咳嗽,6
如玉,6
肿瘤,6
退烧,6
溶解,6
伪,6
喜欢,6
生后,6
勤,6
青,6
百害,6
57,6
生长,6
柿子,6
上皮,6
电磁场,6
快,6
那些,6
卖,6
某些,6
水痘,6
结膜,6
类似,6
常喝,6
菌群,6
可怕,5
肚里,5
关键,5
保持,5
一样,5
之间,5
身边,5
一天,5
有害物质,5
芦荟,5
两种,5
激素类,5
宣布,5
装扮,5
冷不冷,5
广东,5
洗,5
西医,5
防止,5
修正,5
市场,5
症,5
2011,5
服,5
耸人听闻,5
高风险,5
第,5
广州,5
药剂,5
较,5
家庭,5
发烧,5
释放,5
有所,5
威胁,5
武器,5
螃蟹,5
困扰,5
系列,5
叫,5
成像,5
之内,5
液会,5
转载,5
未,5
彻底,5
适当,5
惹,5
人前,5
观点,5
家用,5
担心,5
兴奋,5
成熟,5
反正,5
先,5
噬菌体,5
碗,5
表现,5
瓶,5
在内,5
不断,5
如此,5
吸掉,5
拯救,5
磨,5
版,5
净化,5
毒品,5
浴室,5
谱,5
了解,5
作物,5
矿泉水,5
随着,5
重要,5
更是,5
达到,5
加拿大,5
红,5
省钱,5
几个,5
汽油,5
例如,5
瘦身,5
过滤器,5
完全,5
成,5
紫外线,5
材质,5
相比,5
推荐,5
近,5
25,5
不同,5
麻疹,5
及时,5
这回,5
药效,5
曝露,5
话题,5
更换,5
呵呵,5
详情,5
动物,5
无法,5
欺骗,5
39,5
混悬,5
失调,5
汤臣,5
■,5
经济,5
据,5
几率,5
洗澡,5
免疫系统,5
北京,5
儿童智力,5
昨天,5
共建,5
必要,5
则,5
不仅仅,5
以,5
主题,5
只要,5
防治,5
胶囊,5
东阳,5
通用,5
地铁,5
类,5
茶,5
进,5
率,5
造谣,5
新鲜,5
五种,5
伤不起,5
来源,5
18,5
检测,5
真,5
方式,5
民间,5
放在,5
氧气,5
想害,5
注意事项,5
油炸,5
仙人球,5
旅行,5
值得,5
新宠,5
包含,5
畅读,5
中有,5
每次,5
看见,5
加大,5
潜藏着,5
预测,5
恐怖,5
一般,5
得到,4
累积,4
公交车,4
做好,4
国际标准,4
可是,4
之一,4
煽动,4
春节,4
更好,4
某,4
广泛,4
准则,4
纠错,4
用品,4
调查,4
老,4
94,4
做做,4
事实,4
主动,4
关心,4
抗辐射,4
食安,4
户外,4
站,4
食盐,4
彩虹,4
迅速,4
防控,4
类别,4
针,4
油,4
按,4
大学生,4
那种,4
依据,4
胎儿,4
电子设备,4
记得,4
原子弹,4
按照,4
老鼠,4
越,4
腮腺炎,4
方面,4
超市,4
冲泡,4
卡介苗,4
施用,4
帮助,4
关乎,4
毫克,4
朋友圈,4
想到,4
也就是说,4
旅客,4
决定,4
感染率,4
浪潮,4
用于,4
中国工程院,4
善后,4
65,4
你们,4
周围,4
希望,4
扩散,4
迟缓,4
有益,4
谨记,4
时请,4
千倍,4
她们,4
女朋友,4
控制,4
～,4
种植,4
23,4
菌,4
传说,4
=,4
不良反应,4
威,4
检验,4
增大,4
燃脂,4
不妨,4
不了,4
信号,4
睡前,4
物,4
院士,4
波波,4
是不是,4
讲究,4
办法,4
全文,4
话,4
味道,4
女孩子,4
￥,4
休息,4
同,4
帽子,4
开心,4
两个,4
小于,4
医学界,4
长久,4
提示,4
大鼠,4
残留,4
等于,4
密切,4
无关,4
作为,4
流脑,4
比较,4
年纪,4
打喷嚏,4
西瓜,4
回家,4
肚里蛔虫,4
量,4
公共场所,4
商业,4
今年,4
全部,4
加入,4
对付,4
加速,4
时会,4
靠,4
妇科疾病,4
法,4
崔玉涛,4
双向,4
肉,4
刺激,4
锻炼,4
前往,4
角度观察,4
歪曲,4
代谢,4
怀孕,4
粒,4
孟山都,4
以后,4
尽,4
炎症,4
广西,4
适量,4
电时,4
神经系统,4
食品安全,4
48,4
名叫,4
逼,4
次,4
荷叶,4
年度,4
需求,4
别以为,4
忽悠,4
每个,4
牙刷,4
酶,4
服药,4
留言,4
指导,4
爆发,4
成人,4
鲜艳,4
戴,4
止痛,4
环绕,4
细节,4
蔓越莓,4
早期,4
崔永元,4
建立,4
高发期,4
弄清楚,4
菌株,4
尽量,4
下来,4
风疹,4
人为,4
重点,4
至,4
素养,4
镜子,4
眼部,4
一段时间,4
世界卫生组织,4
公布,4
大概,4
很大,4
三个,4
寒,4
越来越,4
不同于,4
属,4
族,4
措施,4
狗肉,4
出生,4
暂缓,4
并非,4
本身,4
深层,4
更衣室,4
缓解,4
抵抗,4
季,4
关爱,4
无效,4
盆栽,4
吸走,4
剩一格,4
一篇,4
防护,4
超,4
杂志,4
星期,4
公民,4
黄芽菜,4
安徽,4
优美,4
流涕,4
几天,4
后果,4
水平,4
一盆,4
79,4
红包,4
除,4
通讯,4
最后,4
唯一,4
制造,4
抑制,4
吵,4
炒作,4
抗污染,4
眼镜,3
结果,3
车内,3
二,3
联合疫苗,3
万科,3
年幼,3
拉肚子,3
否则,3
生长发育,3
派发,3
富含,3
提,3
电视机,3
养护,3
无药,3
不足,3
称为,3
不知,3
发财树,3
姨妈,3
宝贝,3
姿势,3
个人,3
豆腐,3
大肠,3
起到,3
高热量,3
无需,3
卫士,3
原文,3
欧洲,3
聚集,3
误解,3
生存,3
射线,3
争议,3
虫子,3
猪肝,3
机体,3
密集,3
突然,3
手,3
等同于,3
国内,3
口,3
包装,3
道理,3
断章取义,3
举办,3
体重,3
元,3
就算,3
环保,3
变小,3
采用,3
历史,3
路由器,3
当季,3
遵守,3
阅读,3
随便,3
大约,3
晚餐,3
益处,3
车,3
感冒药,3
后代,3
一句,3
洪水猛兽,3
二氧化碳,3
菌苗,3
地震,3
三杯,3
青睐,3
部位,3
性功能,3
慢性,3
伪装成,3
家电,3
负离子,3
各个,3
首选,3
不必,3
50,3
频繁,3
牙膏,3
规避,3
甲醛,3
凡,3
很长,3
粉尘,3
守护,3
开展,3
深秋,3
呸,3
主流,3
我省,3
体弱者,3
化学物质,3
太岁,3
提前,3
无视,3
大小,3
重物,3
之前,3
远,3
一览,3
添加剂,3
别信,3
摸,3
逐渐,3
办公,3
错,3
卵巢,3
四大,3
意味着,3
营养学,3
以来,3
现场,3
新型,3
舒,3
课堂,3
陶瓷,3
1010,3
店主,3
仙桃,3
近期,3
赶紧,3
畸形,3
口腔,3
抢,3
公益,3
一部分,3
名单,3
保存,3
谈,3
品牌,3
胶原蛋白,3
0,3
欢迎,3
①,3
情绪,3
漂亮,3
兰,3
益生菌,3
学生,3
难度,3
剁,3
计算机,3
数据,3
好看,3
原价,3
下班,3
橙汁,3
咯,3
多起,3
37,3
有无,3
明明,3
瘦,3
后患无穷,3
下午,3
每日,3
肺炎球菌,3
身心,3
改变,3
真实,3
堆积,3
杀菌,3
受益,3
狗,3
舒服,3
快速,3
儿童节,3
美味可口,3
咋,3
上限,3
令值,3
结核病,3
头条,3
患有,3
吃药,3
伤身,3
5.5,3
国外,3
繁衍,3
药品,3
别说,3
滴水,3
肺炎,3
可取,3
现,3
掉,3
现代人,3
冷饮,3
海参,3
荷尔蒙,3
特殊,3
根本,3
质疑,3
随意,3
卫生巾,3
获得,3
快来,3
染病,3
揭秘,3
此外,3
总,3
16,3
坏死,3
调节剂,3
大于,3
多重,3
失联,3
有效性,3
设备,3
打印机,3
虎皮,3
出来,3
办公室,3
拿,3
芬妮,3
里面,3
核辐射,3
查查,3
无害,3
强,3
一款,3
运动员,3
禽流感,3
点,3
广场,3
半夜,3
坑,3
调理,3
预,3
当年,3
眼,3
月牙,3
食物中毒,3
京报,3
机率,3
次数,3
促进,3
真需,3
斤,3
减肥药,3
0.8,3
放射,3
怎样,3
保健品,3
四环素,3
一年,3
微生物,3
相生相克,3
蒙,3
半小时,3
讲解,3
听,3
些,3
照,3
有助于,3
上述,3
行为,3
加剧,3
令,3
降到,3
相关性,3
期,3
广为流传,3
尧都区,3
性激素,3
番茄,3
特定,3
基本,3
口味,3
30,3
辐射性,3
不过,3
郑州,3
果,3
有害物,3
灭蚊,3
传染性,3
那里,3
发,3
木瓜,3
拒绝,3
缺乏,3
争吵,3
涨,3
元旦,3
绝大多数,3
疼,3
准备,3
致病性,3
肾,3
花生,3
桃子,3
模式,3
家中,3
场所,3
鼻塞,3
四种,3
中心,3
脾气,3
图,3
贱,3
看到,3
解释,3
瓶装水,3
肠胃,3
敏,3
食材,3
造势,3
出入境,3
一类,3
澳洲,3
指南,3
卡病,3
常规,3
通风,3
烟片,3
家居,3
有毒,3
病人,3
最为,3
马铃薯,3
天气,3
幼儿,3
之类,3
不利于,3
鼓励,3
存留,3
统统,3
十恶不赦,3
学习,3
面对,3
工作人员,3
想想,3
网站,3
好多,3
登革热,3
之后,3
只能,3
五颜六色,3
抗药,3
创业,3
婴儿,3
11,3
老公,3
最坑,3
女孩,3
阳光,3
介绍,3
结论,3
六一,3
美食,3
生病,3
生成,3
72,3
正式,3
不亚于,3
专业,3
摄入量,3
化,3
51,3
远离,3
拉,3
券,3
进口,3
情侣,3
只是,3
蒂,3
过饱,3
告诉,3
指,3
有意思,3
摄影,3
不爽,3
尽管,3
妈咪,3
当时,3
冬季,3
无处不在,3
蛮,3
网络,3
青岛,3
下面,3
绿油油,3
女生,3
偶然,3
太早,3
口罩,3
回复,3
毫无根据,3
坐,3
加班,3
上班,3
绿豆,3
株,3
瓜分,3
目的,3
你老,3
护眼,3
很难,3
有损,3
第一,3
口服,3
副作用,3
寨,3
消化道,3
南海区,3
感觉,3
白内障,3
美容,3
个案,3
内分泌,3
纯天然,2
核,2
强调,2
莫名其妙,2
个人卫生,2
注射针,2
判断,2
解决,2
开,2
生肖,2
氨基酸,2
经受,2
角落,2
现有,2
最大,2
罪,2
找,2
正值,2
感受,2
油中,2
脖子,2
豆,2
杀伤,2
五大,2
否定,2
装修,2
哪个,2
邪,2
还原,2
推出,2
小病,2
积攒,2
高手,2
后遗症,2
面前,2
两项,2
法国,2
发作,2
合理,2
抗癌,2
不如,2
在于,2
眼液,2
幽门,2
促使,2
联盟,2
加州,2
有益健康,2
过来,2
多项,2
廉价,2
确证,2
长,2
麻风,2
看过,2
摩擦,2
属于,2
人民币,2
差异,2
不到,2
孔明,2
最能,2
脑血栓,2
儿子,2
水果,2
彩色,2
一杯,2
总有,2
谣,2
它会,2
温馨,2
联合,2
212,2
最强,2
害,2
几十亿,2
上升,2
什么样,2
外星人,2
求证,2
而已,2
民众,2
海外,2
查,2
无限极,2
生,2
原先,2
反转,2
水培,2
自动,2
判,2
早就,2
高烧,2
贩卖,2
联系,2
⑤,2
怜爱,2
路边摊,2
恩爱,2
牌照,2
群体,2
宣传日,2
烧,2
总体,2
慢慢,2
就别,2
爱惜,2
杀,2
尼玛,2
别问,2
医专,2
4.25,2
轻松,2
看吧,2
对人,2
叠加,2
救生,2
吃货,2
身上,2
说起,2
两包,2
吓,2
不时,2
至于,2
规模,2
沉默,2
产物,2
商铺,2
笑,2
定向,2
下午茶,2
睡眠,2
报,2
敲,2
电磁,2
定,2
反,2
符合,2
棉花,2
后会,2
泥巴,2
核技术,2
星球,2
国家,2
观察,2
漫天,2
66,2
疾控中心,2
难过,2
危言耸听,2
敷,2
查看,2
男,2
豆豉,2
心口,2
既会,2
反复,2
病毒感染,2
顽固,2
造成危害,2
22,2
医,2
经历,2
因子,2
68,2
聪明,2
生物,2
某种,2
搜狐,2
陷害,2
口腔医学,2
官商勾结,2
误导,2
乳房,2
检疫,2
软脚,2
范围广,2
货源,2
瓶装,2
说真的,2
抗病毒,2
心里,2
屑,2
山东,2
循证,2
首要,2
最终,2
业内外,2
广播,2
牙痛,2
室内,2
学,2
疲劳,2
吓人,2
清新,2
看书,2
比起,2
居家,2
生理期,2
采访,2
习惯,2
黑帮,2
不失,2
干净,2
诸如此类,2
杀伤性,2
玩微,2
即食,2
四岁,2
亲们,2
无数,2
分叉,2
瞎扯,2
鼻,2
身体健康,2
常备,2
脸,2
决定性,2
生态,2
身高,2
物理,2
天下,2
虽比,2
说话,2
正常人,2
展开,2
相亲,2
中耳炎,2
造型,2
连,2
生物链,2
抵御,2
可怖,2
娇气,2
经典,2
抗击,2
目前为止,2
原来,2
在线,2
甚嚣尘上,2
气质,2
又称,2
彩票,2
意味,2
北京市,2
假借,2
几十种,2
眼下,2
正是,2
第一次,2
抗菌药,2
家养,2
成长,2
绿植,2
磨成,2
食欲不振,2
一共,2
变形,2
塑化剂,2
人奶,2
仰卧位,2
诱因,2
六岁,2
安全局,2
冷食,2
教育,2
弄,2
肺,2
发展,2
占优势,2
播报,2
吴,2
自愈,2
具体,2
躲,2
专门,2
嗯,2
检查,2
路,2
牛郎,2
消炎药,2
勤洗手,2
受害者,2
库尔勒,2
药房,2
数条,2
食欲,2
额外,2
禁止,2
男性,2
发明,2
坐月子,2
致人,2
吐,2
体温,2
小鸡,2
脾肺,2
应急,2
诺奖,2
支持,2
老师,2
一点点,2
自我,2
病原体,2
剂,2
覆盖,2
造访,2
分析,2
毒性,2
此时,2
红色,2
景德镇,2
③,2
最低,2
抗菌,2
白搭,2
资讯,2
人民,2
用眼,2
活性,2
购买,2
疾呼,2
下单,2
尽早,2
肌酐,2
皮质,2
进而,2
状况,2
网闻,2
基本上,2
喷洒,2
患病,2
操作,2
一批,2
元券,2
静脉,2
治不好,2
保健,2
橘子,2
排出,2
微博去,2
过度,2
吐槽,2
全球,2
老爸,2
鸡儿,2
坑爹,2
〗,2
先来,2
除四害,2
润,2
小贴士,2
不但,2
局部,2
花卉市场,2
采取,2
事物,2
识别,2
遭遇,2
标识,2
炆,2
待,2
摆,2
要害,2
收到,2
马上,2
蛋白质,2
心肝,2
误会,2
癌瘤,2
总量,2
呗,2
广,2
非处方药,2
神,2
单一,2
人民邮电,2
景观,2
因其,2
程序,2
人民日报,2
轻易,2
以前,2
平台,2
缓慢,2
治愈,2
一遍,2
阻碍,2
耳痛,2
束手无策,2
毕竟,2
多变性,2
啥,2
吸附,2
附着,2
钻石,2
保养品,2
久而久之,2
感染者,2
②,2
花,2
毛病,2
卧槽,2
无论,2
确切,2
积极,2
一块儿,2
应对,2
同食会,2
口感,2
染成,2
也许,2
四次,2
喝咖啡,2
脑,2
严重危害,2
再次,2
全身,2
血栓,2
袋,2
真有,2
大众,2
由来已久,2
这时候,2
妇科,2
来潮,2
排泄,2
小家电,2
此后,2
部分,2
毒疱,2
88,2
玺,2
申报,2
息息相关,2
明确,2
住院,2
列表,2
躺,2
反对,2
不行,2
常,2
短,2
转发给,2
辟,2
早上,2
进化,2
涉及,2
感谢,2
④,2
货不应求,2
一度,2
弱,2
几条,2
鼻梁,2
种类,2
广大,2
过瘾,2
护理,2
清除,2
抽,2
鲤鱼,2
泰安,2
十大,2
99,2
头疼,2
一切,2
设计,2
问答,2
生命安全,2
儿,2
怎么回事,2
凤凰,2
听听,2
对象,2
相互,2
不看,2
临汾市,2
气血,2
变差,2
59,2
抓住,2
硅,2
持续,2
召开,2
大学,2
更大,2
周期,2
肉肉,2
葱,2
背景,2
紊乱,2
缺钙,2
创意,2
亚健康,2
格外,2
每公斤,2
小编,2
根据,2
生食,2
癖,2
一个月,2
一堆,2
一大,2
发布会,2
打算,2
盲目,2
这一,2
八条,2
全都,2
藤黄,2
芝麻,2
杀人犯,2
求真,2
不及,2
〖,2
冷,2
做菜,2
纷纷,2
世界,2
亲朋,2
提高,2
类毒素,2
博客,2
返利,2
丰富,2
旁,2
不适,2
分解,2
前提,2
飞舞,2
充分,2
傻,2
联合国粮农组织,2
不然,2
发言人,2
护垫,2
患上,2
注,2
鑫,2
呼吸困难,2
日期,2
转暖,2
麻辣,2
达,2
群众,2
本质,2
发挥,2
发自,2
诸如,2
敌人,2
转给,2
央视,2
干扰,2
运动,2
因果性,2
糕,2
科研成果,2
手术,2
卡夫,2
灰尘,2
饮品,2
酸化,2
避开,2
用来,2
尚未,2
优点,2
内衣,2
言论,2
长者,2
旗舰,2
相继,2
吸污,2
毛孔,2
互动,2
大葱,2
异食,2
香气,2
瑞典,2
消失,2
脓疮,2
先天性,2
一例,2
青少年,2
针含,2
总结,2
凉拌,2
消毒,2
0.001,2
咽炎,2
吃饭,2
年龄,2
发展趋势,2
小小的,2
晚安,2
某地,2
夏季,2
学会,2
迷你,2
疗效,2
吆,2
便宜,2
相,2
佛山,2
出血,2
元素,2
衰竭,2
来看,2
长得,2
蛔虫病,2
快讯,2
气,2
28,2
红薯,2
物种,2
混淆,2
弱点,2
痛贴,2
生殖系统,2
领导,2
研发,2
行,2
晚上,2
病菌,2
母婴,2
环保署,2
河北,2
回来,2
「,2
充斥,2
退款,2
近年来,2
可用,2
能除,2
活性炭,2
碘盐,2
功课,2
像是,2
添,2
口岸,2
疾控,2
传言,2
安定剂,2
那样,2
来时,2
脱水,2
隔,2
甚么,2
详情请,2
造,2
发出,2
摘,2
见,2
中间,2
匠心,2
数,2
刷,2
脑膜炎,2
终结者,2
卫生,2
白天,2
群,2
高等,2
条之多,2
橡皮树,2
粮食,2
医用,2
以讹传讹,2
客户端,2
制作,2
肉毒,2
震惊,2
万赴,2
骨头,2
卫生防护,2
符合标准,2
问,2
人会,2
沙嘴,2
黄浦,2
日前,2
哈哈哈,2
之道,2
信过,2
除甲醛,2
有虫,2
睡,2
亦,2
自来水,2
错误认识,2
面貌,2
楼房,2
首,2
地方,2
生态系统,2
朝九晚五,2
不起作用,2
分,2
绝对,2
众说纷纭,2
19.9,2
意思,2
简单,2
逗,2
城事,2
信息,2
一天到晚,2
刚刚,2
下结论,2
穿,2
可食用,2
新星,2
相让,2
现实,2
非转,2
离,2
确定,2
推测,2
迄今为止,2
不得,2
观音,2
春运,2
下列,2
入春,2
效力,2
去年,2
动植物,2
夸大,2
保暖,2
易于,2
隐型,2
曾经,2
菊花,2
致使,2
一脸,2
武汉,2
权威专家,2
一份,2
色变,2
故,2
考虑,2
肾脏,2
然后,2
逻辑,2
心理学,2
肌肤,2
物品,2
时应,2
有点,2
大人,2
2.5,2
严格控制,2
告诫,2
杀手,2
当天,2
错误信息,2
％,2
正离子,2
硼,2
传染,2
其实不然,2
绿植能,2
绿瘦,2
赴,2
不管,2
亲,2
甜味素,2
相爱,2
血,2
金属,2
加强,2
放线菌,2
含量,2
一顶,2
时要,2
路过,2
360,2
团委,2
结构,2
头痛,2
懂,2
对抗,2
转基食,2
0.015,2
整形,2
毒副作用,2
喉咙痛,2
博会,2
羊肉,2
高温,2
这会,2
帖子,2
迄今,2
色彩,2
全是,2
济南,2
吵不起,2
夜间,2
一件,2
控制中心,2
多位,2
寻求,2
事情,2
接上,2
谣传,2
感,2
无疑,2
至今,2
往往,2
活跃,2
绿豆汤,2
多年,2
便秘,2
200,2
制成,2
社交圈,2
护肤品,2
找到,2
这项,2
心脏,2
系,2
陈君石,2
纯,2
防范,2
招,2
漏水,2
腹痛,2
冬春,2
共食,2
菠菜,2
妈妈,2
编来,2
高中,2
自费,2
工作效率,2
应当,2
活,2
蛋白,2
山药,2
拥有,2
原则,2
我妈,2
公认,2
抑或,2
全自动,2
灵足,2
饮茶,2
未来,2
面包车,2
部门,2
一眼,2
上天,2
种种,2
被扣,2
脸上,2
三角,2
辛苦,2
补液,2
听到,2
跳跳,2
巴拉巴,2
辐射量,2
1220,2
致癌性,2
烦恼,2
斑斑,2
芥末,2
不再,2
克,2
隐形眼镜,2
真如,2
新手,2
疼痛,2
四川,2
次级,2
为什,1
通心粉,1
基线,1
但用,1
从来,1
停,1
小肠,1
新装修,1
眼皮,1
入学,1
奶油,1
暮,1
改,1
爆发式,1
右边,1
从事,1
绿焰,1
绝密,1
配戴,1
刺猬,1
同学,1
心脏病,1
继而,1
消脂,1
甘,1
天内,1
大气环境,1
统一价,1
雾,1
约,1
儿真,1
童鞋,1
牙齿,1
批得,1
云达,1
肉芽肿,1
全开,1
膳道,1
垃圾,1
定为,1
临时,1
持续上升,1
易怒,1
高州,1
且滋腻,1
酵父,1
配方,1
201531821440,1
卫生署,1
避个,1
菠萝,1
哇,1
豁出去,1
拉稀,1
东霸天,1
差,1
眼袋,1
克林顿,1
蟑螂,1
怪罪,1
伊始,1
面都,1
小王,1
一文,1
彩椒,1
汉沙洗,1
周围环境,1
混乱,1
整个,1
一粒,1
58,1
原创,1
消耗,1
陈小初,1
艾灸,1
流着,1
服务,1
公式,1
长久以来,1
高效率,1
怨,1
耐受,1
太少,1
脑神经,1
互联网,1
饮,1
讲故事,1
本品,1
淄博,1
分体,1
价格,1
不低,1
器官,1
孤烟,1
≠,1
包庇,1
机能,1
节目,1
风传,1
专题,1
冲击疗法,1
多方面,1
这句,1
第四日,1
存放,1
血液,1
羊肝,1
无痕,1
友邦,1
魔鬼,1
调研,1
晒,1
落成,1
齐顺祥,1
21221258451936,1
炖汤,1
胃炎,1
好处,1
选择性,1
冷暖,1
二是,1
咨询,1
麝香,1
手扶,1
青光眼,1
绝境,1
有时,1
豆瓣,1
果蔬,1
这位,1
操作者,1
金匮要略,1
大姐,1
冰冻,1
跳出,1
私藏,1
立于不败之地,1
那天,1
除草剂,1
污鬼,1
古怪,1
烤火,1
蜜喝,1
正赶上,1
不弃,1
02,1
清热解毒,1
长途运输,1
劣等,1
泪液,1
强烈,1
堂大,1
圣女,1
后期,1
393,1
使糖,1
换衣,1
折磨,1
听力,1
范志红,1
嘞,1
侵袭,1
离子,1
8090,1
爱而生,1
最佳,1
土豆,1
为何,1
家住,1
碰,1
闺蜜,1
质量,1
疫,1
口碑,1
一是,1
．,1
本地,1
姐,1
就诊,1
输液,1
赶快,1
儿童期,1
控说,1
真是,1
蝉,1
刻骨铭心,1
年害,1
暴躁,1
下会,1
抗过敏,1
内膜,1
黑豆,1
价钱,1
真当,1
挂,1
忍不住,1
晓晓,1
脱发,1
补充,1
某人,1
304,1
施虐,1
板,1
只罗恩,1
体脂来,1
这手,1
14,1
乐章,1
甲苯,1
介入,1
关节,1
界,1
炒,1
南新,1
酸酸的,1
书画,1
度不应,1
大多,1
削皮,1
熊,1
三是,1
忽然,1
支原体,1
废气,1
螺旋杆菌,1
也好,1
水族馆,1
二合一,1
数不清,1
动手,1
磨合,1
梅艳芳,1
尿激酶,1
配件,1
每种,1
年易,1
不问青红皂白,1
围着,1
心灵,1
磨粉,1
别用,1
美国市场,1
强壮,1
病情,1
咖啡吧,1
屈臣氏,1
噁,1
打来,1
惊悚,1
沙漠,1
年份,1
露腰,1
市面上,1
仿佛,1
南海,1
二号,1
少去,1
神经外科,1
敞开,1
王,1
一氧化碳,1
干性,1
医学家,1
瘙痒,1
一把,1
期盼,1
来讲,1
吕永岩,1
困难,1
自从,1
时代,1
对应,1
触摸,1
普遍认为,1
查过,1
无此,1
破财,1
一首,1
自愿,1
结核性,1
因看,1
勤人,1
已成,1
简直,1
六种,1
学龄前,1
已有,1
东汉,1
233,1
凝滞,1
可治,1
集中,1
其它,1
得出,1
一到,1
机智,1
抢盐,1
盐巴,1
市中区,1
是非,1
本人,1
含片,1
有句,1
宿舍,1
数不胜数,1
意外,1
不易,1
层出不穷,1
必备,1
距,1
不良影响,1
洗手,1
行李,1
蚀,1
凡是,1
一伴,1
民主党,1
拼单,1
拜访,1
业务员,1
特效,1
明,1
保驾护航,1
降温,1
绿叶,1
在生活中,1
女儿,1
来事,1
20167159241,1
一段话,1
营养学家,1
莴苣,1
350,1
鼓,1
门诊,1
妹,1
1011,1
尽可能,1
地区,1
无硫,1
胸口,1
吃不饱,1
12345,1
仓,1
免税店,1
生物工程,1
敏敏,1
680,1
有门道,1
浪漫,1
才干,1
机械,1
只配,1
婴爱,1
尚无,1
恶化,1
2012,1
屋里,1
心,1
学校,1
拔丝,1
闹,1
动辄,1
矫正,1
见图,1
封杀,1
制,1
受到感染,1
网官,1
取决于,1
妹做,1
紫薯,1
森地,1
三种,1
酷科,1
诗琴,1
别关,1
虫,1
大道,1
节食,1
四季,1
叨叨,1
叔叔,1
驾驶,1
监管,1
漏,1
快节奏,1
疫情,1
几招,1
剂次,1
田螺,1
兜,1
民族,1
恋,1
死尸,1
迟早会,1
英俄法,1
换,1
之物,1
昏迷,1
亦可,1
一盒,1
所致,1
类固醇,1
酸性,1
双手,1
装价,1
女同胞,1
触,1
一百多,1
大部分,1
抵,1
紫薇,1
电视,1
造景,1
披露,1
买下,1
孽,1
169,1
防五病,1
野生,1
凶手,1
成绩,1
警告,1
露肉,1
准妈妈,1
天天,1
独有,1
酵素,1
胚胎,1
虽,1
⑧,1
那个,1
眼病,1
伤元气,1
想来,1
两站,1
痛快,1
细菌性,1
用得,1
之流,1
小小,1
大连市,1
永久性,1
一片,1
哈哈,1
姜黄,1
前来,1
六个月,1
安康,1
呵,1
微笑,1
国际,1
领地,1
苦短,1
转姬,1
概率,1
第一口,1
速度,1
生闷气,1
苔藓,1
燕,1
成就,1
实在,1
参与,1
帮,1
105,1
点知,1
盐水,1
数量,1
怪,1
胆红素,1
斯特利,1
襄阳,1
换言之,1
⑨,1
增长,1
交流,1
同学会,1
拍买,1
考证,1
声言,1
见文后,1
一步,1
绿茶,1
玩,1
圈养,1
可买,1
快乐,1
更难,1
代发,1
三代,1
延续,1
日漸,1
增高,1
嚼,1
综合征,1
许久,1
炖,1
大安市,1
男票,1
神吐槽,1
乙型,1
烂,1
有形,1
小鼠,1
抗生,1
刷牙,1
甩掉,1
折翼,1
塑料,1
201671917221,1
跪地,1
最久,1
天津,1
防水,1
痛苦,1
过后,1
高价,1
哈,1
舌头,1
注射剂,1
特定条件,1
花花绿绿,1
宿便,1
生育率,1
短命,1
譬如,1
甜言蜜语,1
晚期,1
乙肝,1
宣称,1
家种,1
温补,1
电暖气,1
重症,1
两组,1
真是假,1
普遍存在,1
艺术,1
扫,1
不得不,1
宜人,1
只会,1
很容,1
温度,1
李子,1
洞穿,1
仍,1
自洁,1
梅奥,1
看起来,1
诱人,1
三,1
无形,1
害指,1
因其含,1
安娜,1
修补,1
实验鼠,1
用手,1
千,1
平均值,1
女工,1
失去平衡,1
延缓,1
扯淡,1
小该,1
百佳,1
需约,1
动弹,1
确诊,1
摸不着,1
201351420300,1
第一天,1
警察,1
获悉,1
副产物,1
进出口,1
包足,1
冰箱,1
断子绝孙,1
妇科病,1
首家,1
吃盐,1
文胸,1
糖浆,1
汉语,1
膦,1
人家,1
乘车,1
89,1
银耳,1
烟囱,1
胖吸脂,1
早春,1
辐射能,1
....................,1
闻到,1
還算識,1
宜昌,1
冷水,1
罐头,1
气往,1
两者,1
年老,1
风,1
诊所,1
玩出,1
首先,1
无常,1
氧化,1
健乐多,1
关系,1
胃溃疡,1
含服,1
为啥,1
皮,1
黑板,1
黑眼圈,1
骗,1
显得,1
吩咐,1
键盘,1
半岛,1
留,1
两点,1
东北,1
再有,1
黄豆芽,1
苋菜,1
查清,1
侨报,1
水立方,1
有钱,1
都还没,1
之品,1
应多,1
乳清,1
阿桑,1
分别,1
作,1
教训,1
残粉,1
溶栓,1
抱怨,1
阶段,1
木有,1
20145313550,1
低频,1
起码,1
两,1
三观,1
一系列,1
血块,1
辨别,1
套餐,1
快存,1
双十,1
软毛,1
十六岁,1
特有,1
唔,1
挽救,1
喉痛,1
超声波,1
钛,1
荐,1
足,1
失衡,1
力度,1
早,1
退化,1
关系融洽,1
炉,1
韩国,1
城市,1
混合,1
提问,1
普遍,1
没想到,1
不穷,1
转自,1
14.99,1
白糖,1
鞣酸,1
韩烨,1
颇,1
弱智,1
漏洞,1
昨晚,1
20166116001,1
图说,1
小播,1
同意,1
病患者,1
找上门来,1
丧失,1
指望,1
社,1
呼,1
做成,1
角膜炎,1
学龄儿童,1
依依,1
单位,1
已致,1
消化,1
种子公司,1
按着,1
手帕,1
肺结核,1
于是乎,1
神经,1
禁忌症,1
吸尘器,1
优惠,1
油画,1
日常用品,1
全民,1
犯,1
低价,1
大学化学,1
恨不得,1
党,1
利尼,1
超准,1
儿科,1
像,1
抗议,1
速递,1
煮,1
动,1
上帝,1
遇,1
调节力,1
精神状态,1
习惯性,1
而用,1
安,1
处处,1
膜拜,1
阿栾,1
工具,1
绝育,1
大骗子,1
塑料瓶,1
还脏,1
气味,1
不重,1
芋头,1
艾艾,1
眼里,1
新颖,1
甲基,1
园微,1
洞察,1
微商,1
往年,1
认知,1
不错,1
绿色,1
团购网,1
三天,1
知食君,1
伤气,1
产后,1
疥疮,1
西药,1
造血,1
联姻,1
赶脚,1
体弱多病,1
照妖镜,1
凉食,1
途径,1
包瘦,1
小事,1
卖不出,1
安全事件,1
定期,1
加重,1
第二天,1
纯属,1
头发,1
儿科学,1
周则卫,1
调,1
分裂,1
师傅,1
间质性,1
沒,1
泌尿,1
蔬菜,1
疯狂,1
明早,1
谢绝,1
不准,1
作家,1
第三日,1
腮,1
愉快,1
认准,1
认识,1
二甲苯,1
炒易,1
补益,1
更要,1
必看,1
艾银,1
99.00,1
难忍,1
凌晨,1
电吹风,1
速率,1
肺部,1
甘温,1
欣慰,1
海产品,1
侧面,1
四,1
承受,1
有时候,1
娘昕心,1
引证,1
槟榔,1
后应,1
多为,1
部落,1
活该,1
立春,1
享,1
宇宙,1
喜爱,1
估计,1
下泻,1
月经不调,1
三月,1
植物性,1
见长,1
一般性,1
失恋,1
儿童不宜,1
大伪,1
综合症,1
相互作用,1
医疗,1
不敢,1
所含,1
肝要,1
互补,1
渗出,1
实用,1
腔,1
熬药,1
变冷,1
上周,1
胃,1
仍然,1
公共卫生,1
自行,1
太笨,1
熬夜,1
生物学家,1
试食,1
室友,1
结石,1
春天,1
粉碎,1
光喝,1
这张,1
长时间,1
角度,1
较为,1
以此,1
上半身,1
晴雨表,1
椰爸,1
提神醒脑,1
空间,1
二月,1
之外,1
二者,1
组成,1
轻,1
确保,1
嘟嘟,1
欠,1
1025,1
化学试剂,1
方,1
主任医师,1
年宵,1
上海,1
电脑屏幕,1
太强大,1
百姓,1
12320,1
酚类,1
下图,1
个头,1
难道,1
面,1
文,1
丰胸,1
谬论,1
无货,1
有品,1
液体,1
澄清,1
40,1
农产品,1
两倍,1
避而远之,1
經期,1
幸福,1
心跳,1
讯,1
乙肝疫苗,1
干什么,1
仪,1
开窗,1
各项,1
胃癌,1
聪颖,1
果然,1
挡,1
外,1
传人,1
哭笑不得,1
相当,1
实施,1
称作,1
排,1
烟,1
取代,1
再就是,1
里头,1
指甲,1
脏器,1
学界,1
但凡,1
一段,1
黑得,1
妹子,1
疑,1
冰淇淋机,1
接电话,1
女皇,1
吃太多,1
汉子,1
别的,1
别忘了,1
微波,1
不怎么,1
作践,1
心烦意乱,1
组得,1
6553265532,1
十天,1
富信,1
清晨,1
系统,1
食则,1
要离,1
多力,1
揭穿,1
资料,1
晚,1
据统计,1
龙口市,1
奉送,1
康复,1
动物性,1
压榨,1
腹胀,1
妙,1
瞎,1
白发,1
值,1
罗纳,1
中老年人,1
相处,1
心理医生,1
口红,1
那套,1
要求,1
团子,1
错误,1
坊间,1
所说,1
多数,1
作战,1
南头,1
机箱,1
买非,1
之所以,1
苦心孤诣,1
19,1
花卉,1
碰撞,1
频,1
好喝,1
必修课,1
甲流,1
莲花,1
怒吼,1
希拉里,1
优简舒,1
易伤,1
社区卫生,1
鼠标,1
补种,1
毋庸置疑,1
聚拢,1
炒食,1
三类,1
发质,1
不让,1
铁,1
档案,1
复方,1
三分之二,1
藏,1
嗨,1
五大类,1
凤凰卫视,1
20160219,1
泡水,1
恐怕,1
夜磨牙症,1
辅以,1
平息,1
绝不,1
清楚,1
频谱,1
大鼓,1
农药,1
越莓,1
视觉,1
类型,1
洋葱,1
时常,1
吸引,1
一百多位,1
不舍,1
⑥,1
毛巾,1
给我发,1
惊醒,1
潜伏期,1
相冲,1
病因,1
名言,1
四是,1
吓唬人,1
各地,1
揪,1
腿,1
文件,1
一大早,1
分非,1
消炎,1
机,1
吸毒,1
中瑞树,1
冲突,1
向来,1
痉挛,1
污染物,1
朱剑,1
不淋水,1
惊奇,1
湿疹,1
默默地,1
吵吵,1
不免,1
船长,1
七八岁,1
少数,1
同步,1
熟悉,1
化工学院,1
耐力,1
干扰素,1
短时间,1
一贴,1
性型,1
我撑,1
过剩,1
一举两得,1
浦江,1
和平,1
试想,1
越强,1
变型,1
真的假,1
焦糖,1
极易,1
数字,1
洋快餐,1
好书,1
编林乐叶,1
吞入,1
半仙,1
试试,1
累计,1
还行,1
检疫局,1
监督机构,1
中哟,1
例外,1
新花样,1
首儿,1
小雪,1
一苗,1
快餐店,1
专家建议,1
不设,1
泉水,1
适宜,1
护,1
应向,1
拿入,1
快人,1
缓释,1
康恩贝,1
百天,1
指明,1
下一代,1
曾小喻喻,1
一一,1
穿着,1
贴出来,1
分子,1
不瘦,1
品尝,1
为数,1
永泰,1
眼角,1
外出,1
一体,1
专给,1
会流,1
38,1
蓝,1
秃顶,1
加以控制,1
这类,1
发达国家,1
豆浆,1
..............,1
永远,1
第二,1
爱读,1
营养师,1
一身,1
各种各样,1
那块,1
而言,1
热帖,1
292,1
官司,1
一切正常,1
在家,1
后忌,1
北上,1
吃点,1
式,1
服无,1
放松,1
应予以,1
区分,1
德国,1
兮兮,1
经验,1
高贵,1
引导,1
来访,1
负面,1
胶质,1
不覺,1
土壤,1
菜谱,1
正品,1
以毒攻毒,1
病夫,1
非金属,1
直至,1
挤压,1
两季,1
肺水肿,1
茶花,1
三年,1
几百倍,1
药说,1
圈,1
要忍,1
咽干,1
罗云波,1
代代相传,1
龙猫,1
286,1
君,1
用轻,1
生存环境,1
移民,1
伞,1
反弹,1
神共知,1
全程,1
两类,1
北方,1
断裂,1
882,1
颈椎,1
聊一聊,1
打个,1
难怪,1
洗脚,1
照样,1
激素水平,1
黄岛,1
新出,1
肿么样,1
汪喻忠,1
有利,1
皮中,1
万能,1
先不说,1
多牙,1
老妈,1
美国联邦调查局,1
298,1
正确认识,1
生子,1
学问,1
顺序,1
崩溃,1
复印机,1
谈转,1
呜,1
链,1
人权,1
送货,1
饭后,1
常用,1
防护服,1
烦躁,1
电厂,1
大肠杆菌,1
201111281315,1
色香味,1
事儿,1
种之多,1
日光灯,1
咕咕,1
芬芳,1
见效,1
小学,1
学了,1
纳兰无羁,1
捶打,1
辛辣,1
产前检查,1
抢夺,1
商机,1
20164258320,1
受伤害,1
抬高,1
公安部,1
往外,1
原,1
虚情假意,1
热带,1
平均,1
将会,1
财经,1
田昕,1
学业,1
实力,1
收缩,1
妈,1
病例,1
帼,1
转试,1
新浪网,1
调查报告,1
压迫,1
发病率,1
盘尼西林,1
智,1
灭,1
日报,1
相当于,1
范围,1
区县,1
呕吐,1
想必,1
缺,1
厨房用品,1
香菇,1
流着泪,1
按时,1
經歷,1
无心,1
峰峰,1
滘,1
老娘,1
智能,1
功效,1
当成,1
对待,1
电影,1
棕竹,1
治,1
加上,1
长见识了,1
妹想,1
屁股,1
均衡,1
危害性,1
称之为,1
给出,1
溶性,1
袋券后,1
取得,1
光波,1
助手,1
暖风,1
缩胸,1
烹,1
三大,1
涩女郎,1
亿亩,1
现代医学,1
本来,1
冷水浴,1
有机,1
加糖,1
高油,1
有运险,1
让座,1
思密达,1
共,1
大便,1
太胖,1
吃会,1
张燕,1
提供,1
生来,1
日子,1
更少,1
三盒,1
晚报,1
说出,1
所有人,1
亲子,1
异味,1
产检,1
百思,1
再度,1
虎尾兰,1
太近,1
父母,1
贴士,1
78,1
阮光锋,1
臭钱,1
抗原,1
小朋友,1
不顺,1
西路,1
国家标准,1
看不出,1
跟风,1
实现,1
自然界,1
提升,1
人才,1
再康大,1
主权,1
诸,1
撑,1
争论,1
锋,1
浸出法,1
不明,1
奉,1
主见,1
商业化,1
过敏反应,1
49,1
好点,1
非说,1
770730612,1
消息,1
密码,1
武亚文,1
哪有,1
释疑,1
百家,1
服有,1
经久不息,1
永恒,1
20149122300,1
类药物,1
赶走,1
权健,1
合成,1
锻炼身体,1
╮,1
回到,1
无籽西瓜,1
篇文章,1
20160426,1
前段时间,1
穴位,1
柠檬,1
告诉您,1
上熱,1
懂得,1
室内空气,1
失效,1
转转,1
王贵,1
薄荷,1
下才,1
大宝,1
洗浴,1
体育节,1
竞技,1
督,1
铁律,1
魅力,1
打印,1
诊治,1
主食,1
套,1
较大,1
不伤,1
近视,1
复发,1
鲜少,1
耳朵,1
唬,1
用到,1
侧边,1
還好,1
喝茶,1
点击,1
恩,1
个州,1
世面,1
太脏,1
后方,1
复杂化,1
爲,1
更加,1
們,1
澳贝,1
36,1
重现,1
真能,1
白烟,1
景天,1
吸肠,1
之上,1
纯洁,1
规律,1
罹患,1
售后,1
早安,1
停留,1
丙肝,1
叫做,1
不可或缺,1
农村,1
34,1
掉色,1
干痒,1
好办,1
而离,1
教科书,1
差不多,1
摆放,1
黄斑部,1
免疫抑制,1
士兵,1
学医,1
吸毒人,1
该书,1
篇,1
少吃肉,1
门卫,1
已知,1
有限,1
第九条,1
确需,1
车厢,1
放慢,1
理念,1
干细胞,1
失去,1
自限性,1
加快,1
电药煲,1
电脑桌面,1
▽,1
舌底,1
茶中,1
权威,1
俺,1
政解,1
或长,1
坏处,1
公共场合,1
酌情,1
十三,1
黄西,1
张仲景,1
有的是,1
小白属,1
不信,1
拉黑,1
刺梅,1
妹纸,1
萍姐,1
穷,1
学唱,1
高糖,1
严格要求,1
制造者,1
尿道感染,1
尿,1
替,1
加热,1
周五,1
公生,1
原型,1
头晕,1
地去,1
喽,1
一针,1
300049000,1
禽类,1
呵护,1
北,1
生完,1
易患,1
唯我独尊,1
张蕴强,1
秘诀,1
实践,1
有事,1
美国法院,1
伤,1
同款,1
态度,1
化解,1
意大利,1
衣,1
致死率,1
一臂,1
客户,1
并存,1
便,1
死亡率,1
汇,1
回答,1
⑦,1
撒娇,1
有钱有势,1
可想而知,1
第五日,1
赚,1
免受,1
转基,1
大病,1
种子,1
不愿,1
慎服,1
糊,1
婚后,1
品中,1
贱民,1
忽略不计,1
洁癖,1
惊爆,1
998,1
胆寒,1
健康人,1
葡萄,1
艾滋,1
省道,1
银,1
1980,1
便于,1
可可,1
信赖,1
逼出来,1
冷静下来,1
磨到,1
重大,1
黄志凤,1
特大,1
冰块,1
免,1
黄,1
热量,1
炎炎夏日,1
难受,1
每個,1
打架,1
乃至,1
住院治疗,1
肉含,1
微帮,1
人用,1
做血滤,1
人伦,1
布来尔,1
甲型,1
滋补,1
级,1
实体店,1
酵,1
两袋,1
冬天,1
搬运,1
不可多得,1
烘焙,1
3946325408041,1
六神丸,1
未必,1
侵害,1
除以,1
理性,1
娃,1
相反,1
台词,1
导读,1
易感,1
玉兰,1
家人,1
依赖性,1
孕期,1
多见于,1
遵循,1
六,1
八天,1
过招,1
中药,1
送到,1
氨,1
代言,1
没什么,1
吴明璨,1
养着,1
喂食,1
维持,1
发了,1
河北省,1
无人,1
增强体质,1
懒人,1
纯净度,1
受伤,1
抓,1
化烟,1
石景,1
一致,1
大连,1
230,1
陪,1
冰糖水,1
铁线蕨,1
食用量,1
否认,1
前年,1
上市,1
多么,1
谨慎,1
肥皂,1
保护环境,1
政府,1
總,1
自爱,1
辐射线,1
红糖,1
微量元素,1
今晚,1
惊天,1
视网膜,1
他人,1
乱,1
死机,1
非法,1
死去,1
不利因素,1
百城,1
不靠,1
医务人员,1
常受,1
证,1
如今,1
交通安全,1
太窄,1
全,1
处在,1
减肥茶,1
多发,1
普及,1
2016,1
收藏,1
傻不拉几,1
显示器,1
谨防,1
养花,1
赵,1
杨幂,1
空气清新,1
辣椒,1
治病,1
好吃,1
事实证明,1
卫生部门,1
猪,1
」,1
生不出,1
失望,1
2013,1
特级,1
霉菌,1
代码,1
清洁器,1
去年同期,1
要不然,1
常有,1
金夫人,1
再说,1
时期,1
夸张,1
随身,1
桶,1
清香,1
块钱,1
井冈山,1
胸,1
范,1
未能,1
一块,1
仇,1
充满,1
激光,1
无奈,1
吓住,1
排放,1
炸,1
半个,1
愿意,1
头,1
生产,1
秋末,1
丛林,1
大米,1
不怕,1
慢毒,1
近几日,1
哼,1
高盐,1
房地产,1
安小慧,1
大图,1
鼻屎,1
图表,1
9745,1
疾病防治,1
数码相机,1
能同,1
常态,1
胃肠功能,1
财,1
加,1
臭,1
反科学,1
麻烦,1
幽默,1
下毒,1
位,1
体能,1
算算,1
人生,1
自魅族,1
尚,1
一套,1
神器,1
喹诺酮,1
每人每天,1
那点,1
气滞,1
延长,1
燃烧,1
艾么,1
罪魁祸首,1
不可避免,1
888,1
奶可,1
人气,1
神经质,1
百搭,1
微小,1
荷,1
三氯,1
先生,1
基因,1
眼药,1
众多,1
除异味,1
装,1
累券,1
君子兰,1
创造,1
做出,1
钙,1
真理,1
既,1
可医,1
嫁出去,1
之旅,1
无异于,1
艾烟来,1
秀,1
无线网络,1
咋样,1
不够,1
╰,1
上来,1
鸡,1
命不长,1
临近,1
生是,1
规程,1
20150704,1
提到,1
借此,1
玉泉路,1
投票,1
我者,1
奥运会,1
不已,1
中过,1
有没有,1
更会,1
日照,1
陷入,1
蔗糖,1
多得,1
痢疾,1
辣条,1
马克,1
美等国,1
监护,1
吐个,1
监测数据,1
机构,1
背部,1
泛滥,1
润喉片,1
呈,1
荷兰豆,1
血条,1
五一,1
持续增长,1
甜玉米,1
后者,1
李安民,1
别有用心,1
鼻和口,1
心胸,1
减脂,1
日后,1
极端,1
挺大,1
等易感,1
过厚,1
万人,1
塞拉,1
据说,1
骨瘤,1
这货,1
脱离,1
纹,1
无菌室,1
频率,1
前会,1
新川路,1
平和,1
菌群失调,1
立场,1
循环,1
完善,1
理解,1
难求,1
丰个,1
害处,1
筒子,1
反季节,1
算是,1
多人,1
领,1
相害,1
黄连素,1
通吃,1
424201411719301,1
片剂,1
联邦,1
忠告,1
加工,1
牵出,1
文竹,1
纯净,1
记载,1
宝妈,1
炉子,1
医嘱,1
虽多,1
作怪,1
适用,1
方舟子,1
当然,1
小金库,1
尽量少,1
批量,1
万一,1
均,1
郑,1
单说,1
太阳镜,1
小子,1
體諒,1
命,1
回顾,1
宁愿,1
生冷,1
气体,1
超萌,1
知,1
三里屯,1
用武之地,1
甚微,1
导,1
一位,1
跟踪,1
麻麻,1
负,1
刑事责任,1
血糊,1
有点像,1
搜索,1
150,1
源头,1
植入,1
体,1
文化,1
抹黑,1
起床,1
昨日,1
爽身粉,1
非买,1
兴趣,1
95,1
百步穿杨,1
噪音,1
多点,1
140,1
避孕药,1
笔者,1
强化,1
营养成分,1
伴有,1
皇后,1
吸进,1
防总,1
全世界,1
患处,1
高空作业,1
试,1
规划,1
街,1
研究者,1
肠胃炎,1
诡异,1
捡起,1
脚,1
久,1
亲身经历,1
知晓,1
饮酒,1
精,1
人民网,1
代理,1
凉性,1
菜,1
铜,1
偏偏,1
眼内,1
木耳,1
凉水,1
办事处,1
茁壮成长,1
招远,1
资格证,1
八名,1
够,1
游泳圈,1
可悲,1
满头,1
居然,1
微粒,1
全靠,1
探酸,1
西,1
俱全,1
耳机,1
住,1
這,1
乃,1
媒体报道,1
出版社,1
必将会,1
处理,1
总支,1
黄绿色,1
长短,1
新闻报道,1
田梦西,1
足部,1
资格,1
十几种,1
花青素,1
二到,1
美好,1
一勺,1
要死,1
粟粒型,1
法藤,1
尽量避免,1
北影,1
乖宝宝,1
纯中药,1
新浪,1
科学界,1
薄款,1
古皂,1
标准,1
一道,1
疝气,1
愿,1
哪来,1
各位朋友,1
低下,1
小麻烦,1
青霉素,1
马桶,1
埋,1
好的开始,1
恢复,1
走出,1
沙湾,1
防晒,1
康恩,1
美丽,1
稳湿,1
国产,1
地址,1
过敏者,1
退热,1
还价,1
人士,1
坐立,1
变窄,1
个家,1
并不等于,1
蔓,1
消化液,1
费劲,1
据介绍,1
正确,1
等离子,1
夏,1
八大,1
年长者,1
结婚,1
2015,1
雪梨,1
长毛,1
限度,1
受寒,1
亲朋好友,1
区域性,1
心情,1
解放军,1
入微,1
一美小,1
穷人,1
骨髓,1
装防,1
201611318081,1
砂锅,1
完美主义,1
碎,1
╭,1
需带,1
波多黎各,1
六日,1
太阳光,1
先声,1
坏掉,1
甲鱼,1
杭州,1
研制,1
耳食之言,1
期待,1
猛然,1
各人,1
抽象,1
我家,1
几枪,1
京,1
20140824,1
玩具,1
鲱鱼,1
不停,1
极少,1
201563018511,1
噢,1
万物,1
瘦到,1
甘平,1
衣服,1
三日,1
致力于,1
手记,1
怪不得,1
责怪,1
巧合,1
倾情,1
不变,1
後,1
用后,1
较强,1
别长,1
试问,1
灵活运用,1
州,1
偿命,1
想当然,1
高出,1
揭开,1
侵入,1
凡事,1
面纱,1
面积,1
烟台,1
治疗仪,1
大马路,1
暖巢,1
龟背竹,1
装作,1
不暖宫,1
老一辈,1
扯蛋,1
摘录,1
心肺,1
牢牢,1
体弱,1
床头,1
自古,1
噗,1
世间,1
榜,1
粗养,1
这五种,1
行贿受贿,1
童亡,1
正规,1
足量,1
成年人,1
各类,1
桌子,1
心血管病,1
┊,1
盛恼,1
十年,1
字号,1
罐,1
件,1
舆情,1
办公桌,1
科技,1
柳叶刀,1
催不熟,1
男生,1
出卖,1
统计,1
孜孜不倦,1
黄色,1
毒物,1
清溪,1
抵制,1
好帮手,1
湖北省,1
恰当,1
享受,1
伟大,1
试过,1
满月,1
算,1
不相称,1
妇科炎症,1
弥天大谎,1
常常,1
从小到大,1
润肠,1
团长,1
粤,1
主力军,1
编造,1
身兼数职,1
怪味,1
斯坦福大学,1
区,1
不會,1
心爱,1
饿死,1
敢,1
文中说,1
保健作用,1
重则,1
抢购,1
多多,1
按语,1
三十年,1
充电式,1
云水,1
牙疼,1
裂解,1
钢圈,1
肌肉组织,1
卡桑,1
大暴雨,1
341382038,1
嫩绿,1
受罪,1
皂,1
街道,1
灵鑫玺,1
利并,1
佳品,1
此,1
素颜上,1
滴剂,1
从省,1
又名,1
比尔,1
神秘,1
接着,1
停止,1
稳定,1
酒,1
合作,1
尼克索,1
两天,1
矿物质,1
归,1
黑米,1
唯,1
后及,1
法尔科,1
食药,1
魔,1
由大磨,1
观赏价值,1
发育不良,1
枪,1
故事,1
器机,1
健康成长,1
针剂,1
液晶,1
男朋友,1
困倦,1
淄川,1
歧视,1
另,1
试行,1
小张,1
讨论,1
智障,1
意识,1
哈里波特,1
水质,1
路可选,1
早已,1
酸,1
经常出现,1
黄等,1
或许,1
点菜,1
参考,1
注射液,1
轻则,1
汕头,1
电热毯,1
优化,1
各国,1
为主,1
另一半,1
易感者,1
居心叵测,1
石磨,1
一家,1
王于,1
恨,1
可怜,1
引人注目,1
等等等等,1
显著,1
都市,1
雨,1
空运,1
认证,1
217,1
上传,1
惩罚,1
耐心,1
谣言止于,1
清,1
状态,1
欧阳,1
何不,1
做个,1
杀伤力,1
憋,1
扰乱,1
糊弄,1
萝卜丝,1
送服,1
泥土,1
陌生,1
难免,1
重复,1
做鑫玺,1
挤车,1
致残率,1
一堂,1
可能性,1
比不防,1
投诉,1
接受,1
自金,1
茶叶,1
此文,1
抵挡,1
年代,1
丶,1
高涨,1
01,1
东亚,1
虎,1
深圳,1
烹调,1
甲状腺,1
未到,1
角色,1
柠檬黄,1
挖,1
群中,1
倒,1
烂种,1
买家,1
肥,1
编者按,1
创客,1
仪器,1
推断,1
残害,1
坚称,1
悬铃归木,1
起身,1
降解,1
美观,1
逝世,1
壶,1
小孔,1
一半,1
酸碱,1
吸住,1
障碍,1
东,1
遗传性,1
亮丽,1
一诺,1
热性,1
熟,1
内蒙古,1
豆类,1
努力,1
风景,1
字样,1
平反,1
╯,1
幽默感,1
为此,1
基金会,1
小宇,1
帽,1
令人瞩目,1
利益,1
盐,1
朝阳,1
1002,1
西塔,1
同属,1
和谐,1
权利,1
二重,1
控烟,1
幻想,1
意,1
老化,1
动气,1
少于,1
皮肤过敏,1
手掌,1
大豆油,1
新品,1
烯,1
点缀,1
虚弱,1
陈毅,1
孕,1
拉痢,1
河南,1
好几样,1
珍惜,1
微商痛,1
大脑,1
得利,1
母猪,1
粗纤维,1
泻药,1
类固,1
提倡,1
增多,1
福,1
大门,1
番禺,1
头晕眼花,1
黄芪,1
气死,1
时尚,1
片瓶,1
这条,1
二物,1
几倍,1
长大,1
异地,1
补打,1
天生,1
13000,1
壅,1
玩耍,1
知食,1
不离,1
弹情,1
讨厌,1
季度,1
笛,1
环,1
螺杆菌,1
打电话,1
终究会,1
本次,1
公交,1
丑八怪,1
教师,1
七贤,1
国人,1
有所不同,1
冬枣,1
减,1
及早,1
反射,1
痛,1
医师,1
巾,1
委屈,1
影,1
伤神,1
300,1
麦克马斯特,1
血亏,1
闭经,1
主机,1
知识面,1
残,1
参加,1
追诉,1
鸡属,1
药量,1
爱好者,1
热点,1
捏,1
损失,1
坚定,1
接,1
操纵,1
高低,1
地球,1
标明,1
价格昂贵,1
碳水化合物,1
⑩,1
阴谋,1
预防措施,1
身份,1
艾滋病,1
低谷,1
脾氣,1
深处,1
主页,1
小儿麻痹症,1
那类,1
搞笑,1
病灾,1
打卡,1
低剂量,1
膨化食品,1
随时,1
过激,1
....,1
疑凶,1
计划,1
撒盐,1
伪科学,1
痔疮,1
佩戴,1
遮挡,1
酸辣,1
模型,1
二战,1
受孕,1
松花蛋,1
黄有凤,1
英国,1
对不起,1
不良,1
饱和,1
老年痴呆症,1
霾,1
火爸,1
少用,1
依赖,1
穿盖,1
古人,1
室内外,1
少惹,1
二代,1
39.9,1
人因,1
脂肪,1
结核菌,1
转帖,1
广播电台,1
游戏,1
撒谎,1
粗生,1
啥样,1
39463254080,1
警示,1
放假,1
病残,1
肉类,1
食均,1
小时候,1
妥善,1
销售,1
水送,1
衍生物,1
医学会,1
包容,1
20162017,1
65279,1
团队,1
赵偲容,1
我們,1
顾客,1
多价,1
高效,1
免疫能力,1
69,1
语,1
园,1
腰背,1
鲜绿,1
嘛,1
看样子,1
太多,1
人渣,1
萝卜,1
惹不起,1
小龙虾,1
灭绝,1
限制,1
点儿,1
李雪,1
同食易,1
段子,1
嗷,1
基本知识,1
满足,1
屏障,1
238,1
.......,1
劈,1
奥巴马,1
踏入,1
命名,1
画报,1
初,1
沉渣泛起,1
思考,1
正好,1
血液循环,1
夹,1
竟然,1
随,1
强推,1
飘渺,1
黑幕,1
20102014,1
6320152016,1
常服,1
深信不疑,1
遥远,1
