、,391
是,388
？,344
会,303
儿童,263
在,212
！,197
有,190
和,184
导致,172
转基因,157
吃,154
对,152
谣言,143
都,140
健康,131
吗,124
辐射,124
不,115
也,109
...,109
抗生素,108
接种,107
就,106
与,105
中,103
产生,101
食物,99
等,92
孩子,90
食品,89
流感,89
色素,88
使用,83
细菌,82
能,80
要,77
；,77
磨牙,74
经期,73
人,72
流感疫苗,72
疫苗,71
相克,68
没有,66
.,66
就是,64
人工,64
但,60
人体,59
有害,58
香蕉,58
感染,56
被,56
可以,56
洗头,56
让,55
泡面,54
影响,53
到,53
》,53
这些,52
或,52
研究,51
我们,51
可能,51
《,50
不能,50
不要,49
多,49
催熟,48
性早熟,48
说法,48
说,47
危害,46
致癌,46
她,46
安全,45
多动症,44
如果,44
用,43
1,42
引起,42
上,41
注意,40
饮料,39
大,39
发生,38
给,37
仙人掌,36
着,36
吵架,36
减肥,36
小,36
女人,36
造成,36
容易,35
里,35
夜里,35
喝,35
可,35
将,34
电磁辐射,34
称,34
中国,34
专家,34
大豆,34
日常生活,34
肉碱,33
蚊子,33
预防,33
一些,33
流言,33
不是,33
问题,33
日常,32
癌症,32
不会,31
宝宝,31
为,31
那么,31
这种,31
出现,31
电脑,31
2,31
左旋,31
白血病,31
粉碎机,30
3,30
严重,30
下降,30
后,30
其实,30
这个,30
手机,30
月经,29
易,29
来,29
死亡,29
下,29
一个,29
肚子,29
有效,28
患癌,28
因此,28
应该,27
想,27
生活,27
使,27
这样,27
感冒,27
耐药性,27
因为,26
身体,26
天,26
们,26
提醒,26
期间,26
蛔虫,26
真相,25
需要,25
流行,25
表明,25
植物,25
大量,25
眼药水,25
好,25
得,25
岁,24
最,24
美国,23
传播,23
甚至,23
农业部,23
于,23
果壳,22
一包,22
不育,22
腹泻,22
产品,22
作用,22
过,22
发现,22
解毒,22
食用,22
不吃,22
个,22
肝脏,22
看,21
体内,21
很多,21
还有,21
疾病,21
乙烯,21
生气,21
人们,21
年,21
玉米,21
爱,21
还是,21
成为,21
孕妇,20
小孩,20
而且,20
网,20
人群,20
科学,20
减少,20
风险,20
能力,20
女性,20
致病菌,19
32,19
症状,19
4,19
含有,19
辟谣,19
发育,19
月,19
一起,19
一定,19
环境,19
欧美人,19
啊,19
其他,19
主要,18
却,18
天然,18
拍,18
无,18
从,18
药物,18
高,18
患者,18
显示,18
证据,18
防辐射,18
如,18
不少,18
跟,17
情况,17
流感病毒,17
5,17
实验,17
治疗,17
增加,17
有关,17
抗药性,17
摄入,17
滥用,17
没,17
病毒,17
降低,16
医生,16
应,16
营养,16
特别,16
普通,16
条,16
每天,16
破解,16
相信,16
一,16
为了,16
请,16
比,16
但是,16
致,16
流传,16
只有,15
以下,15
男人,15
鸡蛋,15
服用,15
8,15
同吃,15
戳,15
芹菜,15
草甘膦,15
做,15
多喝水,15
子宫,15
新,15
这里,15
前,15
包括,15
能吸,15
这是,15
皮肤,14
如何,14
不孕,14
传染病,14
每年,14
正常,14
及,14
患,14
预防接种,14
​,14
家长,14
咖啡,14
因,14
7,14
发布,14
而是,14
补水,14
含,14
去,14
再,14
物质,14
是否,14
因素,14
能够,14
真菌,14
他们,13
假,13
且,13
带来,13
百科,13
危险,13
·,13
当,13
原因,13
存在,13
然而,13
需,13
避免,13
功能,13
非常,13
不应,13
日,13
黑,13
这么,13
强度,13
或是,13
伤害,13
接触,13
不仅,13
虽然,13
糖果,13
多种,13
表示,12
精子,12
科学家,12
最近,12
酸奶,12
所,12
季节,12
活力,12
吸血,12
寒湿,12
利用,12
行为障碍,12
会得,12
其,12
排毒,12
人工合成,12
超过,12
玻璃,12
杀死,12
低,12
为什么,12
智力,12
禁忌,12
蜂蜜,12
形成,12
信,12
引发,12
觉得,12
认为,12
流产,12
老年人,12
就要,11
学步车,11
指数,11
少,11
内,11
经过,11
毒素,11
重金属,11
商家,11
走,11
尸体,11
官员,11
秒,11
老婆,11
磁场强度,11
来说,11
新闻,11
进入,11
安全性,11
桌面,11
内部,11
走路,11
真正,11
把,11
或者,11
颜色,11
价,11
残骸,11
10,11
效果,11
维生素,11
免疫力,11
电,11
证明,11
报道,11
打烂,11
利,11
概念,11
自身,11
远远,11
12,11
抗,10
细胞,10
优惠券,10
耐药,10
化学,10
方便面,10
增强,10
害死,10
一下,10
医学,10
损害,10
度,10
世卫,10
距离,10
建议,10
已,10
还会,10
虾,10
现代,10
现在,10
搭配,10
买,10
时间,10
盛怒,10
通过,10
事实上,10
电器,10
出,10
常见,10
空气,10
已经,10
才,10
吸收,10
非,10
别人,10
电磁波,10
寄生虫,10
究竟,10
驱虫,10
其中,10
今天,10
机会,10
黄瓜,10
种,10
剂量,10
事件,10
进行,10
超级,9
污染,9
有些,9
误区,9
育儿,9
一直,9
防腐剂,9
人类,9
溶解,9
用药,9
卵巢囊肿,9
经常,9
保护,9
致癌物,9
鸡肉,9
具有,9
所有,9
痛经,9
方法,9
小时,9
科普,9
指尖,9
吸,9
不用,9
微信,9
针对,9
6,9
领券,9
流失,9
教会,9
肌瘤,9
微,9
性,9
中毒,9
过多,9
敏感,9
回应,9
日本,9
尤其,9
么,9
变异,9
诱惑,9
发热,9
饮食,9
生命,9
所谓,9
听说,9
审批,8
比如,8
条件,8
有人,8
季节性,8
激素,8
容,8
科学研究,8
临床,8
公开,8
老鼠,8
暴露,8
成分,8
人员,8
致病,8
恐惧,8
过程,8
只,8
记住,8
放盆,8
近日,8
蛋糕,8
免疫,8
多少,8
从而,8
相关,8
选择,8
双眼,8
看看,8
杀灭,8
月经期,8
消费者,8
评价,8
起,8
千万别,8
流行性,8
变,8
完,8
直接,8
调节,8
方式,8
受,8
不断,8
高发,8
肠道,8
病,8
变得,8
声称,8
适合,8
正在,8
可致,8
水,8
基站,8
死,8
猪肉,8
太,8
添加,8
即,8
您,8
网传,8
最广,8
绿萝,8
等等,8
零食,8
文章,8
乳腺,8
详细,8
类似,8
程度,8
上午,8
并发症,8
肌肉,8
答案,8
只要,8
方便,7
开始,7
医院,7
分泌,7
心理,7
夏天,7
很快,7
重要,7
仅,7
例假,7
巨大,7
小心,7
9,7
效应,7
抗体,7
锌,7
动物,7
你们,7
大姨妈,7
报告,7
同食,7
欧美,7
总是,7
小儿,7
组织,7
没用,7
即使,7
吊兰,7
变成,7
转发,7
不同,7
进食,7
起来,7
慢性病,7
提示,7
恐慌,7
美容,7
香港,7
牛奶,7
常会,7
哪些,7
生物制品,7
北京,7
据,7
现象,7
证实,7
确实,7
100,7
想要,7
喝水,7
咖啡粉,7
损伤,7
居住,7
必要,7
化疗,7
限值,7
几乎,7
安检,7
本身,7
相生,7
蚕豆,7
以及,7
说明,7
急性,7
聚苯乙烯,7
自,7
油,7
疗程,7
有害物质,7
富含,7
碗装,7
镜子,7
片,7
若,7
妇女,7
并未,7
自然,7
含铅,7
睡觉,7
制造商,7
常识,7
由,7
过敏,7
者,7
吸引力,7
朋友,7
科学依据,7
社会,7
工作,7
表,6
电离辐射,6
弹,6
青,6
药,6
终于,6
转,6
一名,6
伪,6
还要,6
上皮,6
果农,6
包含,6
之,6
别,6
凤凰卫视,6
平衡,6
之内,6
成,6
结果,6
可使,6
锻炼,6
变弱,6
在内,6
菌群,6
糖,6
该,6
抵抗力,6
朋友圈,6
担忧,6
勤,6
杯状,6
干眼症,6
它们,6
难以,6
家用电器,6
忽悠,6
射频,6
次,6
脊髓灰质炎,6
呼吸道,6
服,6
正,6
除了,6
公共,6
看不见,6
来源,6
继续,6
酱油,6
我国,6
高危,6
轻轻,6
两种,6
一般,6
微波炉,6
防,6
那些,6
女友,6
24,6
桌面上,6
生理,6
名单,6
水痘,6
清洁,6
遇到,6
白菜,6
拍死,6
公众,6
致死,6
反而,6
驱虫药,6
柿子,6
表现,6
今日,6
内容,6
中医,6
冷面,6
杆菌,6
可怕,6
才能,6
眼睛,6
排血,6
全国,6
打,6
13,6
健,6
爬,6
则,6
老人,6
某些,6
毫无,6
无法,6
放心,6
生长,6
到底,6
知识,6
肯定,6
倘若,6
胶原蛋白,6
57,6
角膜,6
各位,6
抗氧化剂,6
怀孕,6
市场,6
体质,6
减轻,6
结膜,6
指出,6
叫,6
中有,6
带,6
电磁场,6
紫菜,6
民间,6
20,6
常喝,6
日落黄,6
遗传,6
心跳,5
事实,5
冷不冷,5
更好,5
镜,5
宣布,5
红,5
彻底,5
家用,5
烤,5
啥,5
雾,5
应用,5
就让,5
小白鼠,5
药剂,5
撕,5
试验,5
结论,5
弱,5
呵呵,5
潜藏着,5
调查,5
近,5
昨天,5
释放,5
注射,5
地铁,5
霾,5
未,5
东阳,5
照,5
2011,5
抗癌,5
睡眠,5
呀,5
汽油,5
靠,5
茶多酚,5
曝露,5
■,5
肿瘤,5
人前,5
决定,5
许多,5
净化,5
恐怖,5
一条,5
关键,5
毒品,5
先,5
拯救,5
随着,5
低于,5
进,5
垃圾,5
喜欢,5
型,5
例如,5
真,5
麻疹,5
液会,5
碗,5
材质,5
检测,5
细节,5
转载,5
预测,5
卖,5
以,5
较,5
及时,5
塑料,5
受到,5
谱,5
男女,5
芦荟,5
网络,5
一段时间,5
春季,5
过滤器,5
根本,5
更换,5
类,5
混悬,5
免疫系统,5
成熟,5
新宠,5
咳嗽,5
话,5
公交车,5
啦,5
这回,5
噬菌体,5
了解,5
螃蟹,5
不仅仅,5
防止,5
味道,5
寨,5
耸人听闻,5
不宜,5
放在,5
观点,5
装扮,5
激素类,5
枸杞,5
详情,5
症,5
每次,5
茶,5
女儿,5
兴奋,5
担心,5
养生,5
全部,5
如此,5
看见,5
68,5
氧气,5
布洛芬,5
不想,5
广东,5
浴室,5
上帝,5
洗澡,5
快,5
儿童智力,5
她们,5
致命,5
洗,5
完全,5
有所,5
油炸,5
事,5
正式,5
欺骗,5
西医,5
经济,5
紫外线,5
66,5
消息,5
武器,5
出生,5
看到,5
切勿,5
之间,5
一旦,5
省钱,5
成像,5
卡,5
作物,5
控制情绪,5
药效,5
世界卫生组织,5
以上,5
平时,5
几率,5
同样,5
矿泉水,5
鲜艳,5
仙人球,5
迅速,5
吸掉,5
造谣,5
血型,5
话题,4
回家,4
弄清楚,4
煽动,4
困扰,4
网站,4
实际上,4
并非,4
大学生,4
院士,4
关心,4
..,4
关注,4
眼部,4
炎症,4
灰质,4
风疹,4
做好,4
女孩子,4
总,4
商业,4
失调,4
春节,4
戴,4
食盐,4
加大,4
躺,4
不妨,4
角度观察,4
食品安全,4
至,4
西瓜,4
腮腺炎,4
千万,4
肠胃,4
上述,4
瓶,4
适当,4
抑郁,4
分钟,4
别说,4
关乎,4
高温,4
残留,4
密切,4
迟缓,4
讲究,4
月生,4
休息,4
卡介苗,4
千倍,4
提到,4
菌,4
防护,4
崔永元,4
查查,4
一部分,4
季,4
通讯,4
时请,4
很难,4
年度,4
用品,4
超市,4
小于,4
纠错,4
注意事项,4
歪曲,4
傻,4
办法,4
做做,4
心脏,4
益生菌,4
抵抗,4
方面,4
越来越,4
双向,4
准则,4
某,4
高风险,4
重点,4
盆栽,4
23,4
指导,4
越,4
道理,4
大学,4
只是,4
施用,4
保证,4
嗜血,4
电时,4
新鲜,4
°,4
食安,4
发言人,4
记得,4
明显,4
动作片,4
神经系统,4
杂志,4
=,4
那种,4
高发期,4
无效,4
星期,4
炒作,4
威胁,4
反正,4
不了,4
值得,4
大鼠,4
宣传,4
毫克,4
按,4
周围,4
电子设备,4
48,4
无关,4
浪潮,4
狗肉,4
代谢,4
全文,4
言论,4
牙刷,4
蒙,4
胶囊,4
长久,4
合理,4
福岛,4
出来,4
相关性,4
相互,4
94,4
信号,4
逼,4
对付,4
50,4
指,4
抗辐射,4
公共场所,4
深层,4
作为,4
相比,4
冲泡,4
身边,4
发烧,4
感染率,4
睡前,4
三个,4
一篇,4
胎儿,4
券后,4
加速,4
吸走,4
花青素,4
腥臭味,4
依据,4
每个,4
酶,4
简单,4
荔枝,4
爱因斯坦,4
嚼,4
活动,4
等于,4
家庭,4
一盆,4
帮助,4
站,4
妈妈,4
善后,4
百度,4
点,4
别以为,4
手指,4
环绕,4
更衣室,4
18,4
按照,4
服药,4
黄芽菜,4
类别,4
法,4
同,4
寒,4
需求,4
后果,4
惹,4
措施,4
美,4
比较,4
刺激,4
肚里,4
大脑,4
保持,4
是因为,4
帽子,4
五联,4
累积,4
就算,4
孟山都,4
物,4
肚里蛔虫,4
尽,4
广西,4
不好,4
制造,4
彩虹,4
破伤风,4
无益,4
不同于,4
倍,4
白喉,4
留言,4
存活率,4
化学物质,4
红酒,4
有毒,4
称为,4
旅行,4
大概,4
抗污染,4
精神,4
生成,4
早期,4
更是,4
一天,4
公民,4
菌株,4
广泛,4
流脑,4
咋,4
唯一,4
中国工程院,4
适量,4
种植,4
安徽,4
时会,4
肉,4
增大,4
风力,4
胸部,4
名叫,4
剩一格,4
原子弹,4
得到,4
有益,4
族,4
医学界,4
达到,4
率,4
通用,4
控制,4
建立,4
通常,4
波波,4
素养,4
传说,4
65,4
关爱,4
年纪,4
不良反应,4
属于,4
量,3
咯,3
放射,3
地震,3
蛮,3
加热,3
不知,3
之前,3
发财树,3
花生,3
加入,3
以后,3
感冒药,3
摄影,3
此外,3
隔,3
一封信,3
上班,3
机体,3
早就,3
瘦身,3
解释,3
辐射性,3
饭后,3
下班,3
提,3
一句,3
贴心,3
摄入量,3
无需,3
电视机,3
几个,3
30,3
人为,3
肺炎,3
个人,3
高热量,3
回来,3
生长发育,3
缺乏,3
造势,3
美味可口,3
猪肝,3
口,3
基本,3
保健品,3
性功能,3
39,3
11,3
汤臣,3
四种,3
障碍,3
不亚于,3
课堂,3
哺乳动物,3
近期,3
抢,3
提前,3
计算机,3
小贴士,3
次数,3
犯法,3
一览,3
橙汁,3
通风,3
多年,3
密码,3
毒性,3
告诉,3
至少,3
澳洲,3
模式,3
百害,3
守护,3
之后,3
瓶装水,3
口罩,3
银耳,3
再次,3
回复,3
规避,3
化,3
发,3
无处不在,3
随意,3
半夜,3
最后,3
二,3
一点,3
预,3
争议,3
后会,3
膳食,3
有无,3
考虑,3
％,3
令值,3
斤,3
原文,3
前往,3
六一,3
野生,3
晚餐,3
1010,3
郑州,3
贴,3
太早,3
威,3
指南,3
京报,3
有效性,3
旅客,3
慢性,3
元旦,3
造成危害,3
有害物,3
下面,3
首选,3
美食,3
家居,3
半小时,3
鑫玺,3
今年,3
密集,3
获得,3
国内,3
洪水猛兽,3
联合,3
瘦,3
不爽,3
有意思,3
促进,3
后患无穷,3
系列,3
事情,3
赶紧,3
具体,3
抗药,3
鼓励,3
女生,3
数据,3
冬季,3
偶然,3
真实,3
当年,3
①,3
绿豆,3
拉肚子,3
受益,3
月牙,3
曾,3
五颜六色,3
涨,3
如玉,3
添加剂,3
连,3
保存,3
2012,3
姿势,3
市民,3
纷纷,3
怎样,3
多重,3
欢迎,3
车,3
滴水,3
均衡,3
射线,3
多起,3
甲醛,3
别信,3
大于,3
另外,3
消化道,3
360,3
蒂,3
体重,3
办公室,3
想到,3
联系,3
海参,3
气会,3
检验,3
增生,3
等同于,3
错,3
陶瓷,3
堆积,3
真有,3
希望,3
学习,3
坐,3
益处,3
虎皮,3
大小,3
有点,3
类型,3
那里,3
番茄,3
马铃薯,3
冤枉,3
无药,3
阳光,3
大约,3
图片,3
60,3
伪装成,3
荷尔蒙,3
机率,3
百日咳,3
上限,3
呸,3
漂亮,3
常规,3
调节剂,3
眼,3
绿油油,3
一样,3
图,3
篇,3
的话,3
十恶不赦,3
成人,3
超,3
青少年,3
过饱,3
行为,3
远离,3
尧都区,3
找到,3
揭秘,3
当季,3
设备,3
眼镜,3
16,3
路由器,3
黏糊糊,3
致病性,3
符合标准,3
左右,3
四环素,3
生后,3
好看,3
环保,3
煎炸,3
烧,3
重物,3
2017,3
拉,3
果,3
很长,3
新型,3
调理,3
办公,3
瘀,3
病人,3
阅读,3
畸形,3
无视,3
介绍,3
专业,3
毫无根据,3
女朋友,3
加班,3
规范,3
冷饮,3
我省,3
二氧化碳,3
助消化,3
......,3
疼,3
质疑,3
采用,3
产物,3
相生相克,3
凡,3
缩小,3
兰,3
否则,3
满,3
不足,3
学生,3
部位,3
足以,3
大肠,3
核辐射,3
之类,3
营养学,3
心脏病,3
记者,3
荷叶,3
骗,3
冷,3
桃子,3
卫士,3
期,3
蓝鲸,3
坑,3
很大,3
全是,3
不利于,3
处理,3
频繁,3
食材,3
女孩,3
性激素,3
家电,3
分析,3
生病,3
四大,3
误解,3
菌苗,3
国外,3
绝大多数,3
水果,3
断章取义,3
逐渐,3
芬妮,3
72,3
幼儿,3
绝对,3
而已,3
群众,3
打印机,3
打喷嚏,3
广大,3
海水,3
25,3
车内,3
远,3
加剧,3
真需,3
抑制,3
可是,3
护眼,3
强调,3
只不过,3
暂缓,3
广为流传,3
主流,3
制作,3
欧洲,3
公布,3
三杯,3
微生物,3
两个,3
儿童节,3
现代人,3
木瓜,3
有助于,3
白内障,3
强,3
夜磨牙症,3
摸,3
五种,3
水平,3
些,3
各个,3
店主,3
结核病,3
51,3
繁衍,3
自动,3
意味着,3
药品,3
输入,3
令,3
体弱者,3
要求,3
虫子,3
最坑,3
扩散,3
只能,3
也就是说,3
难度,3
历史,3
失联,3
株,3
存留,3
久之,3
下来,3
盲目,3
家中,3
一类,3
必须,3
特定,3
负离子,3
不必,3
包装,3
爆发,3
妇科疾病,3
豆腐,3
5.5,3
个案,3
医师,3
听,3
面对,3
口腔,3
无害,3
统统,3
当时,3
后代,3
青睐,3
粉尘,3
变小,3
肺炎球菌,3
进口,3
尽量,3
玩,2
总量,2
迄今为止,2
单一,2
禁止,2
一个月,2
匠心,2
查看,2
官商勾结,2
整形,2
涉及,2
0,2
润,2
功效,2
鼻塞,2
伴有,2
蛋白,2
揭示,2
心理因素,2
第,2
核,2
已知,2
只会,2
打算,2
不再,2
脱水,2
肺,2
体温,2
一份,2
想想,2
护理,2
叠加,2
色变,2
一眼,2
④,2
争吵,2
像是,2
面前,2
脸,2
广播,2
杀人犯,2
系,2
影片,2
元,2
小家电,2
观音,2
操作,2
分,2
数条,2
罪,2
懂,2
用于,2
疲劳,2
安全局,2
运动员,2
临汾市,2
克,2
满足,2
降到,2
染病,2
不时,2
发明,2
忠告,2
哪个,2
针,2
装修,2
准妈妈,2
水培,2
生命安全,2
拿,2
鲤鱼,2
烦恼,2
牌照,2
背景,2
使用者,2
指甲,2
类毒素,2
诺奖,2
88,2
朝九晚五,2
做菜,2
年幼,2
准备,2
万一,2
黄片,2
高手,2
某地,2
可食用,2
漏水,2
男性,2
好多,2
急救,2
往往,2
不到,2
客户端,2
向,2
收到,2
时应,2
菊花,2
身高,2
货不应求,2
否定,2
疾控,2
看过,2
妇科,2
经受,2
放线菌,2
多项,2
尽管,2
正值,2
相互作用,2
五大,2
众说纷纭,2
麻辣,2
意思,2
目的,2
进化,2
长期性,2
后遗症,2
出于,2
爱是,2
口感,2
深秋,2
将会,2
央视,2
并且,2
亲们,2
灰尘,2
气,2
烹调,2
豆,2
反,2
发作,2
路过,2
上传,2
吃点,2
过度,2
抗病毒,2
杀菌,2
来看,2
辣椒,2
不及,2
不起作用,2
一款,2
即食,2
因子,2
假借,2
阴谋,2
生物链,2
以讹传讹,2
母婴,2
息息相关,2
世界,2
抓住,2
楼房,2
活性炭,2
这则,2
食物中毒,2
生殖系统,2
斑斑,2
除甲醛,2
诱因,2
北京市,2
国家,2
长得,2
酒店,2
感谢,2
北方,2
嗯,2
两包,2
终结者,2
脑血栓,2
偷窥狂,2
我妈,2
疾呼,2
彩票,2
卧槽,2
积攒,2
快速,2
环保署,2
工作效率,2
说真的,2
日期,2
炆,2
相亲,2
近年来,2
晚安,2
泰安,2
吃饭,2
错误,2
居然,2
自费,2
吓,2
眼液,2
敌人,2
饮茶,2
人家,2
疗效,2
下结论,2
抗菌药,2
几十亿,2
〗,2
定向,2
达,2
绿瘦,2
识别,2
消毒,2
现有,2
治不好,2
1220,2
程序,2
藤黄,2
疾控中心,2
蛋白质,2
错误信息,2
副作用,2
出入境,2
巴拉巴,2
易于,2
面包车,2
芥末,2
蛋,2
活,2
瓶装,2
凉拌,2
之一,2
长者,2
青岛,2
解决,2
真是,2
倒,2
应对,2
自我,2
清除,2
牛郎,2
风,2
开,2
旗舰,2
╭,2
喷洒,2
设计,2
送,2
社交圈,2
指甲油,2
泥巴,2
人会,2
活跃,2
目前为止,2
花卉市场,2
碰,2
最能,2
溶于,2
虽,2
一例,2
葱,2
首先,2
相爱,2
核实,2
白天,2
隐形眼镜,2
领导,2
诸如,2
信过,2
飞舞,2
③,2
小病,2
哮喘,2
╯,2
软脚,2
听到,2
代表,2
病毒传播,2
同食会,2
运动,2
群体,2
帖子,2
菠菜,2
至于,2
31,2
主题,2
虽比,2
其实不然,2
赴,2
28,2
年龄,2
吴,2
列表,2
第一次,2
元券,2
还原,2
血栓,2
异食,2
属,2
红色,2
联盟,2
一瓶,2
一堆,2
病菌,2
棉花,2
习惯,2
微博去,2
总体,2
止痛,2
色彩,2
彩色,2
元素,2
蘑菇,2
尚未,2
经典,2
杀,2
②,2
全球,2
然后,2
抗菌,2
皂角米,2
人民邮电,2
功课,2
来时,2
最大,2
误会,2
严重危害,2
糕,2
玩微,2
离,2
活性,2
核技术,2
宣称,2
新星,2
受害者,2
这条,2
掉,2
发布会,2
互动,2
人民币,2
国际标准,2
防范,2
人奶,2
中间,2
治愈,2
券,2
干净,2
一顶,2
由来已久,2
添,2
覆盖,2
加重,2
短,2
感觉,2
大象,2
三角,2
迷你,2
防治,2
绿植,2
又称,2
什么样,2
看书,2
群,2
济南,2
卫生,2
纯,2
四川,2
亲爱,2
几条,2
食欲,2
首要,2
快讯,2
下午,2
穿,2
提高,2
定,2
杀伤性,2
小鸡,2
物种,2
一大,2
共食,2
金属,2
也许,2
罪魁祸首,2
危言耸听,2
来潮,2
混淆,2
植物油,2
共建,2
瞎扯,2
见,2
星球,2
电磁,2
采取,2
辐射量,2
正是,2
辨别,2
无论,2
教育,2
原来,2
相让,2
崔玉涛,2
多位,2
有虫,2
瑞典,2
减肥药,2
反复,2
对人,2
塑化剂,2
中耳炎,2
男,2
谣,2
芝麻,2
陈君石,2
智能手机,2
问答,2
能除,2
药房,2
分别,2
三类,2
大众,2
附着,2
当天,2
路边摊,2
杀手,2
舒服,2
问,2
毒疱,2
转暖,2
诸如此类,2
废弃,2
晚上,2
约,2
既,2
转给,2
坑爹,2
夸大,2
确定,2
吐槽,2
吸污,2
否认,2
反转,2
几十种,2
腐蚀,2
博会,2
旁,2
有损,2
判断,2
皮质,2
0.001,2
中心,2
脂肪,2
避开,2
加仑,2
状物,2
吓人,2
专门,2
查,2
干扰,2
报,2
虫,2
病原体,2
种种,2
缺钙,2
致人,2
里面,2
肉毒,2
转发给,2
好好,2
一点点,2
地方,2
抵御,2
圈,2
吃药,2
第一,2
保养品,2
╮,2
用眼,2
积极,2
不如,2
严格控制,2
发挥,2
坏死,2
宣传日,2
保健作用,2
可别,2
儿,2
「,2
2.5,2
播报,2
研发,2
口病,2
无数,2
真如,2
总结,2
十大,2
夜,2
进而,2
随机,2
原则,2
身体健康,2
束手无策,2
近乎,2
限制,2
运气,2
一系列,2
动植物,2
不管,2
女,2
慢慢,2
内衣,2
学,2
坐月子,2
黄油,2
它会,2
法国,2
自愈,2
致癌性,2
无疑,2
硅,2
充分,2
伸出,2
不失,2
判,2
卵巢,2
大人,2
亲,2
两项,2
住院,2
甚嚣尘上,2
最强,2
喝咖啡,2
坚持,2
刷,2
食欲不振,2
口腔医学,2
不破,2
应当,2
鉴别,2
丰富,2
原先,2
待,2
验证,2
投放,2
难过,2
新手,2
甜味素,2
有益健康,2
口含,2
全世界,2
局部,2
正确,2
评论,2
家养,2
那样,2
不但,2
一批,2
购买,2
可不,2
两者,2
接上,2
跳跳,2
排除,2
就别,2
采访,2
医用,2
便秘,2
至今,2
毕竟,2
75,2
未来,2
缓慢,2
详情请,2
上升,2
明明,2
不过,2
面貌,2
2015,2
缓解,2
不得,2
冷食,2
肌肤,2
行,2
山药,2
冻,2
╰,2
业内外,2
毛孔,2
花,2
上天,2
大葱,2
消炎药,2
袋,2
特殊,2
硼,2
加,2
流涕,2
钻石,2
排泄,2
不碎,2
改善,2
杀伤,2
人民,2
脸上,2
取款机,2
清新,2
基本上,2
春运,2
标识,2
廉价,2
补液,2
个人卫生,2
最低,2
媒体,2
绿植能,2
蛔虫病,2
主动,2
意味,2
现,2
一切,2
三种,2
养护,2
碳水化合物,2
头疼,2
吵不起,2
杀菌剂,2
脓疮,2
心口,2
口服,2
酸化,2
抽,2
镜中,2
老师,2
持续,2
染成,2
保暖,2
分叉,2
骨头,2
科研成果,2
害,2
有完没完,2
推荐,2
经历,2
景德镇,2
静脉,2
漫天,2
自来水,2
资讯,2
桃胶,2
加强,2
可用,2
寻求,2
冬春,2
纯天然,2
用来,2
扯淡,2
状况,2
摆,2
根据,2
错误认识,2
之所以,2
醋,2
躲,2
确切,2
这一,2
格外,2
起到,2
平台,2
求证,2
鼻梁,2
联合国粮农组织,2
全身,2
新闻报道,2
规律,2
决定性,2
温馨,2
22,2
紊乱,2
19.9,2
过瘾,2
造型,2
大病,2
不看,2
白搭,2
正常人,2
改变,2
力度,2
山东,2
油中,2
每日,2
精液,2
下午茶,2
人民日报,2
曾经,2
眼下,2
可想而知,2
易得,2
勤洗手,2
这次,2
次级,2
差异,2
饮品,2
循证,2
救生,2
多变性,2
在于,2
医专,2
不易,2
求真,2
一年,2
顶住,2
时要,2
含量,2
相继,2
口味,2
条之多,2
准确,2
谣传,2
编来,2
全自动,2
社交,2
粒,2
突然,2
脖子,2
亦,2
乳房,2
此后,2
抗击,2
多见于,2
是不是,2
对抗,2
景观,2
封信,2
呗,2
身上,2
神,2
肾脏,2
咽炎,2
尽早,2
治,2
十亿,2
明确,2
贩卖,2
碘盐,2
吆,2
可怖,2
推出,2
孔明,2
衰竭,2
三年,2
入春,2
变形,2
小编,2
创意,2
应急,2
天气,2
广州,2
逻辑,2
算,2
患有,2
除,2
感染者,2
权威专家,2
患病,2
告诫,2
腹痛,2
⑤,2
癌瘤,2
推测,2
一天到晚,2
充斥,2
早上,2
物品,2
邪,2
可取,2
仰卧位,2
护肤品,2
日前,2
提升,2
反对,2
安定剂,2
高中,2
癖,2
脑,2
敲,2
团委,2
归元液,2
泡,2
一块儿,2
莫名其妙,2
便宜,2
这会,2
绿豆汤,2
吃货,2
生态,2
前提,2
迄今,2
拥有,2
黑帮,2
更大,2
精神状态,2
公认,2
多人,2
剂,2
网闻,2
生食,2
被扣,2
肉肉,2
常,2
篇文章,2
一度,2
学会,2
今晚,2
既会,2
病毒感染,2
关系,2
夜间,2
儿子,2
深受感动,2
天下,2
八条,2
召开,2
手足,2
正离子,2
一遍,2
加州,2
河北,2
香气,2
卸甲,2
因果性,2
鸡儿,2
豆豉,2
屑,2
某种,2
可靠,2
高烧,2
吐,2
确证,2
橘子,2
镜面,2
不然,2
隐型,2
患上,2
谈,2
听听,2
凤凰,2
久,2
小小的,2
非转,2
别问,2
生态系统,2
转基食,2
摘,2
红薯,2
娇气,2
750,2
查出,2
库尔勒,2
角落,2
聚集,2
过来,2
这项,2
1500,2
体积,2
一则,2
毒副作用,2
准,2
抑或,2
2.3,2
橡皮树,2
传言,2
防护林,2
外星人,2
全都,2
致使,2
血液,2
麻风,2
展开,2
不适,2
占优势,2
不行,2
控制中心,2
生存,2
吸附,2
感,2
写,2
高等,2
猪油,2
返利,2
传染,2
每公斤,2
规模,2
说起,2
羊肉,2
先来,2
搜狐,2
突发,2
甚么,2
〖,2
卫生防护,2
本质,2
立刻,2
￥,2
促使,2
卡夫,2
分解,2
在线,2
民众,2
资料,2
0.015,2
遵守,2
辟,2
氨基酸,2
保健,2
不够,2
场所,2
弄,1
最为,1
点缀,1
广播电台,1
微信里,1
晚,1
厨房用品,1
有钱,1
立春,1
死亡率,1
继而,1
眼药,1
为何,1
发病率,1
薄荷,1
优化,1
那明明,1
峰峰,1
要往,1
植入,1
刚刚,1
酒,1
20145313550,1
学龄前,1
盗采,1
舆情,1
讲故事,1
怪罪,1
嗷,1
保驾护航,1
恐怕,1
哪来,1
300,1
植物性,1
某人,1
1002,1
艾烟来,1
高空作业,1
废气,1
捶打,1
神经外科,1
教师,1
泡水,1
慢毒,1
总有,1
额外,1
信源,1
延续,1
手记,1
中痛,1
人生,1
筒子,1
全,1
仍,1
空间,1
六神丸,1
无耻,1
39.9,1
吃太多,1
多力,1
钱,1
挺大,1
霍奇金,1
心理医生,1
一氧化碳,1
通心粉,1
传统,1
微粒,1
制成,1
压迫,1
儿科,1
丙酮,1
马克,1
魔,1
品中,1
贱民,1
长短,1
连连,1
催不熟,1
998,1
01,1
实在,1
薄款,1
板,1
三里屯,1
死机,1
参考,1
几天,1
涩女郎,1
▽,1
高盐,1
对不上,1
心灵,1
转姬,1
电脑屏幕,1
平均值,1
危害性,1
聚拢,1
操作者,1
常服,1
必修课,1
暮,1
与否,1
利尼,1
万人,1
思密达,1
挖,1
诚意,1
浸泡,1
为数,1
20162017,1
逗,1
事儿,1
乱,1
受欢迎,1
生物,1
艺术,1
甲基,1
西塔,1
两类,1
滘,1
•,1
妹做,1
老一辈,1
尚无,1
难忍,1
双面,1
有所不同,1
父母,1
生物学家,1
强推,1
看起来,1
后方,1
卡桑,1
修正,1
监管,1
冷水,1
正规,1
老,1
发质,1
雨,1
四次,1
百病,1
命,1
上火,1
链,1
亚健康,1
太阳光,1
龟背竹,1
能同,1
侧边,1
发电,1
有的是,1
按着,1
78,1
逝去,1
根本就是,1
基金会,1
关系融洽,1
小事,1
称作,1
园,1
猪,1
惊悚,1
呼,1
去年同期,1
吓唬人,1
卫生署,1
降温,1
豆浆,1
侵害,1
脾气,1
通吃,1
室内空气,1
日报,1
烟囱,1
惊奇,1
学唱,1
最终,1
卖不出,1
完美主义,1
默默地,1
接受,1
纯净度,1
汉沙洗,1
或长,1
酸酸的,1
小小,1
注入,1
虚弱,1
送货,1
潜伏期,1
党,1
酷科,1
兜,1
人才,1
水族馆,1
助手,1
车厢,1
万物,1
清热解毒,1
得出,1
陌生,1
烟台,1
亲身经历,1
太窄,1
前段时间,1
奉送,1
抢救,1
埋,1
团购网,1
变窄,1
机箱,1
本次,1
状态,1
科技,1
足,1
无异于,1
骨髓,1
不已,1
一步,1
高州,1
勤人,1
人用,1
奶可,1
竟然,1
结核性,1
心里,1
包容,1
14000,1
信息,1
范围广,1
女工,1
砂锅,1
菜,1
十分,1
艾么,1
300049000,1
收藏,1
前不久,1
重症,1
婴爱,1
数量,1
美国市场,1
氧化,1
侧面,1
一段,1
秃顶,1
规定,1
保护环境,1
规程,1
游泳圈,1
嗅,1
极具,1
病夫,1
超声波,1
亿亩,1
眼袋,1
爱好者,1
低下,1
肠胃炎,1
削皮,1
平均,1
偏偏,1
他人,1
甲流,1
减肥茶,1
头晕眼花,1
嘟嘟,1
数以千计,1
宿舍,1
游戏,1
好点,1
朱剑,1
监护,1
乃至,1
脏器,1
提神醒脑,1
新浪网,1
生元,1
识破,1
黑幕,1
嫁出去,1
层出不穷,1
非说,1
不饱和,1
小宇,1
改,1
那天,1
那类,1
发生率,1
手段,1
2016,1
加快,1
电暖气,1
无法说明,1
唬,1
睡,1
肾,1
新浪,1
死去,1
抹黑,1
身份,1
太少,1
鼓,1
一勺,1
一是,1
五大类,1
绝不,1
优美,1
秋末,1
木有,1
速率,1
命名,1
分类,1
小王,1
价钱,1
年长者,1
昏迷,1
颇,1
齐顺祥,1
如今,1
长途运输,1
爆发式,1
编林乐叶,1
有门道,1
范围,1
广告,1
三天,1
当成,1
踏入,1
板块,1
时代,1
12320,1
顽固,1
仪,1
芋头,1
康复,1
生闷气,1
牵出,1
图表,1
制药,1
昨晚,1
心理学,1
却说,1
普遍认为,1
足部,1
等易感,1
电药煲,1
头晕,1
报警,1
十六岁,1
人权,1
同意,1
忽然,1
化工原料,1
探酸,1
十几种,1
季度,1
怪,1
尚,1
斯特利,1
机构,1
其它,1
亲朋好友,1
产后,1
受罪,1
病毒学,1
称之为,1
允许,1
马桶,1
小播,1
区域性,1
能否,1
试,1
胶质,1
同学会,1
纯中药,1
韩国,1
几样,1
膨化食品,1
不符,1
吃法,1
1011,1
想必,1
确保,1
生不出,1
半个,1
忽略不计,1
292,1
轻,1
随,1
多为,1
血液循环,1
嘞,1
不會,1
装,1
甜玉米,1
瞎,1
37,1
轻则,1
吐个,1
修补,1
酸辣,1
内膜,1
不停,1
学界,1
脑补,1
受伤,1
检疫局,1
严格要求,1
途径,1
大图,1
腮,1
批得,1
支原体,1
圈养,1
黄西有,1
拔丝,1
冷静下来,1
生来,1
臭气,1
饮酒,1
违法,1
可着,1
回,1
送到,1
剂次,1
劣等,1
19,1
黄色,1
最早,1
方,1
妥善,1
豆瓣,1
团队,1
蚀,1
200,1
揪,1
疥疮,1
配戴,1
汕头,1
糊,1
不淋水,1
吃会,1
蓝,1
下图,1
缓释,1
日子,1
地球,1
增高,1
先生,1
煮,1
优点,1
牙膏,1
灭,1
二到,1
海外,1
佩戴,1
吃些,1
源头,1
快节奏,1
主食,1
恨不得,1
集中,1
少数,1
59,1
普及,1
组成,1
钙,1
恰当,1
美好,1
沉渣泛起,1
实现,1
粮食,1
退热,1
弥天大谎,1
复发,1
想来,1
酚类,1
噗,1
背部,1
俱全,1
真理,1
从来,1
长,1
团子,1
怪味,1
食用量,1
认得,1
小朋友,1
想害,1
成绩,1
和谐,1
谨防,1
失衡,1
水质,1
丛林,1
自限性,1
敏,1
角色,1
下单,1
见效,1
病残,1
吸肠,1
世间,1
四季,1
一一,1
时尚,1
新花样,1
永远,1
高低,1
专家建议,1
女皇,1
揭穿,1
矫正,1
监督机构,1
类固醇,1
转基,1
技术,1
抗议,1
亲朋,1
波动,1
永久性,1
照样,1
哀叹,1
加工,1
肌肉组织,1
之外,1
双十,1
三观,1
杀伤力,1
要离,1
第二天,1
西,1
过招,1
有没有,1
转自,1
射精,1
闺蜜,1
腿,1
一粒,1
观赏价值,1
老妈,1
加以控制,1
近视,1
甘温,1
.......,1
专给,1
燃烧,1
可治,1
给出,1
知晓,1
美美,1
田昕,1
除非,1
苔藓,1
死尸,1
讯,1
防总,1
反科学,1
一百多位,1
二重,1
粗纤维,1
数不胜数,1
简直,1
城事,1
89,1
嘛,1
敢,1
疑,1
黄豆芽,1
人能,1
六日,1
随时,1
认证,1
95,1
不懂装懂,1
所有人,1
领地,1
国家标准,1
水立方,1
媒体报道,1
心肺,1
甘平,1
一举两得,1
区分,1
从省,1
生存环境,1
玩出,1
充满,1
摸不着,1
药水,1
困倦,1
看吧,1
且滋腻,1
故,1
闹,1
住,1
短命,1
万能,1
8090,1
种子公司,1
气体,1
..............,1
接电话,1
柠檬黄,1
风景,1
落成,1
38,1
全开,1
床头,1
药说,1
负担,1
特级,1
寒潮,1
心血管病,1
方舟子,1
免疫能力,1
⑨,1
为什,1
手掌,1
消炎,1
果然,1
愿意,1
无痕,1
森地,1
监测数据,1
二物,1
别有用心,1
高糖,1
亮丽,1
还脏,1
莴苣,1
常态,1
导,1
易怒,1
不怎么,1
师傅,1
惊爆,1
包瘦,1
包庇,1
....................,1
养颜,1
套餐,1
鱼,1
安心,1
一家,1
沙漠,1
起码,1
西药,1
骨瘤,1
没什么,1
低频,1
日常用品,1
小金库,1
薯条,1
非金属,1
绿茶,1
作家,1
财经,1
相,1
有时候,1
普遍,1
呼吸困难,1
透,1
39463254080,1
三日,1
口岸,1
减脂,1
蔓,1
引来,1
无奈,1
少吃肉,1
一文,1
超萌,1
公式,1
全民,1
一件,1
屉,1
真想,1
耽误,1
合法,1
用量,1
耳朵,1
一道,1
圈里,1
喂食,1
盐巴,1
装防,1
倒转,1
学校,1
长盛不衰,1
纯洁,1
217,1
意大利,1
露腰,1
难怪,1
溶性,1
大部分,1
援助,1
懒人,1
帽,1
第二,1
儿童不宜,1
一切正常,1
查过,1
百家,1
无籽西瓜,1
阿桑,1
莲花,1
桶,1
一般性,1
妇科炎症,1
聪明,1
⑧,1
烤火,1
预防措施,1
粤,1
地区,1
胁迫,1
一针,1
光喝,1
清晨,1
办公桌,1
治疗仪,1
更要,1
扰乱,1
显著,1
咖啡吧,1
换言之,1
全靠,1
大米,1
冰冻,1
见文后,1
披露,1
屁股,1
牙疼,1
土豆,1
主页,1
解放军,1
漏洞,1
哈哈,1
播放,1
果蔬,1
掉头发,1
这类,1
引证,1
光点,1
未必,1
河北省,1
大连,1
麝香,1
一盒,1
增强体质,1
皮皮虾,1
哈,1
发展趋势,1
原价,1
绿叶,1
防护服,1
高效,1
特大,1
研究者,1
不可多得,1
太胖,1
之物,1
内蒙古,1
青霉素,1
妹想,1
认准,1
养着,1
期盼,1
心爱,1
比不防,1
都市,1
谨慎,1
无人,1
机,1
申报,1
运作,1
大连市,1
少去,1
也好,1
奇效,1
令人瞩目,1
葵花籽,1
～,1
好处,1
叨叨,1
致残率,1
解恨,1
原,1
伊始,1
辐射线,1
之道,1
文化,1
不可,1
热量,1
马上,1
快乐,1
一百多,1
不信,1
这货,1
财,1
不怕,1
笑,1
新川路,1
西路,1
鼻,1
做成,1
近几日,1
变型,1
眼皮,1
298,1
提供,1
地址,1
两季,1
民主党,1
烘焙,1
适宜,1
贴士,1
撒盐,1
临近,1
确有,1
触,1
前年,1
小麻烦,1
魔鬼,1
保鲜,1
断裂,1
加糖,1
权威,1
多发,1
再说,1
痛,1
怜爱,1
民族,1
版本,1
实用,1
焦糖,1
排出,1
区,1
摘录,1
苋菜,1
赵偲容,1
儿童期,1
禁忌症,1
白烟,1
无硫,1
玉兰,1
商业化,1
呈,1
热带,1
椰爸,1
制,1
噢,1
早,1
纹,1
别关,1
探讨,1
时期,1
孤烟,1
害处,1
鼠标,1
票,1
直至,1
烯,1
胖吸脂,1
松花蛋,1
母猪,1
样本,1
人民网,1
喉痛,1
882,1
好消息,1
痉挛,1
穴位,1
片儿,1
健乐多,1
承受,1
真能,1
无线网络,1
美国法院,1
说出,1
主机,1
英俄法,1
现实,1
湖北省,1
夏,1
意,1
日照,1
结构,1
黄芪,1
鞣酸,1
频,1
初,1
呵护,1
另一半,1
弱智,1
乍一看,1
试想,1
异味,1
胸,1
所说,1
悲剧,1
研究生,1
不变,1
来讲,1
糊弄,1
理由,1
好几样,1
银,1
皮中,1
布来尔,1
逼出来,1
蔬果,1
沉睡,1
神器,1
轻松,1
学问,1
品牌,1
补种,1
差,1
爱读,1
失效,1
菜谱,1
模型,1
赶快,1
忍不住,1
强冷空气,1
所提,1
新装修,1
反季节,1
公生,1
耶鲁大学,1
高出,1
有利,1
资格证,1
壅,1
有机溶剂,1
黄等,1
千年,1
体能,1
体育节,1
干什么,1
我撑,1
未到,1
成年人,1
妈咪,1
小学,1
哼,1
符合,1
烟,1
扯蛋,1
两倍,1
自愿,1
看不出,1
豆类,1
珍惜,1
码,1
配件,1
丧失,1
除以,1
浮夸,1
短时间,1
比起,1
一孕,1
脂肪酸,1
文中,1
棕竹,1
意义,1
早春,1
花花绿绿,1
拍买,1
不错,1
微帮,1
才干,1
负面,1
毋庸置疑,1
酸性,1
创客,1
关节,1
变差,1
古方,1
顺序,1
太强大,1
甘,1
国际,1
汉堡,1
打卡,1
水温,1
态度,1
铁律,1
面纱,1
多价,1
挟持,1
不重,1
头,1
熟,1
思考,1
名言,1
凝滞,1
天生,1
脑子,1
汪喻忠,1
水浸泡,1
行径,1
谬论,1
文,1
敏敏,1
生子,1
皮肤过敏,1
造血,1
实体店,1
导读,1
右边,1
利并,1
鲜少,1
小雪,1
累计,1
一半,1
可怜,1
宜人,1
东汉,1
尿,1
宝妈,1
多么,1
挂,1
告诉您,1
情侣,1
两天,1
照妖镜,1
泪液,1
牢牢,1
留,1
咕咕,1
节食,1
辣条,1
安康,1
累券,1
爱看,1
贴出来,1
食则,1
政解,1
有句,1
免疫抑制,1
晒,1
日光灯,1
393,1
叙述,1
单位,1
制造者,1
石景,1
孕,1
健康人,1
值,1
取代,1
热稳定性,1
考证,1
抵制,1
贝塔,1
非买,1
相当,1
萝卜,1
放假,1
肿么样,1
黑米,1
缺,1
巧合,1
抑郁症,1
黄,1
改头换面,1
无货,1
政府,1
病患者,1
污鬼,1
相当于,1
言之凿凿,1
红包,1
动,1
耐受,1
交通安全,1
狗,1
炒,1
小该,1
盐,1
口碑,1
别用,1
抽象,1
花卉,1
督,1
腔,1
新出,1
退烧,1
仪器,1
异地,1
龙猫,1
用武之地,1
针含,1
事实真相,1
较大,1
接着,1
说话,1
白糖,1
上来,1
创造,1
健康成长,1
观察,1
微量元素,1
抗过敏,1
惊慌,1
服无,1
长毛,1
降解,1
黑心,1
红糖,1
有钱有势,1
大学化学,1
纯属,1
听力,1
压力,1
月份,1
炉,1
室友,1
骗术,1
弹情,1
那套,1
搜索,1
相反,1
壶,1
语,1
肺部,1
受寒,1
智商,1
网友,1
交流,1
太近,1
过后,1
群中,1
坚称,1
海产品,1
四,1
湿疹,1
凭肉眼,1
后期,1
而用,1
角度,1
百天,1
屈臣氏,1
借此,1
剧毒,1
污染物,1
明,1
部分,1
快人,1
介入,1
牙合,1
取得,1
家种,1
住院治疗,1
挤车,1
地去,1
家住,1
打架,1
较为,1
仿佛,1
惩罚,1
准到,1
抓,1
基因,1
知食君,1
不利因素,1
收缩,1
青光眼,1
室内外,1
摆放,1
但远,1
乙型,1
69,1
定期,1
景天,1
好书,1
买非,1
类固,1
聪颖,1
恶化,1
难吃,1
皇后,1
真是假,1
易感,1
201611318081,1
藏,1
费劲,1
万赴,1
应多,1
呵,1
服务,1
氨,1
泌尿,1
特定条件,1
可信,1
居心叵测,1
≠,1
入学,1
过敏反应,1
20149122300,1
优简舒,1
冬天,1
一臂,1
⑥,1
放射性物质,1
341382038,1
诗琴,1
替代,1
这手,1
不免,1
小鼠,1
据传,1
泛滥,1
一片,1
确认,1
神经,1
销售,1
护肤,1
大鼓,1
同款,1
筋道,1
不可或缺,1
克林顿,1
鼻屎,1
伪科学,1
依赖性,1
机械,1
发达国家,1
检查,1
风传,1
痔疮,1
古人,1
424201411719301,1
用到,1
高贵,1
一致,1
陈小初,1
知,1
不设,1
意识,1
皂,1
现代医学,1
不可避免,1
使糖,1
园微,1
三,1
鼻和口,1
天津,1
?,1
人士,1
化烟,1
绝密,1
拉黑,1
补益,1
老化,1
悬铃归木,1
富信,1
过激,1
基本知识,1
总支,1
消化液,1
乘车,1
片剂,1
吕永岩,1
陪,1
榜,1
相同,1
不舍,1
以来,1
常常,1
概率,1
永恒,1
内蒙,1
点儿,1
深信不疑,1
用手,1
患处,1
遭遇,1
梅艳芳,1
停止,1
频谱,1
诊治,1
易感者,1
开心,1
吸进,1
七八岁,1
粗养,1
智,1
魅力,1
团长,1
秀,1
阴谋论,1
存放,1
试过,1
锻炼身体,1
斯坦福大学,1
偷走,1
大多,1
摊手,1
半岛,1
立场,1
生,1
神吐槽,1
调查报告,1
化学试剂,1
吸毒人,1
天天,1
撒谎,1
不足以,1
免受,1
年代,1
罐头,1
洗手,1
遇,1
枪,1
蝉,1
．,1
试行,1
化解,1
意外,1
同食易,1
盘尼西林,1
桌子,1
中老年人,1
要忍,1
水送,1
1025,1
处处,1
注射针,1
罗纳,1
对照,1
补充,1
大肠杆菌,1
燕,1
停,1
该书,1
毛病,1
坊间,1
曾小喻喻,1
防晒,1
真的假,1
失去平衡,1
哪有,1
丰个,1
二者,1
长见识了,1
揭开,1
出版社,1
袋券后,1
干扰素,1
要不然,1
晚报,1
社区卫生,1
生存率,1
甲状腺,1
平息,1
欧阳,1
前会,1
既往,1
服有,1
塞拉,1
太阳镜,1
三盒,1
多方面,1
窗敲雨,1
吃面,1
20166116001,1
人因,1
施虐,1
乐章,1
本人,1
张仲景,1
普遍存在,1
双手,1
国产,1
乳清,1
20164258320,1
不敢,1
佛山,1
乃,1
冬枣,1
希拉里,1
极广,1
泉水,1
无毒,1
据介绍,1
太脏,1
酌情,1
脑膜炎,1
京,1
此时,1
强烈,1
老年痴呆症,1
发上,1
恢复,1
一把,1
缩胸,1
官司,1
溶栓,1
黄斑部,1
网官,1
知识面,1
刺梅,1
正确认识,1
一到,1
常备,1
避孕药,1
送服,1
长痘,1
吸毒,1
用得,1
传成,1
老公,1
一脸,1
艾艾,1
眼里,1
因看,1
各人,1
醒,1
可疑,1
土壤,1
满月,1
成长,1
熬药,1
吸引,1
老娘,1
胚胎,1
田梦西,1
竞技,1
好吃,1
娃,1
穿着,1
凶手,1
养花,1
奥运会,1
所含,1
学医,1
滋补,1
顺便,1
避个,1
绝境,1
享受,1
20102014,1
残害,1
玉米油,1
正赶上,1
麻麻,1
百佳,1
先声,1
我者,1
童鞋,1
百姓,1
可不是,1
赋予,1
便于,1
大气环境,1
高效率,1
用后,1
铁,1
交配,1
应予以,1
清楚,1
不良,1
不准,1
数字,1
唔,1
撑,1
抵挡,1
卸载,1
舌头,1
像,1
生育率,1
抗生,1
这方面,1
造,1
宜昌,1
宁愿,1
机能,1
169,1
贼,1
市中区,1
不愿,1
鲜绿,1
活该,1
闻艺片,1
略微,1
两袋,1
广,1
105,1
字样,1
按时,1
拉痢,1
确诊,1
自行,1
硼砂,1
尿激酶,1
紫薇,1
经常出现,1
一身,1
字号,1
部门,1
利益,1
灭绝,1
投票,1
维持,1
回顾,1
惊天,1
畅读,1
熬夜,1
面积,1
喝喝,1
难道,1
荷兰豆,1
拿入,1
发出,1
空运,1
人气,1
档案,1
微波,1
含片,1
不高,1
代代相传,1
玄学,1
露肉,1
无心,1
遥远,1
萝卜丝,1
追诉,1
外出,1
就诊,1
面都,1
没关系,1
缺陷,1
几招,1
认识,1
颈椎,1
鸡属,1
来源于,1
生冷,1
那个,1
武亚文,1
就童,1
苦心孤诣,1
招远,1
炖,1
儿科学,1
赶脚,1
等等等等,1
谣言止于,1
油画,1
选择性,1
行李,1
虎,1
国人,1
疯狂,1
凉食,1
阶段,1
液体,1
肺结核,1
含服,1
确凿,1
操纵,1
环,1
海,1
奶油,1
拼命,1
塑料瓶,1
领,1
赶走,1
喽,1
电吹风,1
第三日,1
扯,1
医务人员,1
德国,1
必将会,1
得利,1
同步,1
上周,1
营养师,1
肉类,1
脚,1
羊肝,1
均,1
小儿麻痹症,1
移民,1
幽默,1
崩溃,1
为此,1
黄绿色,1
只配,1
云达,1
荐,1
发展,1
紫薯,1
生产,1
泥土,1
距,1
生物工程,1
更加,1
宿便,1
饮,1
腰背,1
矿物质,1
水中,1
化工学院,1
抗氧化,1
沙湾,1
受伤害,1
少用,1
歹徒,1
毒物,1
品尝,1
级,1
大门,1
除异味,1
高油,1
呜,1
下一代,1
适用,1
一位,1
自洁,1
吸住,1
三北,1
郑,1
13000,1
长大,1
分非,1
不相称,1
屁,1
眼病,1
夭折,1
疑凶,1
够,1
事实证明,1
咸吧,1
支持,1
头发,1
类药物,1
裂解,1
博士,1
芬芳,1
渗出,1
能治,1
半仙,1
的确,1
新品,1
火爸,1
加上,1
甲鱼,1
定论,1
王于,1
一味,1
不靠,1
学龄儿童,1
虽多,1
感叹,1
调研,1
流行病,1
误导,1
菌群失调,1
价格昂贵,1
重大,1
失望,1
老套,1
欣慰,1
数码相机,1
40,1
第一天,1
并不等于,1
热点,1
无菌室,1
胸疼,1
迟早会,1
蔗糖,1
未能,1
路,1
全面,1
残粉,1
想当然,1
乙肝疫苗,1
习惯性,1
艾银,1
还行,1
诱人,1
仓,1
讲,1
痢疾,1
当然,1
装作,1
静候,1
清,1
怒吼,1
开窗,1
越莓,1
丙肝,1
市面上,1
无妨,1
据统计,1
遵循,1
界,1
数,1
学业,1
特性,1
挽救,1
试试,1
荷,1
纳闷,1
渗漏,1
婚后,1
妹,1
终究会,1
炸,1
调,1
器官,1
点击,1
针剂,1
释疑,1
安,1
保鲜剂,1
衣,1
上海,1
合格,1
洋葱,1
护,1
没事儿,1
易患,1
看样子,1
难受,1
本地,1
连续,1
软毛,1
那点,1
澳贝,1
熊,1
实施,1
重现,1
商贩,1
压榨,1
角蛋白,1
鲱鱼,1
户外,1
面,1
世面,1
不低,1
农村,1
整个,1
之上,1
消化,1
常用,1
干细胞,1
心脏科,1
玩耍,1
逝世,1
穷人,1
并存,1
怪不得,1
周期,1
打来,1
一杯,1
发了,1
胆寒,1
文件,1
处在,1
捡起,1
消脂,1
心胸,1
甩掉,1
不良影响,1
喝茶,1
参与,1
王,1
大骗子,1
遗传性,1
凡事,1
尽量少,1
帮,1
之品,1
亦可,1
命不长,1
黑板,1
造景,1
打电话,1
文竹,1
201563018511,1
一体,1
或许,1
血条,1
时常,1
后及,1
最久,1
抢购,1
劈,1
浸出法,1
长久以来,1
所致,1
杭州,1
估计,1
离子,1
胸口,1
凉水,1
湿气,1
后者,1
重复,1
伤元气,1
搬运,1
动物性,1
三大,1
炒易,1
用轻,1
诊所,1
孕期,1
折翼,1
99,1
东,1
一概,1
儿真,1
菠萝,1
胶,1
电视,1
低剂量,1
力压,1
核事故,1
图样,1
十天,1
美观,1
三是,1
图说,1
泻药,1
蜜喝,1
嫩绿,1
李子,1
教科书,1
烂,1
暖风,1
周围环境,1
片瓶,1
度不应,1
耳食之言,1
两组,1
种类,1
对应,1
标明,1
有机,1
致死率,1
酸碱,1
体弱多病,1
结婚,1
点知,1
电脑桌面,1
洗浴,1
肉芽肿,1
间质性,1
张燕,1
最佳,1
感受,1
易伤,1
恋,1
做个,1
可买,1
夹,1
复印机,1
⑦,1
警察,1
控说,1
百搭,1
眼内,1
站不住脚,1
304,1
冷水浴,1
凡是,1
显示器,1
二是,1
下才,1
腹胀,1
指明,1
挡,1
本来,1
辛辣,1
顾客,1
俄罗斯,1
退款,1
外,1
深圳,1
成本,1
2013,1
哈里波特,1
玩具,1
强壮,1
咨询,1
各位朋友,1
病情,1
少于,1
角膜炎,1
食均,1
日后,1
甲苯,1
河南,1
君,1
冷暖,1
例外,1
过敏者,1
淄川,1
法藤,1
肠道病毒,1
主权,1
屋里,1
听过,1
奥巴马,1
暖巢,1
自古,1
发自,1
第九条,1
显得,1
美国联邦调查局,1
中哟,1
要死,1
光波,1
李安民,1
跳出,1
凉性,1
讨论,1
震撼,1
注,1
产检,1
400,1
安全事件,1
麦克马斯特,1
视觉,1
聊一聊,1
强化,1
去年,1
辐射能,1
尿道感染,1
燃脂,1
又名,1
晴雨表,1
精,1
屏障,1
延缓,1
孜孜不倦,1
段子,1
吃盐,1
大自然,1
朝阳,1
香菇,1
种之多,1
来袭,1
早已,1
众多,1
电厂,1
替,1
文胸,1
震惊,1
堂大,1
小子,1
宇宙,1
二代,1
免税店,1
三代,1
气味,1
手帕,1
木耳,1
联姻,1
201671917221,1
敷,1
非法,1
谈转,1
钛,1
一大早,1
反射,1
专业人士,1
金夫人,1
实验鼠,1
上市,1
回归,1
摘要,1
十三,1
热帖,1
起身,1
3946325408041,1
冲击疗法,1
确需,1
太多,1
艾灸,1
一美小,1
洞察,1
热性,1
二甲苯,1
即便,1
路可选,1
前来,1
八天,1
个头,1
热门,1
大姐,1
小孔,1
瘙痒,1
尽量避免,1
特效,1
因其含,1
神秘,1
取决于,1
疝气,1
在生活中,1
快餐店,1
噪音,1
晚期,1
美等国,1
立于不败之地,1
东霸天,1
视网膜,1
欠,1
种子,1
好事,1
科学界,1
分体,1
套路,1
退化,1
不穷,1
定为,1
按语,1
衰减,1
百城,1
哭笑不得,1
以毒攻毒,1
第五日,1
公交,1
搞笑,1
海里,1
较强,1
吹散,1
灵活运用,1
动弹,1
烹,1
干性,1
妹纸,1
幻想,1
伤不起,1
故事,1
街道,1
晓晓,1
除草剂,1
获悉,1
嵌套,1
更少,1
明早,1
旺盛,1
节目,1
和平,1
几枪,1
防控,1
智能,1
驾驶,1
中招,1
心内科,1
大型,1
阿栾,1
蟑螂,1
不问青红皂白,1
大可,1
而离,1
圣女,1
佳品,1
充电式,1
排放,1
快存,1
后应,1
二合一,1
两鼠互,1
器机,1
不顺,1
英国,1
食药,1
首家,1
丰胸,1
可惜,1
引导,1
惊醒,1
笔者,1
专题,1
几倍,1
体,1
铜,1
正好,1
难求,1
首,1
减,1
霉菌,1
混合,1
规划,1
中瑞树,1
陈毅,1
转转,1
1980,1
只罗恩,1
枪毙,1
编造,1
衣服,1
和益,1
较真,1
高涨,1
血压,1
粟粒型,1
各国,1
幸福,1
困难,1
冰箱,1
体脂来,1
争论,1
耐力,1
混在,1
广告词,1
过剩,1
番禺,1
歧视,1
有点像,1
触摸,1
多点,1
神共知,1
依赖,1
民间传说,1
愿,1
两站,1
02,1
联合疫苗,1
标准,1
文风,1
引人注目,1
于是乎,1
彩椒,1
抢夺,1
复方,1
瞧,1
201531821440,1
基因突变,1
转试,1
换衣,1
自魅族,1
俺,1
十年,1
巾,1
跟风,1
警示,1
治病,1
算是,1
单纯,1
漏,1
区区,1
碎,1
有品,1
黑豆,1
烂种,1
有限,1
推断,1
色香味,1
营养成分,1
组得,1
黑眼圈,1
声言,1
妈,1
因其,1
延长,1
井冈山,1
招,1
是非,1
150,1
法尔科,1
结石,1
猛然,1
粗生,1
抵,1
古皂,1
有事,1
此文,1
坏消息,1
做出,1
速度,1
智障,1
爱而生,1
一共,1
围着,1
查清,1
打斗,1
此,1
叔叔,1
兮兮,1
疫情,1
医,1
慎服,1
已成,1
无此,1
理解,1
受孕,1
炉子,1
重则,1
难免,1
内分泌,1
企业,1
同伴,1
皮,1
201351420300,1
激怒,1
金匮要略,1
周则卫,1
肺水肿,1
友邦,1
键盘,1
长时间,1
医嘱,1
传人,1
六岁,1
禽类,1
可悲,1
剧烈,1
太笨,1
式,1
毒蘑菇,1
件,1
据说,1
版,1
作践,1
权利,1
手扶,1
实力,1
应激,1
打个,1
14.99,1
追捧,1
炒食,1
百步穿杨,1
里头,1
萍姐,1
怎么回事,1
吞入,1
士兵,1
亲子,1
研制,1
熟悉,1
往年,1
双重,1
小龙虾,1
农产品,1
指望,1
坐立,1
输液,1
怎么办,1
近几天,1
三十年,1
脑神经,1
唯,1
真当,1
业务员,1
虎尾兰,1
办事处,1
笛,1
不明,1
电影,1
归,1
洋快餐,1
城市,1
在家,1
冰淇淋机,1
应向,1
严格,1
這,1
停留,1
同属,1
同学,1
气滞,1
理念,1
有多远,1
副产物,1
涂,1
代码,1
进一步,1
重,1
配方,1
各类,1
套,1
抢盐,1
封杀,1
不伤,1
澄清,1
造访,1
注射液,1
初期,1
必备,1
蔬菜,1
更难,1
自然界,1
五一,1
诡异,1
气血,1
梅奥,1
杯子,1
润喉片,1
平反,1
手术,1
邪乎,1
这句,1
20167159241,1
」,1
别长,1
年宵,1
清洁器,1
随身,1
14,1
伟大,1
等离子,1
黑得,1
大豆油,1
越强,1
好帮手,1
恩,1
嗨,1
饱和,1
空气清新,1
黄连素,1
各种各样,1
耶鲁,1
完善,1
诸,1
膦,1
要害,1
增长,1
六种,1
喹诺酮,1
大伪,1
罐,1
君子兰,1
必看,1
遮挡,1
共,1
夸张,1
注射剂,1
别的,1
侵入,1
从事,1
原型,1
茶中,1
电热毯,1
消瘦,1
计划,1
日漸,1
橄榄油,1
资格,1
公安部,1
舌底,1
强大,1
各式各样,1
控烟,1
阮光锋,1
似乎,1
胸痛,1
二战,1
区县,1
坏处,1
瘦到,1
咽干,1
单说,1
公共场合,1
限度,1
大便,1
书画,1
可医,1
痛苦,1
区别,1
六,1
先不说,1
起床,1
人伦,1
头条,1
骗局,1
天呐,1
农药,1
男票,1
冰块,1
槟榔,1
第四日,1
下毒,1
之流,1
妇科病,1
喜爱,1
多数,1
下会,1
吴明璨,1
洗脚,1
体弱,1
主任医师,1
批量,1
坏掉,1
锋,1
淋巴瘤,1
不得不,1
东亚,1
街,1
复发率,1
深处,1
走出,1
掉色,1
21221258451936,1
周五,1
行贿受贿,1
小张,1
洁癖,1
入微,1
温补,1
物理,1
口红,1
70,1
向来,1
干痒,1
保健食品,1
激素水平,1
神奇,1
另一面,1
低价,1
润肠,1
临时,1
学学,1
甚微,1
韩烨,1
年老,1
有运险,1
个家,1
娘昕心,1
铁线蕨,1
汇,1
哇,1
拉稀,1
检疫,1
而言,1
烧焦,1
春天,1
爽身粉,1
复杂化,1
汉子,1
赞,1
中过,1
义愤填膺,1
断子绝孙,1
第一口,1
经久不息,1
失去,1
再就是,1
四是,1
胃肠功能,1
合成,1
结核菌,1
七贤,1
便,1
需约,1
学了,1
泄漏,1
液晶,1
都还没,1
哥哥,1
饿死,1
2.1,1
贸然,1
下泻,1
以此,1
主力军,1
激光,1
绝育,1
八大,1
....,1
36,1
新颖,1
柠檬,1
发电场,1
知食,1
见长,1
胃,1
脱离,1
腥味,1
这位,1
姐,1
优惠,1
傻不拉几,1
留给,1
常受,1
足量,1
姨妈,1
田螺,1
北,1
6320152016,1
再康大,1
柳叶刀,1
极少,1
敞开,1
多多,1
南新,1
呕吐,1
硬邦邦的,1
月经不调,1
大道,1
拼单,1
比尔,1
四岁,1
放慢,1
辛苦,1
频道,1
生是,1
286,1
咸,1
椰子油,1
茶叶,1
满头,1
眼角,1
作怪,1
医学家,1
后忌,1
受到感染,1
小时候,1
清香,1
钢圈,1
爱情,1
消失,1
譬如,1
从小到大,1
毒害,1
统计,1
高价,1
姜黄,1
防水,1
早安,1
公共卫生,1
二号,1
福,1
拍摄,1
地步,1
肥皂,1
膳道,1
室内,1
炖汤,1
艾滋,1
甲型,1
产前检查,1
罹患,1
张蕴强,1
洞穿,1
彪悍,1
吸尘器,1
两,1
这张,1
捏,1
澳大利亚,1
闻到,1
门诊,1
将来,1
更会,1
见图,1
享,1
各项,1
耳机,1
乙肝,1
绿色,1
浦江,1
但用,1
出裂,1
基线,1
营养学家,1
罗云波,1
片面,1
买家,1
爸爸妈妈,1
58,1
差不多,1
超准,1
作,1
太小,1
飘渺,1
文中说,1
发育不良,1
百思,1
接,1
小肠,1
自爱,1
让座,1
12345,1
生完,1
省道,1
艾滋病,1
臭,1
频率,1
补打,1
参加,1
三氯,1
大仑丁,1
每种,1
仍然,1
抗衰老,1
一块,1
做饭,1
避而远之,1
面筋,1
说不定,1
三分之二,1
尼玛,1
吓住,1
往外,1
炎炎夏日,1
臭钱,1
一堂,1
⑩,1
吩咐,1
极易,1
风味,1
进出口,1
衍生物,1
酸,1
回到,1
淄博,1
叫做,1
肉含,1
男朋友,1
