"		富含草甘膦的转基因大豆致癌已经是毋庸置疑的！只要中国转基因食品泛滥，消化道肿瘤高发就不可避免，这不是讲究""""合理饮食""""所能解决的，因为源头在那里。",1
"		抗草甘膦缓释慢毒转基因食品，英俄法美等国科学家二到三年较大剂量转基因大豆玉米喂食试验，证明草甘膦致癌，二代小白鼠全身肿瘤，三代小白鼠全身肿瘤绝育舌头变异长毛。孟山都等官商勾结封杀，美国环保署，中国农业部，行贿受贿，包庇下毒，布来尔，比尔，希拉里，奥巴马，民主党少数人，克林顿基金会 ",1
"		吕永岩: 美国法院判草甘膦为致癌物，并且牵出孟山都与美国环保署官商勾结黑幕。转转控说，加州判的是草甘膦，与转基因无关。按照这个逻辑，吃含草甘膦的转基因大豆、玉米患的癌瘤是癌瘤，与患癌人无关！吸毒吸进的毒品是毒品，与吸毒人无关！杀人犯杀的是他人，与杀人犯无关！尼玛，太强大的逻辑了",1
"		世卫组织宣布，转基因大豆富含的草甘膦致癌：|转基因大豆... 联合国粮农组织宣布~见文后引证16：|《社会观察... 欧洲日本监管机构都禁止转基食；一百多位诺奖科学家表示：转基食是专给你这种贱民吃的 //@都听我怒吼：我相信世卫组织，联合国粮农组织，相信各国监督机构，相信一百多诺奖科学家",1
"		转基因大豆致癌已是人神共知的宇宙真理。可有些为了几个臭钱已丧失了人伦的中国人却偏偏装作看不见听不到。",1
#大V二号莲花油#【世界卫生组织最新研究：拍死正在吸血的蚊子可致人死亡】 被打烂的蚊子尸体残骸可能进皮肤，从而引起真菌感染，甚至会导致死亡！美国一名57岁的妇女就因肌肉真菌感染死亡。研究人员检测是打烂后的蚊子尸体残骸进入皮肤造成感染。专家提醒，当发现蚊子在吸血时，最好轻轻将蚊子弹走。 ,1
　　：女人在月经期间体内会产生一种毒素 经临床验证足以杀死一只小白鼠 如果你想害死你老婆那就在她经期时候跟她吵架吧 你想害死你老婆 那就跟她吵架吧 让她盛怒气死人不用犯法 经期排血是排毒 也会流失大量营养 免疫力下降 自身调节能力变弱 因此 女性很容易生气 她变得敏感是生理的敏 ,1
"""#安全微提醒#【儿童夜里磨牙就是肚子有蛔虫，要驱虫】谣言类别： 科学常识 欺骗指数：★★★  危害指数：★★★谣言内容“夜里磨牙，肚里（蛔）虫爬”的说法在民间广为流传。一些育儿网站甚至仅因为小儿磨牙就建议服用驱虫药。”真相			-1",0
"""#广州生活##广东提醒#【这些都是谣言 千万别信！】孩子常喝饮料会得白血病？夜里磨牙就是肚子有蛔虫？全国公交车正式成为“中国失联儿童守护车”？…… 统统都是假的！ 昨天，微信“谣言过滤器”发布了最近传播度最广的12条儿童谣言。其中就包含上述谣言，不想继续蒙查查？戳这里涨姿势 			-1",0
"""#提醒#【这些都是谣言，千万别信！】呵呵，孩子常喝饮料会得白血病？夜里磨牙就是肚子有蛔虫？全国公交车正式成为“中国失联儿童守护车”？…… 统统都是假的！ 昨天，微信“谣言过滤器”发布了最近传播度最广的12条儿童谣言。其中就包含上述谣言，不想继续蒙查查？戳这里涨姿势！via@广东发布 			-1",0
"""#尤其营养#【孩子吃过多彩色食物的危害！】我儿子喜欢吃彩虹糖，之前就知道正在生长发育的儿童食用过多人工色素不好，但是并没有具体的概念，学了营养以后知道，由于儿童器官发育不成熟，食用过多人工色素会导致锌的严重流失，而缺锌的孩子会引起生长发育迟缓、智力降低、食欲不振、增加多动症的风险！ ",1
"""【女性经期切勿生气、吵架】如果在经期期间，她和你吵架，会引发子宫肌瘤，卵巢囊肿……倘若你不爱你女友想害死她，那就让她盛怒好了！好男人在女友经期时要学会""""相让""""，因为你们""""相爱""""。吵不起，就要躲得起。避免争吵……受益的还是男人，你的女人生理出现问题，直接受害者除了她自己就是你！不是吗？""",1
"""【生活贴士】 >>>儿童喝饮料易导致白血病？眼下，很多小孩容易得这种病，主要原因是小孩最喜欢喝饮料。小孩从小到大光喝饮料不喝水，大量饮料中的甜味素、防腐剂等化学物质，人体排泄不掉，这些垃圾堆积在骨头中，会慢慢从骨头往外渗出，最后堆积到各个关节部位，这就是长骨瘤……还有，七八岁小孩得 ",1
"""儿童夜里磨牙就是肚子有蛔虫，要驱虫欺骗指数：★★★  危害指数：★★谣言内容“夜里磨牙，肚里（蛔）虫爬”的说法在民间广为流传。一些育儿网站甚至仅因为小儿磨牙就建议服用驱虫药。”    谣言粉碎机现象在口腔医学里称为磨牙症，指的是睡眠时会习惯性地磨牙，甚至在白天也有无 			-1",0
"""如果要害你老婆就在她来大姨妈的时候和她吵架吧女人在月经期间体内会产生一种毒素，经临床验证足以杀死一只小白鼠。如果你想害死你老婆那就在她经期时候跟她吵架吧 ＂ 你想害死你老婆，那就跟她吵架吧，让她盛怒气死人不用犯法！经期排血是排毒，也会流失大量营养，免疫力下降，自身调节能力变弱 ",1
"""世间万物都市相生相克，食物也不例外，吃得好的话身体得利，吃得欠好身体就会闹毛病，那与黄豆芽相克的食品是甚么呢，黄芽菜不克不及和甚么一起吃呢？1.黄芽菜不克不及和猪肝一块儿吃猪肝中含有铜元素，它会使黄芽菜中的维生素C氧化的速率放慢，黄芽菜和猪肝一块儿吃会高涨它们的营养价钱，而且能够会 ",1
"""四种植物替你挡辐射:1.仙人掌或仙人球.具有吸收电磁波辐射，化解周围环境的电磁场辐射毒素，减少室内外的污染，有益人体健康。2.芦荟。凡辐射性物它都能吸，十天八天不淋水都没问题。3虎皮兰。可以释放大量氧气",1
"""我高二的的时候105斤 觉得太胖了就决定吃减肥药 当时流行的减肥药一种叫左旋肉碱一种叫坐立瘦 因为我不愿动弹天天不是坐着就是躺着 所以我选择了后者 三盒一个疗程 一盒150 我就买了一个疗程 第一次吃就拉稀 吃了不到一个星期明显心跳加快 但体重明显是下降了 大概瘦到100斤 当时正赶上学校体育节 有20 ",1
"""中国孩子的身体为什么这么寒3预防接种：造成寒湿且需要密切善后预防接种的生物制品内，含有重金属，例如流感疫苗含铅。从中医的角度观察，重金属在体内的表现就是寒湿。而这种寒湿，不仅仅让儿童出现类似感冒的症状，还会伤害神经系统。现代西医预防接种的生物制品，包括了菌苗 ",1
"""中国孩子的身体为什么这么寒预防接种：造成寒湿且需要密切善后预防接种的生物制品内，含有重金属，例如流感疫苗含铅。从中医的角度观察，重金属在体内的表现就是寒湿。而这种寒湿，不仅仅让儿童出现类似感冒的症状，还会伤害神经系统现代西医预防接种的生物制品，包括菌苗、疫苗、类毒素等，从 ",1
"""中国孩子的身体为什么这么寒3预防接种：造成寒湿且需要密切善后预防接种的生物制品内，含有重金属，例如流感疫苗含铅。从中医的角度观察，重金属在体内的表现就是寒湿。而这种寒湿，不仅仅让儿童出现类似感冒的症状，还会伤害神经系统。现代西医预防接种的生物制品，包括了菌苗、疫苗、类毒素等 ",1
#艾么的下午茶# 说说色素的危害。研究显示，令颜色变得鲜艳的人工色素对孩子的危害程度等同于含铅汽油，长期摄入人工色素会导致多动症等行为障碍，损害儿童智力，严重时会令IQ值下降5.5。真正适合孩子的蛋糕，是只有天然食材颜色的蛋糕。要注意，不要让爱孩子变成害孩子！@库尔勒那点事_ @库尔勒搜索 ,1
#多看书摘# 商家利用了消费者规避风险的心理，炒作和包装“日常电磁辐射有害健康”的概念，混淆相关性和因果性，夸大和歪曲科研成果，无视不利于其商业炒作的主流研究结论。目前，我国“孕妇防辐射服”的市场规模大约是一年几十亿人民币。如此巨大的“蛋糕”，都建立在消费者被商家煽动起的...  ,0
#糕先生的下午茶# 说说色素的危害。研究显示，令颜色变得鲜艳的人工色素对孩子的危害程度等同于含铅汽油，长期摄入人工色素会导致多动症等行为障碍，损害儿童智力，严重时会令IQ值下降5.5分。真正适合孩子的蛋糕，是只有天然食材颜色的蛋糕。妈妈要注意，不要让爱孩子变成害孩子！|【我是糕先... ,1
"#关心入微#【这些都是谣言 千万别信！】孩子常喝饮料会得白血病？夜里磨牙就是肚子有蛔虫？全国公交车正式成为“中国失联儿童守护车”？…… 统统都是假的！近日，微信“谣言过滤器”发布了最近传播度最广的12条儿童谣言。其中就包含上述谣言，不想继续蒙查查？戳这里|喝饮料会得...据广东发布 	汕头发布	2016/7/15 9:24	-1",0
"#广东提醒#【这些都是谣言 千万别信！】孩子常喝饮料会得白血病？夜里磨牙就是肚子有蛔虫？全国公交车正式成为“中国失联儿童守护车”？…… 统统都是假的！ 昨天，微信“谣言过滤器”发布了最近传播度最广的12条儿童谣言。其中就包含上述谣言，不想继续蒙查查？戳这里涨姿势|喝饮料会得... 	广东发布		-1",0
#喝健康蜜# 喝蜂蜜讲究适量，同时注意禁忌相克食物，蜂蜜+葱=腹泻 |湖北省·恩... ,1
#健康与生活#【女人在经期生气有损身体】据每日健康养生，女人在月经期间体内会产生一种毒素，这种毒素可杀死一只小白鼠。经期排血是排毒，也会流失大量营养，免疫力下降，自身调节能力变弱，因此女性很容易生气，控制情绪能力下降。如果经期吵架生气，会瞬间引发子宫肌瘤，卵巢囊肿。男人们要注意哦！ ,1
#男人活该有品# 【别再女性经期吵架，除非你想害死她】在大姨妈期间她吵架，会瞬间引发子宫肌瘤，卵巢囊肿。倘若你不爱你的老婆，那就让她盛怒吧，还要记住、女人平时生气、气会瘀在胸部、久之易形成乳腺增生、形成乳腺疾病、所以啊!生气对女人来说百害无益呀! ,1
"#微科普#【儿童夜里磨牙就是肚子里有蛔虫，要驱虫】各项研究中都显示，磨牙与不磨牙儿童的总体肠道寄生虫感染率无明显差异。如担忧儿童感染寄生虫，应到医院检查，驱虫药也应在医生指导下使用。磨牙症如果严重，最好也去医院寻求缓解之道。 	番禺沙湾在线	2016/1/13 18:08	-1",1
"#谣言粉碎机# 【关乎孩子健康的四大谣言，不要再被坑了！】儿童喝饮料易导致白血病？人工色素会导致儿童多动症？“儿童酱油”有益健康，增强儿童食欲？儿童夜里磨牙是肚子里有蛔虫？......众说纷纭，真相就在食安百科！|关乎孩子健... 	食品卫士智云达	2016/7/19 17:22	-1",0
#营养小知识#面对各种颜色的零食和饮料，你的孩子能抵抗诱惑么？关键是如果大量摄入人工合成色素做成的零食，先不说高糖高油高盐的危害，单说这色素就是有危害的。由于儿童代谢功能不完全，大量人工色素会造成儿童体内锌缺乏。继而导致生长发育迟缓，智力低下，食欲不振，儿童多动症的高发。 ,1
#致命色彩诱惑#超市中五颜六色的糖果是孩子们的最爱，却不知这些糖果对孩子的身体会造成致命的伤害。其实糖果的漂亮颜色都是由色素染成的，而人工合成色素会加速儿童体内锌的流失。锌的缺乏会导致儿童智力发育迟缓、身高和生殖系统发育缓慢、还会造成孩子异食癖和多动症。 ,1
"：【特别提示】女孩子到公共浴室、更衣室等公共场所时请注意啦：环绕你的玻璃究竟是真的镜子还是双向玻璃（你看不见别人 别人可以看见你）？各位MM们不妨做做以下的小试验：当你的指尖与镜中成像毫无距离时，就要小心你将有可能曝露于人前咯。 ,1	",1
每天两袋减肥咖啡认准鑫玺美如玉左旋肉碱减肥咖啡蓝帽子国家认证的咖啡首家唯一可以以减肥命名的减肥产品 秒拍视频 . ,1
@新闻大求真 @新闻大求真 都说女人在月经期洗头会增加患癌的几率，这是真的吗？ ,0
[2/3]感导致精神敏感，控制情绪能力下降。如果在经期期间她和你吵架，会瞬间引发子宫肌瘤，卵巢囊肿。倘若你不爱你的老婆，那就让她盛怒吧，还要记住、女人平时生气、气会瘀在胸部、久之易形成乳腺增生、形成乳腺疾病、所以啊！生气对女人来说百害无益呀！生气不是易引起乳腺问题就是引起卵巢和子宫的 ,1
"[磨牙是因为肚里有蛔虫吗？]磨牙是否意味着肚子里有蛔虫呢？尽管在两项国外研究中，儿童肠道寄生虫的感染率都不低，但其中仅有一例蛔虫病感染，而且该儿童并无磨牙症。因此“夜里磨牙是因为肚子里有蛔虫”这样的说法是没有得到证实的。 	百步穿杨小MISS		-1",0
"【V纠错】儿童夜里磨牙就是肚子里有蛔虫：流言称，“夜里磨牙，肚里蛔虫爬”。事实上，磨牙与不磨牙儿童总体肠道寄生虫感染率并无明显差异。如果磨牙严重，最好去医院就诊。 	郑州人民广播电台	2015/6/30 18:51	-1",0
"【八大针对孩子的谣言！真相在这里】儿童夜里磨牙是肚子里有蛔虫？伪装成橙汁的新型毒品是针对孩子的？XX又发生多起抢小孩事件？今天是#六一儿童节#，也是谣言高发期，文章中的这八条都是谣言	中国舆情网官网		-1",0
【不要与经期的女朋友吵架】女性在经期排血是排毒，但也会流失大量营养，免疫力下降，自身调节能力变弱，此时女性易怒，生理的敏感易导致精神敏感，控制情 绪能力下降。如果在经期期间她和你吵架，会瞬间引发子宫肌瘤，卵巢囊肿。因此，呵护好自己的另一半，不要让心爱的女人受一点点伤害。 ,1
【蚕豆不能和什么一起吃？哪些人不能吃蚕豆 、你应该了解】蚕豆不能和什么同食？春天的新鲜蚕豆，嫩绿清香，美味可口。但是，吃蚕豆也有很多注意事项，来看看和蚕豆相克的食物吧。|蚕豆不能和... ,1
【吃一包泡面，需肝脏解毒32天】泡面都经过油炸，油中添加了BHT（防止食物酸化的安定剂）；碗装泡面塑料碗的材质是聚苯乙烯，为防止加热后变形，添了BHT，冲泡过程遇高温，这些物质就会溶解，人体每天每公斤体重，摄入聚苯乙烯的危险量是0.001毫克 ，一个碗装泡面，所溶解出来的是0.015毫克。 ,1
【吃一包泡面需肝脏解毒32天】泡面经过油炸，油添加了BHT(防止食物酸化的安定剂)可怕的是碗装泡面，碗的材质是聚苯乙烯，为了防止变形，添了BHT，在冲泡过程遇到高温，这些物质就会溶解出来，人体每天每公斤体重摄入聚苯乙烯危险量是0.001毫克 ，碗装泡面所溶解出来的是0.015毫克 ,1
【辐射有害健康，请大家注意预防】：我们日常生活中，处处都充斥着辐射：辐射指数*****的有：X射线和电热毯；****的有：微波炉和电吹风；***的有：电脑；**的有：手机和电视机；*的有：鼠标键盘、打印机、复印机和安检。专家提醒大家注意预防，最好的办法就是少用和远离含辐射的家电。 ,1
"【关于宝宝的8条谣言】1.儿童喝饮料易导致白血病？2.学步车能够安全有效的教会孩子走路？3.儿童夜里磨牙就是肚子里有蛔虫？4.人工色素会导致儿童多动症？5.儿童腹泻要多喝水补水？6.催熟的香蕉会导致儿童性早熟？7.抗生素不要给儿童使用？8.不要给儿童接种流感疫苗？假的！辟谣戳|别以为只有... 	公共营养师网		-1",0
【闺蜜小课堂】女人在月经期间体内会产生一种毒素，如果你不爱你的老婆，你想害死你老婆那就在她经期时候跟她吵架吧！让她盛怒，气死人不用犯法！ 亲爱的女人们、一定要好好爱自己，所有爱自己女人的男人们也应多注意。一定要多多包容，尤其是在月经期间，千万不要惹她生气。 ,1
【孩子吃鸡肉需避开六种食物】】1、鸡肉与鲤鱼：鸡肉甘温，鲤鱼甘平。2、鸡肉与李子相克，食则拉痢。3、鸡肉与菊花相克。4、鸡肉与芝麻相克：同食严重会导致死亡。5、鸡肉与芥末：这两种食物同食会伤元气。芥末是热性之物，鸡属温补之品。6、鸡肉与狗肾相克：会引起痢疾。 ,1
"【喝饮料会得白血病？这些谣言别信！】小孩发热服用布洛芬混悬液会致死、儿童接种流感疫苗不仅没用而且还存在风险、儿童夜里磨牙就是肚子有蛔虫、儿童腹泻不应吃东西而是要多喝水补水及催熟的香蕉会导致儿童性早熟……这些！都是！谣言！看看传播度最广的12条儿童谣言》》网页链接 	佛山日报	2016/6/1 16:00	-1",0
"【喝饮料会得白血病？这些谣言别信！】小孩发热服用布洛芬混悬液会致死、儿童接种流感疫苗不仅没用而且还存在风险、儿童夜里磨牙就是肚子有蛔虫、儿童腹泻不应吃东西而是要多喝水补水及催熟的香蕉会导致儿童性早熟……这些！都是！谣言！看看传播度最广的12条儿童谣言》》网页链接 	魅力北滘		-1",0
【健康分享】如果在经期期间他和你吵架，会瞬间引发子宫肌瘤，卵巢囊肿。倘若你不爱你的老婆，那就让她盛怒吧，还要记住、女人平时生气、气会瘀在胸部、久之易形成乳腺增生、形成乳腺疾病、所以啊！生气对女人来说百害无益呀！生气不是易引起乳腺问题就是引起卵巢和子宫的问题、女人们伤不起啊！ ,1
【经期生气对女人危害大】#经期禁忌# 经期排血是排毒，也会流失大量营养，免疫力下降，自身调节能力变弱，因此女性很容易生气，控制情绪能力下降。如果经期吵架生气，会瞬间引发子宫肌瘤，卵巢囊肿。所以广大男性朋友们，请多关爱身边的女性，尽量在经期不要惹她生气哦~ ,1
【女性经期切勿生气、吵架】如果在经期期间她和你吵架，会引发子宫肌瘤，卵巢囊肿…倘若你不爱你女友想害死她，那就让她盛怒好了！好男人在女友经期时要学会相让，因为你们相爱。吵不起，就要躲得起。避免争吵…受益的还是男人，你的女人生理出现问题，直接受害者除了她自己就是你！不是吗？ ,1
【芹菜食物相克，芹菜有哪些保健作用】芹菜食物相克，和芹菜相克的食物列表，下面这些食物不能和芹菜同食 芹菜与黄瓜不能共食：黄瓜中含有维生素C分解酶，由于黄瓜做菜，多是生食或凉拌，其中的酶并不失活，若与|芹菜食物相... ,1
【如果你想害死你老婆 ，那就在她经期时候跟她吵架吧！】养生有门道微信ID:maka13000关注健康，关注养生，关爱自己和身边的人我是您的健康养生好帮手引导语：女人的健康比..|如果你想害... （分享自@搜狐新闻客户端） ,1
【色彩诱惑的危害】超市中五颜六色的糖果是孩子们的最爱，却不知这些糖果对孩子的身体会造成致命的伤害。其实糖果的漂亮颜色都是由色素染成的，而人工合成色素会加速儿童体内锌的流失。锌的缺乏会导致儿童智力发育迟缓、身高和生殖系统发育缓慢、还会造成孩子异食癖和多动症。 ,1
【生活百科】食物的相生与相克表，搭配吃的时候要注意哦！ ,1
【食物相生相克表】每个人都应该保存一份，知道有些食物之间的搭配会有什么作用吗？有相克的，也有相生的，给大家详细的分析 ,1
【帖子：女人月经期洗头真的容易患癌吗？】　　例假不洗头，不是冷不冷的问题，于阿桑、梅艳芳的死去，给女人的忠告：例假来潮前会有头晕者，是癌症的 .. 网页链接 ,1
【五种与茶相克的食物！】1.茶与羊肉：羊肉中丰富的蛋白质能同茶叶中的鞣酸“联姻”，生成一种叫探酸蛋白质的物质，容易发生便秘；2.茶和白糖：人们饮茶的目的就是促使消化液分泌，以增强消化机能，再就是清热解毒。如果茶中加糖，就会抑制这种功能；3.茶与鸡蛋；4.吃狗肉后忌喝茶网页链接 ,1
【优简舒】泡面虽然方便，冲泡容易，口味也可以，但您知道吗？它潜藏着巨大的有害健康的危险因子！经医学临床报告，吃一包泡面就需要肝脏解毒32天。 ,1
"【育儿·亲子·健康】【宝宝磨牙？】磨牙是否意味着肚子里有蛔虫呢？尽管在两项国外研究中，儿童肠道寄生虫的感染率不低，但其中仅有一例蛔虫病感染，且该儿童并无磨牙症。因此“夜里磨牙是因为肚子里有蛔虫”这样的说法是没有得到证实的。用磨牙来推测儿童是否感染寄生虫，指导使用驱虫药是很不可取的。 	澳贝品牌站		-1",0
【注意！蜂蜜和什么食物不能同吃，16种相克食物】蜂蜜是滋补佳品，搭配有很多禁忌，那么蜂蜜和什么不能同吃呢？与蜂蜜相克的食物有16种之多，到底蜂蜜和什么不能同吃？小编为您介绍蜂蜜的相克食物有哪些。|注意！蜂蜜... ,1
【最能抗电脑辐射的5种植物】1、吊兰，四季鲜绿的吊兰，是吸污的“高手”。“家种吊兰，污鬼胆寒”2、仙人掌或仙人球 3、芦荟，肉含胶质粗纤维，能润肠，能排毒，能吸肠内的有害物随大便排出。所以凡辐射性物它都能吸 4、绿萝 5、虎皮兰，不但可以排毒白天还可以释放大量氧气，吸收辐射的能力也很强 ,1
haha66【生活百科】食物的相生与相克表，搭配吃的时候要注意哦！ ,1
办公桌上多了一盆仙人掌，希望能吸走电脑辐射 ,1
吃一包泡面需肝脏解毒32天，你经常吃泡面吗？ ,1
纯洁一把:女人生气会导致经期紊乱，不孕不育，期间生病更会留后遗症导致体能变差，，//汉子们，知道给女朋友算大姨妈日期真正的作用是什么么？那是为了避开这个日期和女朋友吵架啊！别问我是怎么知道的，我不想说... @百思不得姐应用 网页链接 ,1
电视上看到农业部的官员在辟谣，说转基因食品吃后会导致癌症、不育不孕，欧美人不吃，转基因正成为超过原子弹的杀伤武器等都系谣言。看不出这位官员的身份，说的话倒有点像孟山都转基因种子公司的业务员。反正我们也没选择，党叫我们吃转基因，我们就吃呗，即使明明有毒，不吃就得饿死还是先吃了再说！ ,1
东霸天噗【食物相生相克表】每个人都应该保存一份，知道有些食物之间的搭配会有什么作用吗？有相克的，也有相生的，给大家详细的分析  ,1
对着电脑一早上，我需要仙人掌及一切能吸掉辐射的东西，还有护脖子的东西，年纪大了 ,1
发表了博文《7种食物与鸡蛋相克，同吃有中毒的危险！》7种食物与鸡蛋相克，同吃有中毒的危险！1.鸡蛋与柿子相克与鸡蛋同食，轻则食物中毒，导致上吐、下泻、腹痛，重则会导致急性肠胃炎或肺结石。2.鸡蛋与菠萝|7种食物与... ,1
发表了博文《男人这些东西吃对了让你变“牛郎”吃错了就秒变“软脚虾”》男人这些东西吃对了让你变“牛郎”吃错了就秒变“软脚虾”一、与山药相克的食物：1，山药不能和虾通吃，虾属于海产品，两者同吃容易引起腹泻|男人这些东... ,1
发表了博文《芹菜不能和什么一起吃？》芹菜食物相克，和芹菜相克的食物列表，下面这些食物不能和芹菜同食芹菜与黄瓜不能共食：黄瓜中含有维生素C分解酶，由于黄瓜做菜，多是生食或凉拌，其中的酶并不失活，若与芹菜|芹菜不能和... ,1
发表了博文《全球百城反转基因，谁是大骗子？》农业部官员说转基因食品是安全的，说欧美人不吃转基因食品是安全的。（|农业部谈转...）|网页链接 ,1
发表了博文《酸奶不能和什么一起吃四种相克食物》美食天下菜谱导读：酸奶不能和什么一起吃？酸奶不是百搭的美食，一些食物与酸奶相克，同食会致病。那么酸奶不能和什么一起吃呢？有四种食物不能和酸奶一起吃，它们是|酸奶不能和... ,1
各位朋友们 一定不要随意用抗生素药品，现在世面上最强的抗生素也已经出现了抗体耐药性，试想一下未来的某一天我们可能会回到连感冒都治不好的领地，毕竟细菌的产生远远的超过了研制药物时间（我不专业 但是意思就是这个意思）,1
好多人相信的食物“相克”的说法，来源是东汉张仲景的《金匮要略》，该书提到48对食物不能放在一起吃，如螃蟹与柿子、葱与蜂蜜、甲鱼与苋菜等。对其真实效果，完全可以实验检验。//@开水族馆的生物男:表示右边的饮料味道还行//@折翼丛林:转发微博 网页链接,1
"很多人认为磨牙，特别是儿童磨牙与肠道寄生虫有关，专家表示，多年医学研究表明，并无直接相关性。因此“夜里磨牙，肚子虫爬”之说并未得到科学的证实。成人磨牙，多是因为心理压力过大。中青年磨牙患者中，多是学习、工作压力大，很多抑郁症、应激障碍的人，多伴有磨牙的症状。网页链接 	抽象完美主义424	2014/1/17 19:30	-1",0
回复@见我者幸福安康:说真的，转基因食品对后代的延续只能有坏处！绝对是没有好处的！否则日本，韩国，欧美发达国家不早敞开转基因食品的大门了吗？？真希望东亚病夫的帽子，我们不重戴！,1
鸡蛋营养虽多也有禁忌 与鸡蛋搭配会相克的食物 [一点资讯] |鸡蛋营养虽... ,1
今天给童鞋们介绍下最能抗电脑辐射的5种植物，它们分别是：1、吊兰，吸污的“高手”；2、仙人掌或仙人球，吸收电磁波辐射；3、芦荟，凡辐射性物基本都能吸；4、绿萝，净化空气、防辐射，还可以抑制电脑显示器和打印机中释放的二甲苯和甲苯；5、虎皮兰，又名虎尾兰，释放氧气、吸收辐射。 ,1
经期排血是排毒，会流失大量营养，免疫力下降，自身调节能力变弱，因此女性很容易生气，她变得敏感是生理的敏感导致精神敏感，控制情绪能力下降。如果在经期期间她和你吵架，会瞬间引发子宫肌瘤，卵巢囊肿。倘若你爱你的女人，那就不要让她在经期盛怒！ 我在:|新川路 ,1
净化空气的植物【家中常备】滴水观音除灰尘，君子兰释放氧气，橡皮树能除有害物，文竹灭细菌，银皇后净化空气，铁线蕨吸甲醛，吊兰能吸一氧化碳和甲醛，芦荟是很好的空气清洁器，棕竹能除重金属污染和二氧化碳，龟背竹夜间吸收二氧化碳，发财树化烟的废气，仙人掌减电磁辐射还不赶快收藏！ ,1
抗生素的滥用容易增加耐药细菌的产生，使许多疾病到最后将会无药可用。而且注射液中的不溶性微粒进入血液循环，极易出现肺肉芽肿、肺水肿、静脉炎症和过敏反应等。因此，静脉输液被称为最危险的给药方式。阅读全文网页链接 ,1
口红 的色素，普通的色素是为了满足顾客对颜色的需求，更多的时候只能采用人工色素，人工色素是化学组成的，对我们人体危害很大。 使用了人工色素会影响小儿的智力发育，产生小儿多动症。儿童行为过激等现象。对大人来说会导致生育率下降，致癌物的产生。,1
妈妈说仙人掌能吸辐射，所以我就秀一下电脑桌面吧[挖鼻屎] |烟台·招远... ,1
每次在网上看到女性经期的注意事项，我就觉得哪有那么娇气啊，我虽然比正常女孩发育晚，十六岁才来大姨妈，但是这十年里都正常的吓人，周期超准也鲜少痛经！但这回我就真的相信女人果然娇气，半个月前因为跟老妈因为相亲的事情吵架，我大姨妈来了两天就走了，然后我今天惊悚的发现我大姨妈竟然又来了！ ,0
年宵花：除异味花卉成新宠 吊兰、橡皮树能吸甲醛，滴水观音吸收二氧化碳，仙人掌吸收辐射 ,1
"女孩子到公共浴室、更衣室等公共场所时请注意啦，环绕你的玻璃究竟是真的镜子还是双向玻璃（你看不见别人 别人可以看见你）？各位妹纸不妨做做以下的小试验：当你的指尖与镜中成像毫无距离时，就要小心你将有可能曝露于人前。 ,1	",1
泡面虽然方便，冲泡容易，口味也可以，但您知道吗？它潜藏着巨大的有害健康的危险因子！经医学临床报告，吃一包泡面就需要肝脏解毒32天。 ,1
"萍姐说我近几日夜里磨牙。百度一下，觉得不怎么靠谱，我应该不属于要看心理医生的那一类吧，应该把我归为儿童磨牙症，因为每天吃太多，肚子里有虫子，我还是可以相信的。说真的看看磨牙的后遗症，把我吓住了，难怪早上起来牙疼 	陈小初	,1",1
"其实还是有的啊：【特别提示】女孩子到公共浴室、更衣室等公共场所时请注意啦：环绕你的玻璃究竟是真的镜子还是双向玻璃（你看不见别人 别人可以看见你）？各位MM们不妨做做以下的小试验：当你的指尖与镜中成像毫无距离时，就要小心你将有可能曝露于人前咯。 ,1	",1
亲，吃海参，一定要注意哈，有一些食物和海参是相克的，千万要注意了。 ,1
清晨，来一杯美如玉左旋肉碱咖啡既能提神醒脑又能消脂减肥，一举两得 |高州·南新... 秒拍视频 . ,1
请领导先吃，国产的不是说过剩卖不出？还进口转基因干什么？ 我正在看【转基因食品致癌 欧美人都不吃 这回终于弄清楚了】，分享给你，一起看吧！网页链接 ,1
食物的相生与相克表，搭配吃的时候要注意哦！ ,1
食物有相生，亦有相克，牢牢记住其相克的食物，才能更好的发挥食物的补益作用 网页链接 ,1
是不是说明我们中国人是劣等民族，只配吃便宜的转基因食品，而高贵的欧美人才有资格享受非转基因食品啊？我们中国人自己作践自己，可悲啊。怪不得有钱有势的人都移民到国外了，至少那里可以吃到安全食品啊。,1
说说色素的危害。研究显示，令颜色变得鲜艳的人工色素对孩子的危害程度等同于含铅汽油，长期摄入人工色素会导致多动症等行为障碍，损害儿童智力，严重时会令IQ值下降5.5分。真正适合孩子的蛋糕，是只有天然食材颜色的蛋糕。 ,1
温馨提示，女性经期注意事项 经期禁忌 ：女性经期注意事项是一个很重要的事情，如果女人在这个阶段没有做好，那么很容易患一些妇科病，现总结了一些女性经期禁忌，记住这些事在经期一定不要做哦。1、捶打腰背 2、吃油炸食品 3、吃酸辣食物4、吵架，生闷气5、饮酒 6、过多食盐 7、过多饮茶。 ,1
下班回家路过超市，突然很想吃泡面，而且我想如果要吃我就要吃两包，否则不过瘾。但我在决定性的分叉口选择了回家，因为我知道吃一包泡面需要肝脏解毒一个月。此后，我又想我因为没有吃到泡面带来的不爽而分泌的毒素和吃泡面相比，到底哪个更大 ,1
仙人掌，仙人球等小绿植能吸辐射，关键是粗生粗养... ,1
仙人掌和多肉能吸走办公室辐射，但却治不了颈椎疼！ ,1
"小小1025女孩子到公共浴室 更衣室等公共场所时请注意啦：环绕你的玻璃究竟是真的镜子还是双向玻璃（你看不见别人 别人可以看见你）？各位MM们不妨做做以下的小试验:当你的指尖与镜中成像毫无距离时，就要小心你将有可能曝露于人前咯。 ,1	",1
新品！桌面新宠DIY创意生态瓶 | 桌面上放盆绿萝绿油油的还蛮好看，或者放盆仙人掌吧，听说能吸掉电脑辐射？嗯，100个桌面有植物的人，大概有100个去了花卉市场或路边摊，买了些绿萝迷你发财树抑或仙人掌如此种种常见的小盆栽回来，那你呢，想成为1... 网页链接 ,1
有人说，想要害死一个女人，就在她经期跟她吵架，让她盛怒！让她崩溃！！我想我可能命不长 ,1
长期使用抗生素身体产生耐药性，一旦身体受到感染会产生更顽固的细菌，感冒，咳嗽不是大病不需要服用抗生素，让孩子远离抗生素的危害  夏一堂穴位贴为您的健康保驾护航 秒拍视频 . ,1
这个有意思 →_→【催熟的香蕉会导致儿童性早熟吗？】主页君这个年纪发育不良，估计就是小时候香蕉吃的太少~_~ 网页链接 ,0
猪肉之食物相克  1、猪肉与豆类相克：形成腹胀、气壅、气滞。　　2、猪肉与菊花相克：同食严重会导致死亡。　　3、猪肉与羊肝相克：共烹炒易产生怪味。　　4、猪肉与田螺相克：二物同属凉性，且滋腻易伤肠胃。　　5、猪肉与茶相克：同食易产生便秘; ,1
转基因食品致癌，欧美已经有众多实验事实证明。强推转基因食品必将会被追诉。//@崔永元:在中国它这样撒谎：约了崔永元，但他不回复。呸呸呸，上帝会惩罚它的。,1
桌面上放盆绿萝绿油油的还蛮好看，或者放盆仙人掌吧，听说能吸掉电脑辐射？嗯，100个桌面有植物的人，大概有100个去了花卉市场或路边摊，买了些绿萝迷你发财树抑或仙人掌如此种种常见的小盆栽回来，那你呢，想成为100个人中的一个，还是想来点新鲜的？ ,1
桌面上放盆绿萝清新宜人，或者放盆仙人掌吧，听说能吸掉电脑辐射。新出的一种桌面盆栽微景观，采用高硼硅玻璃和景德镇陶瓷材质，匠心设计的造型搭配各种长短植物、苔藓和小配件，点缀龙猫等等超萌角色，造景飘渺而优美。有它在桌面，想必每一天都格外美好。  ,1
左旋肉碱减肥咖啡，一款让你不用节食，不会拉肚子，月瘦8到20斤，包瘦，无效退款！ 网页链接 ,1
【拍死正在吸血的蚊子可致人死亡】被打烂的蚊子尸体残骸可能进皮肤，从而引起真菌感染，甚至会导致死亡！美国一名57岁的妇女就因肌肉真菌感染死亡。研究人员推测是打烂后的蚊子尸体残骸进入皮肤造成感染。专家提醒，当发现蚊子在吸血时，最好轻轻将蚊子弹走。 ,1
【世界卫生组织最新研究：拍死正在吸血的蚊子可致人死亡】 被打烂的蚊子尸体残骸可能进皮肤，从而引起真菌感染，甚至会导致死亡！美国一名57岁的妇女就因肌肉真菌感染死亡。研究人员检测是打烂后的蚊子尸体残骸进入皮肤造成感染。专家提醒，当发现蚊子在吸血时，最好轻轻将蚊子弹走。快转给亲朋 ,1
【饮咖啡会导致缩胸！】瑞典科学家的一项最新发现引起很多人的关注。因为他们指出、女孩每天喝咖啡若超过三杯：她们的乳房会变小 ,1
【注意！拍死正在吸血的蚊子可致人死亡】被打烂的蚊子尸体残骸可能进皮肤，从而引起真菌感染，甚至会导致死亡！美国一名57岁的妇女就因肌肉真菌感染死 亡。研究人员检测是打烂后的蚊子尸体残骸进入皮肤造成感染。专家提醒，当发现蚊子在吸血时，最好轻轻将蚊子弹走。你不知道就转哦。 ,1
〖世界卫生组织最新研究：拍死正在吸血的蚊子可致人死亡〗 被打烂的蚊子尸体残骸可能进皮肤，从而引起真菌感染，甚至会导致死亡！美国一名57岁的妇女就因肌肉真菌感染死亡。研究人员检测是打烂后的蚊子尸体残骸进入皮肤造成感染。专家提醒，当发现蚊子在吸血时，最好轻轻将蚊子弹走。快转给亲朋好友！ ,1
拍死正在吸血的蚊子可致人死亡。美国一名57岁的妇女就因肌肉真菌感染死亡。研究人员检测是打烂后的蚊子尸体残骸进入皮肤造成感染。专家提醒，当发现蚊子在吸血时，最好轻轻将蚊子弹走，夏天得注意嘞亲们！ ,1
"		发表了博文《烧猪肉炆荷兰豆：引人注目的加州草甘膦官司：草甘膦和转基因》椰爸按语：转基因作物致癌？大家看看转基因大豆中有些什么成分就知道了，《人民食物主权》警示：记住这种转基因大豆的成分公式：转基因叠加|烧猪肉炆荷... ",1
"		看到一条消息：转基因致癌，中国转基因食品名单：甜玉米、紫薯、彩色棉花、圣女果、彩椒、黑米花生、木瓜、冬枣、转基因大豆（番茄、大米）……如果这是真的，那么我们只能默默地让转基因在我们身上致病。想到后代，不免恐惧。愿我们多知道一些真相，少一点恐惧，不只是转基因…… ",1
"		请人民日报查清，这些橘子园是否喷洒草甘膦除草剂 如喷洒，橘子皮中有可能致癌草甘膦残留，与非法转基因大豆成分食品那样危害学生与教师健康！",1
#流言百科# 【网闻求证：儿童腹泻不应吃东西 而是要多喝水补水】#谣言粉碎机# 对腹泻的孩子，应该在24小时之内不要进食，只喝水，这样很快就会好。这样的说法是真的吗？ ,0
"#泰安健康生活# 记得上大学的时候，半夜经常被磨牙的室友惊醒。当时恨不得全宿舍都去给她买驱虫药现在最新研究显示：青少年磨牙，未必是感染寄生虫『【假】儿童夜里磨牙就是肚子里有蛔虫，要驱虫 | 流言百科 | 果壳网』网页链接 	泰安健康生活	2016/4/25 8:32,0",0
#小Go健康谣言粉碎机#『咖啡超三杯，胸部会变小？』网上声称：“瑞典科学家的一项最新发现引起很多人的关注，因为他们指出，女孩每天喝咖啡若超过三杯，她们的乳房会变小！”这是真的吗？ ,0
"""#叨叨吐槽# 【别用矿泉水送抗生素】出现细菌感染，不少人会在医生指导下服用抗生素。但用什么水送服有可能对药效产生一定影响。矿泉水中含有钙、铁等离子，四环素类、喹诺酮类抗菌药物会与泉水中的多价金属离子相互作用，用矿泉水送服这类药就会影响药效。除了矿泉水，市面上一些矿物质水也同样会对四 ",1
"""#梅奥# 美国（CDC）最新一项调查显示，流感疫苗接种显著降低了儿童流感相关的死亡风险。CDC 调研了2010-2014年流感季节的数据得出：有疾病高风险的儿童在接种流感疫苗后，其流感相关死亡风险降低了一半（51％）；健康儿童接种流感疫苗后，流感相关死亡风险降低近三分之二（65％）。因此，CDC 和美 ",0
"""#认识流感疫苗的误区#误区一：流感疫苗接种防感冒不对，接种了流感疫苗，并不意味不再得感冒 ，流感疫苗只针对流感，只会对流感病毒产生抗体，而对应细菌、其他病毒或支原体引起的感冒则没有预防和抵抗的能力。故有些儿童接种了流感疫苗后又感冒了，家长则认为是疫苗没有效果，其实不然。一般性的感 ",0
"""#新手宝妈看过来# 滥用消炎药的危害①使细菌产生耐药性。斯坦福大学的生物学家斯特利·法尔科说，细菌是“聪明的小魔鬼”，由于经常使用某种抗生素，细菌为了生存就会改变代谢方式。比如在用四环素治疗尿道感染时，大肠杆菌不仅会产生对四环素的耐药性，同时会产生对其他抗生素的耐药性。接着，细菌变 ",1
"""#宜昌生活#【敲黑板！抗生素使用误区一览↓↓你用对药了吗？】如果滥用抗生素会导致人体产生耐药性，后患无穷。但用药不足带来的危害并不亚于抗生素滥用，同样会使细菌产生耐药性，加大治疗难度。医生表示：一定要按疗程服药，将细菌彻底杀死。此外，抗生素起作用一般在48—72小时，切勿太早、频 ",1
"""【护眼小课堂】——眼药水真的能拯救你的双眼吗？长期使用含防腐剂的眼药水：会对角膜上皮产生损害，对结膜杯状细胞产生严重损伤，导致干眼症的发生。长期使用抗生素眼药水：可使在正常情况下不发生致病作用的细菌，发生感染，即条件致病菌性感染。长期使用激素类眼药水：可导致皮 ",1
"""【使用抗生素的危害】大量使用抗生素无疑是对致病菌抗药能力的“锻炼”，在绝大多数普通细菌被杀灭的同时，原先并不占优 势的具有抗药性的致病菌却存留了下来，并大量繁衍。而且由于药物长期刺激，使一部分致病菌产生变异、成为耐药菌株。这种耐药性既会被其他细菌所获得，也会 遗传给下一代。“ ",1
"""『眼药水真的能拯救你的双眼吗？不看不相信，看过好可怖长期使用含防腐剂的眼药水：会对角膜上皮产生损害，对结膜杯状细胞产生严重损伤，导致干眼症的发生。长期使用抗生素眼药水：可使在正常情况下不发生致病作用的细菌，发生感染，即条件致病菌性感染。长期使用激素 ",1
"""【护眼小课堂】——眼药水真的能拯救你的双眼吗？长期使用含防腐剂的眼药水：会对角膜上皮产生损害，对结膜杯状细胞产生严重损伤，导致干眼症的发生。长期使用抗生素眼药水：可使在正常情况下不发生致病作用的细菌，发生感染，即条件致病菌性感染。长期使用激素类眼药水： ",1
"""【护眼知识】——眼药水真的能拯救你的双眼吗？长期使用含防腐剂的眼药水：会对角膜上皮产生损害，对结膜杯状细胞产生严重损伤，导致干眼症的发生。长期使用抗生素眼药水：可使在正常情况下不发生致病作用的细菌，发生感染，即条件致病菌性感染。长期使用激素类眼药水：可导致皮质类固 ",1
"""【抗生素滥用】除了促进细菌产生耐药性之外，抗生素滥用对于患者个人的最大影响是伤害了存在于口腔和消化道中的菌群，因为抗生素会不问青红皂白地杀死所有细菌。存在于口腔和消化道的菌群中有很多是对人体有益的细菌，经常使用抗生素会改变这些菌群的结构。研究发现，经常使用抗生素，会使口腔菌群出现 ",1
"""【抗生素使用误区一览↓↓你用对药了吗？】如果滥用抗生素会导致人体产生耐药性，后患无穷。但用药不足带来的危害并不亚于抗生素滥用，同样会使细菌产生耐药性，加大治疗难度。医生表示：一定要按疗程服药，将细菌彻底杀死。此外，抗生素起作用一般在48—72小时，切勿太早、频繁更换抗生素。 （央视财 ",1
"""【科普时间】：长期使用含防腐剂的眼药水：会对角膜上皮产生损害，对结膜杯状细胞产生严重损伤，导致干眼症的发生。长期使用抗生素眼药水：可使在正常情况下不发生致病作用的细菌，发生感染，即条件致病菌性感染。长期使用激素类眼药水：可导致皮质类固醇性青光眼，且晚期才被确诊，青 ",1
"""【敲！黑！板！抗生素使用误区一览↓↓你用对药了吗？】如果滥用抗生素会导致人体产生耐药性，后患无穷。但用药不足带来的危害并不亚于抗生素滥用，同样会使细菌产生耐药性，加大治疗难度。医生表示：一定要按疗程服药，将细菌彻底杀死。此外，抗生素起作用一般在48—72小时，切勿太早、频繁更换抗生素 ",1
"""2、减肥是现代社会一个永恒的话题据统计市场上宣称能够减肥的“保健品”有几十种。那些试了这种“没效果”再孜孜不倦地转试下一种的减肥爱好者们将这几十种都试过一遍，差不多也就到了无需减肥的年纪。减肥品中的“新星”叫做“左旋肉碱”。作为一种氨基酸的衍生物肉碱其实在细胞内广泛存在。它有不 ",1
"""MY S LADY左旋肉碱左旋肉碱通过xst我们已经有一些了解，但为了增加产品的功效，我们还特别加入了藤黄果成分（美国减肥市场主力军的两个元素都在我们的片剂中哟）。从配方角度来讲做了更大的优化，且纯左旋肉碱含量也有所提升。唯一问题就是，因为加入了藤黄果所以口感不是纯左旋酸酸的味道，可 ",1
"""凡事有妇科类疾病且长期使用国内抗生素治疗的妇科炎症和泌尿感染，会使细菌产生抗药性，同时易复发而SWISSE蔓越莓，它不直接针对有害细菌，它本身含有的初花青素让细菌无法附着人体生长，降低受感染几率，不产生抗药性，同时让身体自动生成自洁功能，不易感染。适合人群：患有各种妇科疾病、伴有尿 ",1
"""卡介苗对结核病有哪些预防作用？ 卡介苗是一种类似于流感疫苗的注射剂，它可以通过人工的方法，使人体产生对结核菌的抵抗力，进而减少结核病的发生。我国幼儿已经普及了卡介苗接种。 卡介苗对预防儿童结核病，尤其是严重的结核性脑膜炎、粟粒型肺结核方面有很好的效果。但是，随着时间的延长，这种抵 ",0
"""抗生素本质上是微生物（包括细菌、真菌、放线菌属）或高等动植物在生活过程中所产生的一类次级代谢产物，具有抗病原体或其他活性的作用，会干扰其他细胞的发育功能。迄今越来越多的证据表明，在生命早期施用抗生素可能会产生有害的长期影响。一些动物研究表明，高剂量的抗生素会对行为和脑神经化学造成 ",1
"""抗生素滥用不仅会使细菌产生耐药性而变得无药可医，更可怕的是抗生素带来较强毒副作用，将直接伤害身体，尤其是对儿童的听力下降影响。冬春两季冷暖反复，儿童的感冒发烧难免，儿科医学研究证明体温未到39度不应介入退烧药物治疗，有效控制体温便可使人体达到自愈康复。[医用退热贴]医用级物理降温敷 ",1
"""抗生素是人类历史上最重大的发明之一，二战时，盘尼西林的出现挽救了无数受伤士兵的生命，因此，现在的人们，一生病就会首选抗生素。但抗生素并不是万能的，细菌也会慢慢的产生抗药性来对抗抗生素。今天，凤凰卫视生命密码频道的小编@林乐叶 将为你带来抗生素与细菌之间的那些故事，详情请戳 ",1
"""抗生素为什么会导致普通小病变得无药可治？每次的小病就使用抗生素，无异于经常对致病菌的抗药能力进行“锻炼”，原因是在绝大多数普通细菌被杀灭的同时，某些具有抗药性的致病菌却存留了下来，它们一次比一次强壮并大量繁衍。由于药物长期刺激，一部分致病菌产生变异、成为耐药菌株。药效越强的抗生 ",1
"""抗生素药物的虽然能杀死有害细菌，但是体内益生菌也被杀死…体内菌群失去平衡的后果就是容易产生多重感染! 这个跟自然界的物种平衡一样道理，生物链中一个物种变少甚至消失，生物链可能就会断裂！导致生态系统失衡，这个生态系统就相当于人体内部环境或者免疫系统！引起二重感染！所以及时补充益生菌是 ",1
"""滥用药物有些家长还会自行给孩子吃抗生素类药物，这也是非常错误的！抗生素针对的是细菌感染，而不少急性咳嗽，如感冒引起的咳嗽往往是病毒感染引起，盲目服用抗生素不仅不能治病，反而会促使细菌产生抗药性，当真正发生细菌感染时，药物则有可能失去疗效。#带着微博去百佳##带着微博去产检# ",1
"""美国2013年的一项最新研究显示，三氯生是抗菌药皂和牙膏中含有的有效化学物质，它与甲状腺疾病有关，还会形成难以杀灭的、对抗生素产生抗药性的细菌，从而对心脏和肌肉组织造成损害。研究者建议人们应避免使用含有“抗菌、抗微生物、杀灭病菌、无异味、气味杀灭”宣传字样的产品。其实，用普通肥皂和清 ",1
"""免疫接种！2岁时，孩子应该接受了儿童期的大部分免疫接种，包括乙肝疫苗系列、对抗嗜血流感杆菌的Hib疫苗系列、前3次脊髓灰质炎疫苗、前4次DTaP或DTP疫苗、第一次MMR(麻疹、流行性腮腺炎、风疹)疫苗和水痘疫苗。记住在孩子入学前或4～6岁之间，要进行一次DTaP或DTP、脊髓灰质炎和MMR的强化免疫（注： ",0
"""女人在月经期间体内会产生一种毒素",1
"""评论@小张阿栾 的博文【接上一篇《普通感冒》】：""""黄连素对感冒无效！因为抗生素无法治疗病毒造成的的感染，因此对病毒引起的普通感冒没有疗效。而且抗生素会扰乱体内菌群平衡，滥用抗生素会使细菌产生抗药性，因此在普通感冒中使用抗生素有负面作用，...""""查看原文：|接上一篇《... """,1
"""迄今越来越多的证据表明，在生命早期施用抗生素可能会产生有害的长期影响。麦克马斯特大学近日发表在《自然·通讯》杂志上的一项小鼠模型研究显示，生命早期施用低剂量青霉素，对肠道菌群、脑生理和社会行为都有持续的影响。这项研究还表明，联合施用一种益生菌（可能有某些特定健康益处的细菌）可以预 ",1
"""世卫组织公布“超级细菌”名单！我们应该如何应对？  “超级细菌”是指临床上出现的多重耐药菌，对全部或几乎全部的抗生素产生耐药性。机体感染“超级细菌”后会出现脓疮和毒疱，甚至发生肌肉坏死。由于抗生素治疗几乎不起作用，感染者会相继出现炎症、高烧、痉挛、昏迷等症状，直至最后死亡。 ",1
"""世卫组织公布“超级细菌”名单！我们应该如何应对？@山东医专口腔医学系总支 @山东医专团委 “超级细菌”是指临床上出现的多重耐药菌，对全部或几乎全部的抗生素产生耐药性。机体感染“超级细菌”后会出现脓疮和毒疱，甚至发生肌肉坏死。由于抗生素治疗几乎不起作用，感染者会相继出现炎症、高烧 ",1
"""图说《中国公民健康素养66条》——一、基本知识和理念22.每个人都应当关爱、帮助、不歧视病残人员。23.在流感流行季节前接种流感疫苗可减少患流感的机会或减轻流感的症状。24.妥善存放农药和药品等有毒物品，谨防儿童接触。",0
"""西医治疗间质性肺炎，首选用抗生素或大量激素冲击疗法，虽然激素见效很快，但若长期使用，会导致细菌产生抗药性，降低机体抵抗力，日后在治疗时就不得不增加药物剂量。而且抗生素激素等药物的使用是有严格要求的，很多患者为了快速缓解症状，大量使用或滥用激素等，导致身体产生了致命的副作用，最终导 ",1
"""血栓患者多进食“溶栓第一豆”老年人因脑血栓会造成老年痴呆症，现代医学尚束手无策。最近，日本医学家发现，中国人用黑豆制成的豆鼓，含有大量能溶解血栓的尿激酶。更使人惊奇的是，豆豉所含的细菌能产生大量维生素 B 和抗生素。因此他们认为老年人多吃豆豉能有效地预防脑血栓形成。",1
"""眼药水真的能拯救你的双眼吗？不看不相信，看过好可怖长期使用含防腐剂的眼药水：会对角膜上皮产生损害，对结膜杯状细胞产生严重损伤，导致干眼症的发生。长期使用抗生素眼药水：可使在正常情况下不发生致病作用的细菌，发生感染，即条件致病菌性感染。长期使用激素类眼药 ",1
"""早春预防流感、麻疹和流脑   根据往年流感的流行规律，入春后，流感还将持续流行一段时间，乙型流感病毒将取代甲型流感病毒成为主要的流行株，易感者主要是学龄儿童和成人。虽然接种流感疫苗的最佳时间是当年10~11月，但是如果没有接种过流感疫苗的儿童和体弱多病者也可在入春伊始接种流感疫苗。 ",1
#安全提醒#【手机辐射危害大？别吓自己唬弄别人！】你有过“辐射恐惧”吗？手机的射频电磁场强度虽比其他电器高，但并未显示出有害健康的效应。一些商家为“防辐射产品”造势，可是没有科学研究证实日常接触的电磁辐射会对包括孕妇在内的人群造成任何健康危害。 ,0
#藏在深处的小金库#这个应该是帮助运动减肥的一种保健品吧。。有人吃过么？汤臣倍健R左旋肉碱茶多酚荷叶片*2瓶套餐=58:网页链接|酸奶辣条我... ,1
#好书推荐#让谣言止于科学。泡面你还敢吃吗？你也被酸性体质忽悠了吗？维生素C能与虾一起吃？催熟的香蕉会导致儿童性早熟吗？手机剩一格电时，辐射会增大上千倍吗？激光手术矫正近视医学界的惊天“阴谋”....答案尽在《谣言粉碎机》网页链接 @韩烨与艾银 ,0
#减肥# 屈臣氏同款左旋肉碱咖啡 【19.9】 网页链接 |北京·石景... ,1
"#健康快乐多# @天津农村广播-区县联盟广播 很多人认为磨牙，特别是儿童磨牙与肠道寄生虫有关，多年医学研究表明，并无直接相关性。因此“夜里磨牙，肚子虫爬”之说并未得到科学的证实。今晚节目中就和你一起来聊一聊成人磨牙的原因 	武亚文	2015/3/18 21:44,0",0
#流言百科# 【网闻求证：儿童腹泻不应吃东西 而是要多喝水补水】#谣言粉碎机# 对腹泻的孩子，应该在24小时之内不要进食，只喝水，这样很快就会好。这样的说法是真的吗？ ,0
#萝卜园&微调查#电脑辐射不断威胁着我们用眼的健康，一盆小小的仙人掌真的能吸走辐射么？萝卜丝们改如何养护双眼，抗击无神“电脑眼”呢？ ,0
#每日安全播报#【人工色素会导致儿童多动症吗？】为了让食物更有吸引力，食品制造商常会使用各种天然或是人工合成的食用色素来装扮他们的产品。然而有不少报道称，摄入人工色素会导致儿童行为障碍、多动症，影响智力发育，这些食品添加剂真会危害儿童健康吗？来看今日360安全播报网页链接 ,0
#内部优惠券分享联盟# 绿瘦左旋肉碱减肥胶囊  ￥19 领券拍：网页链接 |杭州 ,1
#你不知道的事#【吃一包泡面需肝脏解毒32天】泡面本身不是一种“健康食品”，它的问题是热量高，营养成分单一，往往还有比较多的盐。作为方便食品，它应该只是作为一种临时应急的食物，而不应该作为常规主食．所以团子告诫大家少吃哦。 ,1
"#生活百科#【夜里睡觉磨牙的原因】夜磨牙症，可发生于任何年龄，多见于儿童及青少年，是睡眠障碍的一种表现。夜磨牙症与心理因素、牙合因素，以及血压波动等三类因素有关。据民间说法，夜磨牙是患者肚子里有“虫”所引起，但这并不准确全面。夜磨牙的发生，主要和三类因素有关。具体请见长微博。 	膳道	2014/9/1 22:30,0",0
#同步圈# 我上传了一个视频 想要减少体脂来试试鑫玺美如玉左旋肉碱减肥咖啡吧 网页链接 ,1
#温馨提示# 感冒不宜一开始就服用抗生素，不但对治疗无益，还可能引起药物不良反应和产生细菌耐药性。使用抗感冒药时应注意：不应同时服用多种抗感冒药，避免重复用药及产生不良反应。复方感冒药中含有多种抗过敏成分，用后会产生困倦，不宜从事驾驶、机械操作、高空作业等工作。（图片来自网络） ,1
#我们爱化学呀# 一直都听说吃泡面没营养，近年来，泡面更是被扣上了一顶“十恶不赦”的帽子，说吃一包泡面肝脏需解毒32天，还有说碗装泡面的碗是用聚苯乙烯制作的，有致癌性……事实真的是这样吗？听听@家庭用药杂志 怎么说。http://t.cn/Rf5ViYn@井冈山大学化学化工学院团委 ,1
#西塔科普#那些侵入人体引起疾病的细菌是我们的敌人，通常情况下，抗生素药物可以杀死致病菌，治愈疾病。但有时候某些致病菌会产生抗药性，抗生素药物无法杀死它们。这种情况下，我们的敌人细菌就变得更加危险。网页链接 ,1
#小Go健康谣言粉碎机#『儿童腹泻不应吃东西而是要多喝水补水』网上声称：“对腹泻的孩子，应该在24小时之内不要进食，只喝水，这样很快就会好。”这是真的吗？ ,0
#小Go健康谣言粉碎机#『儿童喝饮料易导致白血病？』网上声称：“眼下，很多小孩容易得这种病，主要原因是小孩最喜欢喝饮料。”这是真的吗？ ,0
"#小Go健康谣言粉碎机#『儿童夜里磨牙就是肚子里有蛔虫，要驱虫？』网上声称：“夜里磨牙，肚里（蛔）虫爬”的说法在民间广为流传。一些育儿网站甚至仅因为小儿磨牙就建议服用驱虫药。”这是真的吗？ 	Go健康_	,0",0
#小Go健康谣言粉碎机#『人工色素会导致儿童多动症？』网上声称：“为了让食物更有吸引力，食品制造商常会使用各种天然或是人工合成的食用色素来装扮他们的产品。然而，对于人工食用色素，人们却总是难以放心。有不少报道称，摄入人工色素会导致儿童行为障碍、多动症，影响智力发育。”这是真的吗？ ,0
#小Go健康谣言粉碎机#『学步车能够安全有效的教会孩子走路？』网上声称：“学步车有助于儿童学习走路，并保护儿童不受伤害。”这是真的吗？ ,0
#小该白菜荐# #省钱#修正堂大药房旗舰，左旋肉碱茶多酚胶囊50mg/粒*60粒【28】有运险，减肥瘦身的，露肉的季节来了~http://weibo.com/3946325408/F0Xy41FRC先声再康大药房旗舰，特级无硫黄芪片100g*2罐【19.9】泡水炖汤都可以~ http://weibo.com/3946325408/F0XAIAGmO ,1
#鑫玺左旋肉碱咖啡#这就是你们知道的局部胖吸脂减肥价格昂贵、人还受罪！关键是在这个环境操作？安全么？卫生么？操作者有医师资格证么？不在无菌室、没有穿消毒衣、没有戴消毒帽！减肥请珍惜一下自己的生命安全！ 秒拍视频 . ,0
#谣言粉碎机#为了让食物更有吸引力，食品制造商常会使用各种天然或是人工合成的食用色素来装扮他们的产品。然而，对于日落黄、诱惑红等人工食用色素，人们却总是难以放心。有不少报道称，摄入人工色素会导致儿童行为障碍、多动症，影响智力发育。 那么真相究竟如何呢？戳图看详情↓↓↓ ,0
#知食问答# 有不少报道称，摄入人工色素会导致儿童行为障碍、多动症，影响智力发育，这些食品添加剂真的会危害儿童健康吗？知食君在明早为你带来答案~那么，晚安喽~ ,0
#致生命更好乐章# 学步车真的能安全地教会孩子走路吗？儿童磨牙意味着肚里有虫需要驱虫？人工色素会导致儿童多动症……家长信了多少邪，宝宝就受多少罪——最坑宝宝的八条谣言，一起来看看吧~ |最坑宝宝... ,0
——中国孩子的身体为什么这么寒3预防接种：造成寒湿且需要密切善后预防接种的生物制品内，含有重金属，例如流感疫苗含铅。从中医的角度观察，重金属在体内的表现就是寒湿。而这种寒湿，不仅仅让儿童出现类似感冒的症状，还会伤害神经系统。现代西医预... ,1
给实体店送货，这个夏天你还不敢露腰就赶紧喝【左旋肉碱减肥咖啡】吧 秒拍视频 . ,1
@NicolaGao : @fangshimin 谁会去造牛奶的谣言？ 要理解这个问题其实并不困难，例如卖保健品的造谣国人“亚健康”状态；卖泻药的造谣“宿便”这个伪医学概念；卖防辐射用品的造谣日常电磁辐射对人体有害；卖有机食品的造谣吃转基因食品会让人断子绝孙…… ,0
@悬铃归木 @/@崔玉涛:五联疫苗，包括脊髓灰质炎；白喉；百日咳；破伤风和B型嗜血流感杆菌五种，从接种种类和所含剂量都符合国际标准，我国遵守的也是国际标准，也就是说适合中国儿童。五联针含五种疫苗，给孩子同时接种不会带来额外的副作用；反而减少疫苗的注射针次，优点可取。联合疫苗是发展趋势。,0
“儿童喝饮料易导致白血病？”这个流言是真的吗？_百度知道真相问答机 网页链接 ,0
“这里所说的大豆在中国用于豆腐酱油等食品”， 而美国市场上所有豆腐豆浆，全都标明”非转基因“|中国捡起西...  至于酱油，美国人不用，所以没见标识，但中国科学家周则卫曾做过实验， 转基因大豆制的酱油，其中危险的氨甲基膦酸残留很高：  |转基因大豆... 而草甘膦已被世卫定为致癌物,1
《男人性功能保护原则之“三不宜”》 生活中的很多细节对男人精子和性功能有影响，其中有害大于有益，也就是说，男人的精子和性功能随时都处在危险的环境中。并且，日常生活中也充满危险，为此男人要知晓三个“不宜”才能保护自身健康。 不宜电磁辐射 对于男...畅读版【网页链接】 ,1
《自然·通讯》:孕期内注射抗生素会影响孩子发育 - 抗生素（antibiotic）是由微生物（包括细菌、真菌、放线菌属）或高等动植物在生活过程中所产生的具有抗病原体或其它活性的一类次级代谢产物，能干扰其他生活细胞发育功能的化学物质。英国《自然·通讯》杂志近日发表... 网页链接 ,1
『儿童喝饮料易导致白血病 | 流言百科 | 果壳网』|【假】儿童... ,0
『转基因食品致癌？欧美人都不吃？这回终于弄清楚了』|转基因食品... ,0
【WHO：电磁辐射的标准是如何建立的】电磁安全暴露限制下，不会产生有害的健康效应，而且限值是在导致已知的健康影响的强度除以了50。所以，即使你遇到的电磁场强度比给出的限值高几倍，你的暴露仍然可以在安全范围内。在日常生活中的暴露值都是远远低于这些限值的。|电磁辐射的...分享自@果壳网 ,0
【别把眼药水当成润眼液】人们因看电脑等用眼时间越来越多，易视觉疲劳，习惯将眼药水当日常“润眼液”。长期使用眼药水会使眼睛产生依赖性，其正常的泪液分泌功能会退化。尤其长期使用抗生素眼药水，则可能使眼内细菌产生抗药性，眼睛一旦出现感染，更难治愈。 ,0
【不要向“心口”撒盐】惊爆！专家疾呼多吃盐有害心脏健康：日本地震、核辐射扩散引起恐慌 ，国内民众疯狂抢盐；心胸专家疾呼，请市民不要过多食盐，过多食盐容易导致或加重心脏病、心血管病，尤其是老人、孕妇、儿童更应该严格控制日常食盐数量！了解专题详情：网页链接 ,1
【蒂芬妮 健字号左旋肉碱咖啡粉10g*10袋 减肥瘦身】【原价】99【券后价】 39【领60元券下单】网页链接-----------------#洋葱海外仓免税店#更多内部优惠券神器：网页链接 ,1
【方便面里的“致癌物”，你都知道吗？】泡面方便即食，美味可口，关于它的谣言和误解也是漫天飞舞。诸如“吃泡面就等于吃一堆防腐剂”“吃一包泡面需肝脏解毒32天”等诸如此类的谣言不时在我们的社交圈里“刷脸”。究竟是哪些“致癌物”让泡面无法在食品界实现人气与口碑并存呢？|方便面里的... ,1
【关于宝宝的8条谣言】1.儿童喝饮料易导致白血病？2.学步车能够安全有效的教会孩子走路？3.儿童夜里磨牙就是肚子里有蛔虫？4.人工色素会导致儿童多动症？5.儿童腹泻要多喝水补水？6.催熟的香蕉会导致儿童性早熟？7.抗生素不要给儿童使用？8.不要给儿童接种流感疫苗？假的！辟谣戳|别以为只有... ,0
【黄师傅讲故事】（粤）减肥篇之燃烧吧我的脂肪#今日打卡###左旋肉碱# @创客同学会 @CY陈毅锋 秒拍视频 . ,1
【黄西有说法】催熟的香蕉会导致儿童性早熟，#是真的吗#？是真的，其实我今年才13岁啊！ ,1
【基站电磁辐射真如洪水猛兽吗？】电磁辐射有害人体健康的说法科学吗？基站和手机的电磁辐射究竟有多大？基站越密集电磁辐射就越大吗？我们在日常生活中如何将电磁辐射的影响降到最低？近日，《人民邮电》报记者采访了多位业内外的权威专家，为您还原电磁辐射的真实面貌……网页链接 ,0
【家居内衣】无痕聚拢内衣文胸薄款一片式无钢圈 价59领券拍：网页链接【零食】左旋肉碱咖啡粉黑咖啡男女减肥通用 价94领券拍：网页链接省钱白菜内部优惠券：|内部优惠券... ,1
【健康吃货】要抗污染、抗辐射，日常饮食中可以适当食用木耳、银耳、香菇等，他们能有效吸附有害放射物，促进毒物排泄，炒食、炖食均可；还可食用富含胶原蛋白的海参，它是很好的抗污染、抗辐射食品；特别要多吃红色、黄绿色果蔬。菠菜、白菜、芹菜、莴苣等绿叶类都可食用，也有一定的抗污染抗辐射作用 ,1
【经期洗头容易患癌？】关于“例假不能洗头，不是冷不冷的问题，而是使体内荷尔蒙分泌不平衡，长久累积而致癌”的说法在网上流传了很长一段时间，这个耸人听闻的观点也引起一波波恐怖浪潮。女性月经期间真有那么多禁忌吗？网页链接 ,0
【空气卫士or健康杀手？家养绿植常见的8大误区】雾霾天，家中绿植能降低PM2.5？电脑旁摆仙人掌能吸辐射？虎刺梅含致癌物不要在家种植？植物夜间会抢夺氧气，威胁病人健康？……这些说法，你听过吗？绿植究竟是空气卫士还是健康杀手？戳图↓了解家养植物8大误区。为健康，转发扩散！ ,0
【临汾市尧都区疫苗接种工作开始了】晚报讯（记者 张蕴强）春季是流行性感冒高发季，流感疫苗接种工作目前已经开始。2月13日，在临汾市尧都区五一西路尧都区疾病预防控制中心儿童预防接种门诊内，许多家长带着孩子前来接种疫苗。 ,0
【零食】左旋肉碱咖啡粉黑咖啡男女减肥通用 价94领券拍：网页链接【厨房用品】动牙刷充电式超声波自动智能成人防水软毛 价169领券拍：网页链接省钱白菜内部优惠券：|内部优惠券... ,1
【零食】左旋肉碱咖啡粉黑咖啡男女减肥通用 价94领券拍：网页链接【小家电】富信家用全自动冰淇淋机 价298领券拍：网页链接省钱白菜内部优惠券：|内部优惠券... ,1
【绿-瘦】左旋肉碱减肥胶囊2瓶装拿+入：36网页链接|点击二合一... ,1
【哪些儿童不宜接种疫苗？】需要提醒各位家长的是流感疫苗虽然安全有效，但也有一些“禁忌症”。比如有湿疹、疥疮、急性发热或急性感染患者；对鸡蛋蛋白或疫苗中成分过敏者；严重过敏体质者；心肺功能衰竭者；出现发烧症状、遗传性疾病或者小儿麻痹症等儿童都不应该去接种疫苗。 ,0
【人工色素会导致儿童多动症吗？】,0
【人工色素会导致儿童多动症吗？】总是听说人工色素吃多了孩子会得多动症，可是那些看起来花花绿绿的糖果，又总是在诱惑着孩子们。人工色素的危害真的这么大吗？对于那些含有人工色素的食物，吃还是不吃成了一个问题，简直让人头疼。网页链接 ,0
【如何防流感“4勤2少”】对付流感，重点在于预防。接种流感疫苗是一种较为有效的预防方法，尤其是老人、儿童和有慢性病、体质虚弱并容易引发并发症的高危人群可以提前注射疫苗预防。建立健康的生活方式， 勤洗手 勤通风 勤喝水 勤锻炼 少熬夜 少去公共场合。网页链接 ,0
【深秋宝宝应接种的疫苗】流感疫苗，可以有效预防流感病毒引起流行的某些特定 的传染病。水痘疫苗，水痘是一种常见的、主要发生在儿童中的传染病。肺炎球菌疫苗和流脑疫苗。宝宝接种完疫苗要在接种站休息半小时左右，让宝宝适当休息，多喝水，注意保暖。当天不要给宝宝洗澡，要保证接种部位的清洁。 ,0
【生活谣言破解之292：儿童腹泻不应吃东西？】夏天的饮食即使再干净， 也总有点让人不那么放心，而莫名其妙拉肚子的人也很多。对于腹泻的孩子来说，痛苦的不仅仅是他自己，然而有人传言：“在24小时之内不要进食，只喝水，这样很快就会好。”网页链接 ,0
"【睡前太兴奋宝宝爱磨牙】缺钙、晚餐过饱、睡前太兴奋等都可能让宝宝夜里出现磨牙现象让宝宝采取仰卧位睡觉，有助于减少磨牙。小孩磨牙并非都因肚子里有虫子作怪，有些也跟晚餐过饱或睡前兴奋过度有关。东阳宝宝照 东阳半岛 满月照 百天照 东阳儿童摄影 东阳宝宝 网页链接 	东阳小王叔叔	,0",0
【汤臣倍健】R左旋肉碱茶多酚荷叶片1220mg/片*40片/瓶，添加茶多酚，天然肉碱含量高，减肥保健，甩掉游泳圈，享“瘦”生活~~30元券，券后【39.9】 网页链接|要啥券都有... ,1
【微波辐射是否有害取决于强度|辐射| 射线_凤凰健康】凤凰健康：您说日常仪器的时候，前段时间，或者一直以来大家都有一个质疑，微波炉，每天都用微波炉，说微波炉，孕妇要离微波炉远一点，正常人也要保持一些距... 网页链接 ,0
【小家电】壶福全自动分体陶瓷砂锅熬药电药煲器机煮 价69领券拍：网页链接【零食】左旋肉碱咖啡粉黑咖啡男女减肥通用 价94领券拍：网页链接省钱白菜内部优惠券：|内部优惠券... ,1
【咽干喉痛用药原则】1服药方法不对降低药效：含服目的是使药物在局部发挥药效，应将含片夹在舌底或近患处，待自然溶解，不应吞入或嚼烂；2孕妇慎服润喉片：如六神丸，因其含麝香等，易引起子宫收缩造成流产；3慢性咽炎不应常服抗生素：慢性咽炎非细菌感染，若长期使用会产生抗药性，致正常菌群失调。 ,0
【炎炎夏日，眼睛也要防晒？】紫外线中的有害光波可引起角膜炎、视网膜黄斑部损伤、白内障等眼病，这些伤害都是永久性的，因此我们在日常生活中，要特别注意对眼睛健康的保护：可以配戴防紫外线的太阳镜或隐形眼镜来使眼睛免受紫外线侵害；避免在上午11时—下午2时紫外线辐射最强时长时间地停留在户外 ,0
【谣言粉碎机】维生素C能与虾一起吃？催熟的香蕉会导致儿童性早熟吗？牙刷使用三个月一定要更换吗？手机剩一格电时，辐射会增大上千倍吗？发生地震时，传说中的“生命三角救生法”靠谱吗？……答案尽在@果壳网 《谣言粉碎机》。网页链接 @新经典文化 ,0
【谣言与真相】面对纷纷谣言，你能一眼洞察谣言和真相吗？维生素C能与虾一起吃？催熟的香蕉会导致儿童性早熟吗？牙刷使用三个月一定要更换吗？手机剩一格电时，辐射会增大上千倍吗？发生地震时，传说中的“生命三角救生法”靠谱吗？……答案尽在@百度阅读 《谣言粉碎机》网页链接 ,0
【知识】 人工色素会导致儿童多动症吗？ ,0
7、某地发生多起抢小孩事件；8、夜里磨牙就是肚子有蛔虫，要驱虫；9、儿童腹泻不应吃东西，而是要多喝水补水；10、伪装成橙汁跳跳糖的新型毒品：是专门针对儿童的；11、催熟的香蕉会导致儿童性早熟；12、一批安徽牌照面包车假借装修楼房漏水，其实是安徽黑帮在贩卖儿童。你信了几条？（来源:四川发布）,0
9大伪概念【转自果壳】网页链接 伪概念：日常辐射有害健康、足部反射区、小孔眼镜、法藤钛环、频谱治疗仪、左旋肉碱减肥、胶原蛋白美容、 功能水、干细胞美容 全是伪概念#别问为什么我就是果壳谣言粉碎机的脑残粉# ,0
Difiney/蒂芬妮左旋肉碱咖啡粉10g*10袋 券后￥38 你是否还在为减肥而烦恼？让你减肥不再那么累~~~券：网页链接拍：网页链接 |深圳 ,1
安全常识必看：冰箱辐射对人体有害吗？ 　　在日常生活中会用到各种家用电器，不少人都知道在特定条件下，这些电磁波可能成为“电磁污染”，危害到人们的健康。然而，电磁辐射对人体到底有什么影响，在什么情况下会对人体产生影响，多数人都不是太清楚。.. （分享自 @人民网） 网页链接 ,0
包括Wi-Fi信号在内，日常生活中的低强度电磁辐射并不会影响人体健康，目前也没有证据表明日常非电离辐射会导致孕妇流产率、胎儿畸形率提高。路由器“孕妇模式”的推出，实际上等于传播了“Wi-Fi信号有害”的错误信息，是通过传播谣言、煽动恐慌来制造需求。 ,0
报告领导，距离放假还有三天~！我们今天的互动问题是【人工色素会导致儿童多动症，这是真的吗？】如果你知道答案，就赶紧联系我们吧~ ,0
背部不那么疼了，胸口还难受，我一直觉得那是心口，但医生按着那地方，非说那是胃，问我晚上吃了什么。难道我食物中毒了！不小心吃了两种相克的东西。那也许是晚上睡觉压迫到那里了。 |郑州·河南... ,1
别以为痛经是小事： ①不要相信痛经在生完小孩后就好了，其实是遗传给女儿，遗传给儿子叫疝气即小肠气。②痛经对女人子宫暖巢影响很大③痛经影响学业影响工作。④月经不调、经期紊乱影响受孕⑤痛经会影响男女关系融洽，大家都知道那几天脾气都特大一句不顺就吵架。 经期请不要吃生冷冰冻辛辣的食物。 ,1
不利于健康的东西多的去了，就算是对健康有利的东西使用不恰当也是对健康有害的。 来自《专家发现：iPad也会危害男性健康》： 日常生活中，具有电磁辐射... 网页链接 ,1
不要和经期女人吵架 //@俺要跟和平大姐学唱大鼓://@关爱智障儿童成长: 老娘糊你一脸大姨妈巾！！！！,1
不要在经期和女人吵架,1
不知道是哪来的据说。女性会因为恐惧月经期无法洗头而增加患癌的几率。//@作家熊聪颖: 转发微博,1
查过了，新浪财经无此文章，仅转载有央视新闻报道防辐射服无效果，因日常辐射对人体危害甚微。并无指明防辐射服有害健康，此乃谣言//@JeriZhang涩女郎: //@经典心理学揭秘孕妇防辐射服的弥天大谎@揭秘震惊事件,0
吵架的感觉非常不爽，感觉整个人都要炸了，ps:不要惹经期的女人   |393省道 ,1
吃香蕉会性早熟7大健康传言 不少农产品在上市前使用催熟剂，它真的会导致儿童性早熟吗？ 网页链接 @搜狐新闻客户端 ,0
吃药吃的经期失调。很难过。你和我吵架的时候觉得你很有道理，结果等冷静下来就总觉得哪里有点不对。我是太笨，才会对你不舍。我多希望我们好好的，我在你面前做一个小女人，仿佛生来为爱而生。 ,1
春季流感多发，如何正确洗手显得很重要，同时宝宝也需要接种疫苗，做好预防准备。#儿童健康# ,1
催熟的香蕉会导致儿童性早熟吗？ ,0
大家好，这里是幽默882，Happy radio 《我是段子王》！我们今天的互动问题是【学步车能够安全有效的教会孩子走路，这是真的吗？】如果你知道答案，就赶紧联系我们吧~！ ,0
蒂芬妮左旋肉碱咖啡粉10g*10袋减肥茶胶囊原89， 券后39券网页链接拍|[买2送3]Di... ,1
电暖气炉是比较新颖的家电，许多人都关心它在使用过程中到底会不会有电磁辐射，会不会有损人体健康呢据介绍，在人们日常生活中，几乎所有的电器都有辐射，譬如家中的电视机、日光灯等普通家电。判断其对人体是否有害，关键要看辐射频率的高低 ,0
多学习，少跟风 →_→【催熟的香蕉会导致儿童性早熟吗？】花落成蚀： （分享自 @果壳网） 网页链接 ,0
儿童喝饮料易导致白血病？怎么回事？ 网页链接 ,0
发表了博文 《吃对食物抗污染》 - 现代人正承受着辐射、噪音、粉尘及有害金属等各种各样的污染。这些污染严重地危害着现代人的身体健康。那么，该如何对这些污染进行有效的抵抗呢？专家告诉我们，在我们日常吃的 |吃对食物抗... ,1
"发表了博文 《晓晓告诉您睡前太兴奋宝宝爱磨牙|广州|儿童摄影团购网|金夫人》 - 缺钙、晚餐过饱、睡前太兴奋等都可能让宝宝夜里出现磨牙现象让宝宝采取仰卧位睡觉，有助于减少磨牙。小孩磨牙并非都因肚子里 网页链接 	婴爱儿童摄影-敏敏	2014/5/3 13:55,0",0
发表了博文 《植物生长调节剂的谣言粉碎机——催熟的香蕉会导致儿童性早熟吗？（转载）》 - 市场上时常有一些关于植物生长调节剂的谣言，利用大家对植物生长调节剂的陌生和不熟悉，制造了不少社会恐慌。郑州郑 |植物生长调... ,0
发表了博文 《桌面新宠DIY创意生态瓶》 - 桌面上放盆绿萝绿油油的还蛮好看，或者放盆仙人掌吧，听说能吸掉电脑辐射？来自酷科星球的桌面盆栽微景观，采用高硼硅玻璃和景德镇陶瓷材质，匠心设计的造型搭配各种 |桌面新宠DI... ,1
发表了博文《《中瑞树》专业减肥》红色肉类是左旋肉碱的主要来源，对人体无毒副作用。1980年奥运会，意大利耐力运动员普遍服用左旋肉碱，取得了令人瞩目的成绩。目前人们已把肉碱应用于大众减肥、竞技运动员减脂|网页链接 ,1
发表了博文《负离子为什么被称之为“环境警察”》摘要：我们日常生活空气环境中大量存在的正离子，或者是电磁辐射，都是危害人体健康的污染物，负离子能够中和这些正离子，维持空气清新纯净度，以此来避免这些有害物|负离子为什... ,1
发表了博文《人工色素会导致儿童多动症吗？》为了让食物更有吸引力，食品制造商常会使用各种天然或是人工合成的食用色素来装扮他们的产品。然而，对于日落黄、诱惑红等人工食用色素，人们却总是难以放心。有不少报道|人工色素会... ,0
刚刚终于洗了头舒服晒！六日未洗头的我还是忍不住要半夜爬起身去洗头，唔知大家有无甘的经历，干性发质的我平时在冬天都是隔三日先洗头，到了第三日个家公生日不可以洗头，第四日来mc，月经来时洗头增加患癌机会所以尽量要忍！第五日下午清洁完打算洗了，点知朋友打来话等埋她一起去汉沙洗 ,0
关于“例假不能洗头，不是冷不冷的问题，而是使体内荷尔蒙分泌不平衡，长久累积而致癌”的说法在网上流传了很长一段时间，这个耸人听闻的观点也引起一波波恐怖浪潮。女性月经期间真有那么多禁忌吗？来自果壳的文章《经期洗头容易患癌？》|经期洗头容... ,0
孩子的健康成长，是每一位家长的期盼。任何可能对孩子产生不利因素的事件，都会敏感的触碰家长们神经。而正是这样的心理，更容易被一些商家和别有用心的谣言制造者利用：学步车真的能安全地教会孩子走路吗？儿童磨牙意味肚里有虫需要驱虫？人工色素会导致儿童多动症？家长信了多少邪，儿童就受多少罪。 ,0
呵呵…莫名其妙。一大早起床就被一句话逼着去吵架……。经期的女人真的是可怕。 我在:|教育路 ,1
忽然想到一个问题。。。现在那么多人相信吃了转基因食物会不孕不育的，当年无籽西瓜出现的 时候有人认为这个吃了生不出娃么？ ,1
化的大气环境……不仅影响人类的生存环境，也对人类自身的健康造成了影响。活性炭在生活中的灵活运用，可以有效地吸附有害物质。据了解，活性炭的作用非常广泛，比较常用在保护书画、保存药品、净化水质、抵御辐射、日常用品等方面。 ,1
怀孕期间的准妈妈为了宝宝的健康，都会注意到避免电磁辐射和有毒有害物质的影响，但是日常的生活细节也会带来一些小麻烦。由于孕妇内分泌不同于正常人，皮肤过敏、皮肤瘙痒等状况是经常出现的。纯天然的女皇古皂是长久以来孕妇不可多得的生活必备洗浴用品。妇女怀孕期间是痔疮高发的时期… ,1
换言之，香港18岁以下儿童流感相关严重并发症或死亡个案中有12%是当季接种季节性流感疫苗的╮(╯▽╰)╭这手黑得漂亮//@火爸朱剑笛:香港18岁以下儿童流感相关严重并发症或死亡个案中有88%是没有于当季接种季节性流感疫苗的//@代码女工:打个流感疫苗呗亲,0
回复@妈咪爱你qm:日常生活中使用手机、计算机等对胎儿是否有害尚无医学方面的研究依据，但是防总比不防好，可以通过以下方法防护：可以穿防辐射防护服，使用计算机时最好与计算机保持一臂之隔，尽量不要站在电磁波辐射严重的主机侧面或后方，这样比较安全。定期到医院进行产前检查是保证母婴健康的前提,0
减肥第二天，由于家庭有事，没有运动，饭后服用一粒左旋肉碱，和喝了一勺乳清蛋白 |淄博·淄川... ,1
健乐多 汤臣倍健R左旋肉碱茶多酚荷叶片 1220mg/片*30片*2瓶，券后68元网页链接 调理肠胃，减肥瘦身燃脂~夏天减肥快人一步|看更多优惠... ,1
抗生素是人类历史上一项伟大的发明，治疗某些疾病是有特效的。但是滥用抗生素会带来严重的后果，会让细菌产生抗药性。你以后再生病，再吃抗生素，可能效果就不好了，甚至就没有效果了。可是你想过没有，你每天喝的那个自来水里头都含有抗生素。这会发生什么情况呢？网页链接 ,1
抗生素用多了，细菌对药物产生了抗体！（耐药菌株）医生都束手无策！而且长期使用抗生素会加速各个脏器衰竭！西药都不管用了，想想是有多么恐怖！如果有艾艾贴调理可能就不会是这样的结果了！ 秒拍视频 . ,1
可以学习下 @果壳网 催熟的香蕉会导致儿童性早熟吗？网页链接 反季节蔬菜不安全吗？ 网页链接 鸡儿长得快，全靠激素带？ |鸡儿长得快... //@小诸在北京:  //@欧阳峰峰: @无心弹情小宇娘 //@昕心RAINIE: @吴明璨 //@来自M78星球的一家:转发微博,0
滥用抗生素的危害！抗生素用得太多，也会让杀灭的细菌产生耐药性。而且，细菌的这种耐药性也是可以相互传播的，细菌对某种抗生素耐药，同时亦可对其他抗生素耐药，而且耐药性还可以在不同的细菌、人体正常菌群的细菌与致病菌之间，通过耐药基因相互传播，使细菌耐药性复杂化。 ,1
老师说，吃了转基因食物会导致不育，@曾小喻喻，@蔗糖小子，@暖风1兮兮，你们怎么看？ ,0
绿豆汤和什么不能一起吃 6种食物与绿豆汤相克_饮食禁忌_饮食指南 网页链接 ,1
没有广泛使用大概 原因不是这么简单吧…如果它真的高效廉价又不伤身体。作应急应该很好。……查了下看说，噬菌体裂解谱太窄，十几种噬菌体才能对付一种细菌，没有抗生素应用范围广。而且细菌一样会产生噬菌体耐受，比对抗生素产生抗药性的过程还快，单一噬菌体产品有可能短时间就失效 //@孤烟暮蝉:,0
面对纷纷流言，你能一眼洞穿谣言和真相吗？“Yes” or “No”？维生素C能与虾一起吃？催熟的香蕉会导致儿童性早熟吗？牙刷使用三个月一定要更换吗？手机剩一格电时，辐射会增大上千倍吗？…… 答案尽在《谣言粉碎机》。网页链接 @新星出版社 @果壳网 ,0
你相信了几个？2011年度流言大报告 想怀孕少吃肉 水牛奶比牛奶人奶更好 美国联邦调查局披露外星人绝密档案 维生素C与虾不能同吃 催熟的香蕉会导致儿童性早熟 数码相机不能空运 夏天喝放在车内的瓶装水会致癌.......网页链接 ,0
其实真的没有这么夸张吧，但是经期吵架真的是伤害挺大的，我有个从小学到高中都是同学的好朋友，高中的时候男朋友劈腿，正好经期那天她看见他和别的女人一起吃饭，可想而知这杀伤力，从三里屯坐公交很费劲，还得挤车，她痛经痛的都走不了，我陪着她走了两站地那么远，可吓人了//@异地恋情侣手记Yo:,0
人工色素会导致儿童多动症吗？中国人吃饭向来讲究“色香味”俱全。对食物颜色的使用由来已久，比如，人们做拔丝芋头的时候很早就会炒焦糖，使糖变成诱人的黄色。为了让食物更有吸引力，食品制造商常会使用各种天然或是人工合成的食用色素...全文阅读：|人工色素会... ,0
人是非常怪的东西！烟和酒，一个明确说有害健康，要抽的照样抽；一个说没有不健康的物质，却不相信。一个离自己日常生活远的受到各类人关心，而离自己最近的桶瓶装矿泉水，塑料瓶装饮料的“塑化剂”却无人关心？本次“塑化剂”就是一次被人操纵的变型的“买盐巴防核辐射”事件！ 网页链接 ,0
商家利用了消费者规避风险的心理，炒作和包装“日常电磁辐射有害健康”的概念，混淆相关性和因果性，夸大和歪曲科研成果，无视不利于其商业炒作的主流研究结论。目前，我国“孕妇防辐射服”的市场规模大约是一年几十亿人民币。如此巨大的“蛋糕”，都建立在消费者被商家煽动起的对“辐射”的恐惧之上。 ,0
使用抗生素的危害大量使用抗生素无疑是对致病菌抗药能力的“锻炼”，在绝大多数普通细菌被杀灭的同时，原先并不占优 势的具有抗药性的致病菌却存留了下来，并大量繁衍。而且由于药物长期刺激，使一部分致病菌产生变异、成为耐药菌株。这种耐药性既会被其他细菌所获得，也会... ,1
手机已成为现代人日常生活中不可或缺的一件随身用品，然而手机辐射的问题却也一直困扰着人们关于手机辐射是否会威胁人类健康的争论从来没有停过，特别是手机辐射对大脑产生不良影响的说法更是让人担心不已解放军304医院神经外科主任医师李安民就曾指出，我可以肯定地说是有害的只是程度上的问题而已！ ,0
"睡觉磨牙是一种睡眠障碍的表现，多见于儿童及青少年，年长者也出现这种现象。夜磨牙症与患者的心理因素、精神因素、牙合因素、血压波动以及全身系统疾病等因素关联。按照民间说法，夜磨牙是患者肚子里有“虫”所引起，这种说话虽然不十分准确，但的确有一部分患者夜里睡觉磨牙与体内寄生虫有关。 	汪喻忠	2013/5/14 20:30,0",0
所以雨后闻到的清新味道是链霉菌的抗生素副产物。。。如果自古土壤里是其他细菌，产生鲱鱼罐头的味道，人习惯了后会不会也觉得是泥土的芬芳,0
所有鸡蛋过敏的儿童可以接种流感疫苗，跟其他常规接种相比没什么需要特别注意的。——美国儿科学会2016~2017流感防控立场文件 ,0
同时奉送一篇——催熟的香蕉会导致儿童性早熟吗？ - 谣言粉碎机 - 果壳网 guokr.com 果壳网：2011年4月，媒体报道说果农利用一种化学药剂将青香蕉催熟，这种物质会导致儿童性早熟。其实，想要在遥远的北方品尝到热带水果，还应该感谢... 网页链接 ,0
团长桌面上养着小仙人掌，不管是否真能吸辐射，反正桌子上的碎泥巴是真的！这只诡异的老鼠桌面吸尘器算是有用武之地了！手掌大小适合有洁癖的筒子们清除桌面上的灰尘零食屑泥巴屑等等。。超便宜只要$14.99，记得拼单哦~网页链接 戳GoCashBack去返利网，再拿10%返利：网页链接 ,0
哇平反了，那所谓的吃一包泡面肝脏解毒28天之类的都是……,0
为了让食物更有吸引力，食品制造商常会使用各种天然或是人工合成的食用色素来装扮他们的产品。然而，对于日落黄、诱惑红等人工食用色素，人们却总是难以放心。有不少报道称，摄入人工色素会导致儿童行为障碍、多动症 网页链接 ,0
为什么每次用抗生素过度就会产生“超级细菌/病毒”，因为细菌/病毒本身为了自己生存才会进化啊，是被逼出来的。人本身也是如此，被逼到一定程度就要进化！ ,0
文章，但问题的本质不在病人，我们一到医院，诊所，就是各种抗生素，我们药学生可能会小心些，一般都会直接按医生吩咐，其实也没必要担心太多，毕竟超级细菌产生的概率不大。应该加大科普的力度，让百姓有自我选择能力。,0
我撑着眼皮发这条微博，我妈给我做了好几样菜让我吃，我临近睡觉头晕眼花吐个不停，吃着相克的食物了。。。我相信我妈是爱我的。。。 ,1
我们学医的年代教科书这样说 ：20岁之前的癌症多由遗传因素导致（但现在很多儿童癌症看样子也与环境有关），20岁之后主要是免疫功能下降+ 遭遇致癌物。人体老化会引起免疫下降，是一大因素！中国进口的转基因大豆是全世界唯一不设草甘膦残留上限的，草甘膦被世卫组织于2015年在《柳叶刀》宣布是致癌物,1
物质世界那套以毒攻毒的办法，终究会走到绝境。对付细菌可以用抗生素，可以用病毒，但对付病毒，只有为数极少的干扰素可用，主要还得靠人体免疫系统自己产生抗体。修补心灵漏洞，增强免疫能力，才能立于不败之地,0
下班回家路过超市，突然很想吃泡面，而且我想如果要吃我就要吃两包，否则不过瘾。但我在决定性的分叉口选择了回家，因为我知道吃一包泡面需要肝脏解毒一个月。此后，我又想我因为没有吃到泡面带来的不爽而分泌的毒素和吃泡面相比，到底哪个更大 ,1
现代社会对于如何解决办公室电脑、打印机辐射，新装修的有害气体等问题，越来越讲究环保健康、自然和谐的今天，实用环保又时尚美观的水培植物由于护理方便，有较高的观赏价值，更是成为办公家居首选，无论懒人还是勤人，新手还是专家都可以有适合自己的选择，更使水培植物成为人们日常家居的新宠。 ,1
香港18岁以下儿童流感相关严重并发症或死亡个案中有88%是没有于当季接种季节性流感疫苗的。,0
想要拥有真正健康活力定肌肤，先来个彻底深层清洁是必须的，在日常生活环境里甚至空气、粉尘里含有害物质、重金属，每天对着电脑也会辐射，长期积攒在毛孔皮肤深层形成的毒素，用再多的保养品护肤品，也都白搭，所以，排毒是我们的首要功课！#catgem糖果#反正已经是货不应求了，排毒完了之后记得补水。,1
想要拥有真正健康活力定肌肤，先来个彻底深层清洁是必须的，在日常生活环境里甚至空气、粉尘里含有害物质、重金属，每天对着电脑也会辐射，长期积攒在毛孔皮肤深层形成的毒素，用再多的保养品护肤品，也都白搭，所以，排毒是我们的首要功课！#catgem糖果#反正已经是货不应求了，排毒完了之后记得补水。 ,1
眼袋、黑眼圈、眼角纹等等眼部问题不断烦恼着上班一族，加上双眼疲劳、干痒等难忍症状，眼部护理成了OL的必修课。电脑辐射不断威胁着我们用眼的健康，一盆小小的仙人掌真的能吸走辐射吗？OL们应该如何养护双眼，抗击无神“电脑眼“？唯罗纳整形眼部整形帮你赶走一切眼部问题。|欢迎咨询成... ,1
也许不会患癌，但对身体肯定是不好的。我有一次来例假，第一天，头发实在太脏了就洗头了，马上没了!@王于京:【经期洗头易患癌症？谣言！】月经期间，女性抵抗力下降，若身体受寒，则气血凝滞，可导致月经失调或痛经，因此，经期不用冷水洗脚或冷水浴，,0
一直都听说吃泡面没营养，近年来，泡面更是被扣上了一顶“十恶不赦”的帽子，说吃一包泡面肝脏需解毒32天，还有说碗装泡面的碗是用聚苯乙烯制作的，有致癌性……事实真的是这样吗？听听@家庭用药杂志 怎么说。|“十恶不赦”... ,0
医院不会告诉你这个关于消炎药的真相！[难过]为什么抗生素治不好炎症？细菌会产生耐药性。为什么抗生素会滥用？1.购买很容易2.使用不规范：能快速的控制病情，也能得到更多的经济利益。如何避免抗生素，处理好妇科问题？ ,1
已经接种13价肺炎球菌疫苗的儿童父母或者中老年人，可以补打23价疫苗。在流感施虐以及日漸恶化的环境状况下需要进行预防和自我保护。#友邦香港# ,0
应某人要求，我把和月经有关的文章贴出来，感谢@果壳网 的支持。1，月经的原因与止痛方法|女生时间：... 2，产后不会痛经？网页链接 3，月经喝红糖水止痛？网页链接 4，经期洗头容易患癌？|经期洗头容... ,0
用有限的知识来判断下1.噬菌体没有被免疫系统清除掉正是因为免疫系统已坏掉2.动物实验都还没做完就到临床，后期是否会有问题还有待考证3.细菌的变异是不定向的，抗生素的研发是定向的，不能说抗生素没有用，是大量使用会让细菌产生耐药性且从发现细菌变异到人类研发抗生素中间总有一段或长或短的时间。,0
月经期间洗头会增加患癌机率的依据为？,0
月经期间洗头真的容易患癌吗？（欢迎转载） 网页链接 ,0
月经期洗头会增加患癌几率？这不科学啊！就算是那我宁愿患癌也要洗头。//@赵偲容_siroul:你确定满头的爽身粉舒服？,0
月经洗头增加患癌机率真的假的啊？,0
咋拉了个抗草甘膦的廉价转基因油了呢不专业! 不穷还不怕致癌反人权进口转基因大豆逗谁呢呵呵呵！！！//@燕半仙儿341382038:哈哈，超级搞笑,1
增加不良反应或增加细菌耐药性产生的机会、因此联合用药应予以严格控制：降低毒性：要不然迟早会死机……延缓或减少耐药性的产生；【抗生素的误区2】不要混合使用抗菌药！ ,0
这个有意思 _ 【经期洗头容易患癌？】关于“例假不能洗头，不是冷不冷的问题，而是使体内荷尔蒙分泌不平衡，长久累积而致癌”的说法在网上流传了很长一段时间，这个耸人听闻的观点也引起一波波恐怖浪潮。女性月经期... 网页链接 ,0
这么大的仙人掌。。。能吸多少辐射= =、、 ,0
中耳炎其实不用吃药，可利用艾灸来增强免疫力，用绿色的艾烟来消炎杀菌之所以对抗生素这么谨慎，有3个原因1容易让致病菌产生抗药性2抗生素会杀死肠道里的好细菌，导致拉肚子3引起中耳炎的可能是细菌也可能是病毒，而抗生素对病毒是无效的 ,0
转基因大豆由为什么用对人体高致癌风险的轻汽油浸出法而不用安全的压榨法，为何用轻汽油不用其他安全液体。明明有非转大豆可买却非买转大豆。居心叵测,1
转基因食品致癌？欧美人都不吃？这回终于弄清楚了|转基因食品... ,0
昨晚吃了相克的食物，半夜起来吐的要死 ,1
「仙人掌能吸电脑辐射吗？」 网页链接 （分享自 @魅族资讯） ,0
查了欧美政府对转基因的态度，法、意、德国都很反对，法国在前年还投票反对孟山都的玉米转基因种子，国内科学家们坚称反转就是反科学，我认为转基因棉花肯定没害处，但转基因不能烂种，确保无害的作物才能批量种植，摸不准的起码要禁止，口感也不同，非转的更好吃，有钱的愿意买非转食品，这是权利 ,1
然后就会有反转人士跳出来说吃了转基因食物会不育了,0
"		【10大科技谣言，你中过几枪？】①Wifi能杀精；②转基因饮料影响猪健康；③N95口罩最多使用半小时；④电厂烟囱排放的白烟是PM2.5主要来源；⑤第一口奶可产生依赖；⑥快餐店冰块比马桶还脏；⑦自来水中有避孕药；⑧口服胶原蛋白可美容；⑨转基因大豆致癌；⑩吃槟榔不会致癌。 ",0
"		【揭穿转基因五大流言】“转基因”，一个争议不断的话题，大众对它的“恐慌”也一直未平息，转基因大豆致癌、转基因作物导致人不育、转基因的土豆削皮后不变黑……不少关于转基因作物的说法在坊间风传，让公众难以辨别。其实，消费者真正现在能接触到的转基因食品，主要就是木瓜、大豆油以及一些转 ",0
"		我曾经听到中国工程院院士，食品安全专家陈君石表示，转基因大豆致癌毫无根据的。",0
"#辟谣#【这些育儿谣言千万别信！】日前，微信“谣言过滤器”发布了最近传播度最广的数条谣言。这些谣言中涉及科学常识和食品安全的育儿谣言达7条之多。 孩子常喝饮料会得白血病、小孩发热服用布洛芬混悬液会致死、儿童牛奶饮品内含有肉毒杆菌可致白血病、不要给儿童接种流感疫苗，不仅没用还有风险… 
			...展开全文c",0
#医生说育儿# 抗生素会让细菌产生耐药性，不要给儿童使用？其实不然，孩子的免疫系统不够完善，并不是什么病都能撑到自愈的，是否使用抗生素治疗要遵循医嘱，一旦使用抗生素就要足量、足疗程地去使用，这样能最大限度地预防抗药性的产生。#督真相# ,0
//@朝九晚五麻辣行: 转发微博： - //@朝九晚五麻辣行:#留言终结者# 关于隐型眼镜能导致白内障的言论一度甚嚣尘上，今天，在这里小编来辟一下谣，其实不会的，详情看图片吆。 转发给被留言困扰的朋友吧 - 原文地址：http://weibo.com/2122125845/y193blU6m - 查看原文：网页链接 ,0
"""#安全微提醒#【不要给儿童接种流感疫苗，不仅没用还有风险】谣言类别：科学常识欺骗指数：★★ 危害指数：★★★★谣言内容“由于流感病毒的多变性，每年流行的感冒病毒都是不同种，很难预测什么样的疫苗能有效防护，所以打疫苗更像是买彩票。对于儿童来说，就不如不打，还能避免因疫苗染病的 ",0
"""#安全微提醒#【催熟的香蕉会导致儿童性早熟谣言类别：科学常识】欺骗指数：★★★ 危害指数：★★谣言内容“催熟的香蕉千万不要让儿童吃！果农会利用一种名叫“乙烯利”的化学药剂将青香蕉催熟，这种物质会导致儿童性早熟。”真相",0
"""#安全微提醒#【儿童腹泻不应吃东西，而是要多喝水补水】谣言类别：科学常识欺骗指数：★★★★ 危害指数：★★谣言内容“对腹泻的孩子，应该在24小时之内不要进食，只喝水，这样很快就会好。因为吃东西会增加对肠胃的刺激，进而加剧腹泻的症状，严重可导致脱水。”真相",0
"""#冬春季节传染病防治#接种疫苗，鼓励公众根据自身情况，自愿、自费进行疫苗接种。疫苗接种是控制区域性急性传染病流行最经济、有效的办法，每年秋末，高危人群应该接种流感疫苗。老年人特别是有慢性肺部疾病的可以接种肺炎疫苗，有效地减少患肺炎的机会;儿童和学生接种流感、腮腺炎、风疹、水痘、流脑 ",0
"""#济南城事#【提醒:日本流感大爆发 赴日旅行可暂缓】近期日本流感呈爆发式增长，济南检验检疫局提醒广大市民，近期暂缓赴日旅行计划，确需前往的旅客应注意做好个人防护。高风险人群如老年人和年幼儿童可接种流感疫苗，同时避免前往人群聚集场所。出入境旅客一旦出现发热、流涕、鼻塞、打喷嚏、呼 ",0
"""#辟谣#【这些育儿谣言千万别信！】日前，微信“谣言过滤器”发布了最近传播度最广的数条谣言。这些谣言中涉及科学常识和食品安全的育儿谣言达7条之多。 孩子常喝饮料会得白血病、小孩发热服用布洛芬混悬液会致死、儿童牛奶饮品内含有肉毒杆菌可致白血病、不要给儿童接种流感疫苗，不仅没用还有风险… ",0
"""#热点# 【这些关于转基因食品的谣言，你信过吗？】转基因玉米和大豆会致癌？转基因玉米导致广西大学生精子活力下降？欧美人不吃转基因食品？转基因正成为超过原子弹的杀伤性武器？昨天，农业部召开发布会，中国工程院院士吴孔明表示网上传播的转基因识别指南里面很多东西没有科学依据，基本上都是随意 ",0
"""#食药科普#【12条针对孩子的谣言",0
"""#预防春季流感不得不知8件事#  　六、注意接种流感疫苗 　　在重点人群中形成免疫屏障是防治甲流的有效措施之一。专家建议年老、体弱、慢性病患者、医务人员、6个月-3岁的儿童每年都应该接种。接种疫苗后需要大约两个星期的时间，身体才会产生抗体，可以起到预防流感病毒感染的作用。值得提醒的是 ",0
"""#中国公民健康素养#第九条9.在流感流行季节前接种流感疫苗可减少患流感的机会或减轻患流感后的症状。 流行性感冒（流感）不同于普通感冒，是一种严重的呼吸道传染病。流感病毒致病性腔，传播迅速，每年可引起季节性流行，严重危害公众健康。儿童、老年人、体弱者免疫力低、抵抗力弱，是流感病毒感染 ",0
"""【民间的“食物相克”基本都是谣言，你转发过吗】#食安在线网#朋友圈有一种谣言“经久不息”，那就是——食物相克，被称为中国历史上流传最久的食品谣言。关于食物“相克”的传说，最流行的就是螃蟹不能与柿子同吃，花生不能与黄瓜同吃，大葱不能与蜂蜜同吃，红薯不能与香蕉同吃，绿豆不能与狗肉同吃 ",0
"""【农业部：网传转基因食品导致癌症、不育不孕是谣言，毫无事实依据】网上流传着转基因玉米和大豆会导致癌症、不育不孕，欧美人不吃转基因食品等多种说法。13日上午，农业部官员和专家公开回应称：经过安全性评价审批的转基因产品是安全的，网上一些如转基因致癌、致流产等说法为谣言。 ",0
"""2017年4月25日是我国第31个“全国儿童预防接种宣传日”，今年的宣传主题是“规范接种疫苗，共建健康中国”。随着天气逐渐转暖，春季传染病以流感、麻疹、风疹、流行性腮腺炎为高发，疾控专家提醒：3岁以下幼儿是主要患病群体，家长要加强预防，及时带孩子接种疫苗。在疫苗接种过程中，有可能会出现疑 ",0
"""不要信食品的健康谣言。《让人头疼的朋友圈健康谣言》一文介绍了朋友圈常常出现的抗癌、中毒、相克、实验数据等四大类食物安全与身体健康的谣言。有些我也曾深信不疑。另外，还有五大类：纯天然（野生）、纯中药、激素、转基因、添加剂等食品谣言。无论人类种植的植物性食品，还是人类圈养的动物性 ",0
"""香港卫生署卫生防护中心2月22日宣布，香港已踏入冬季流感季节，最新监测数据显示，香港本地季节性流感活跃程度自基线水平逐渐上升，未来数星期可能进一步上升。卫生防护中心发言人强调：「由于人体在接种疫苗后需约两星期产生抗体，我们再次提醒市民，特别是儿童、长者和长期病患者，尽早接种流感疫苗 ",0
"""预防措施：接种流感疫苗已被国际医学界公认是防范流感的最有效的武器。由于流感病毒变异很快，通常每年的流行类型都有所不同。因此，每年接种最新的流感疫苗才能达到预防的效果。另外，锻炼身体，增强体质，在流感季节经常开窗通风，保持室内空气新鲜，老年人、儿童尽量少去人群密集的地方等等，也是预 ",0
"""在流感流行季节前接种流感疫苗可减少患流感的机会或减轻患流感后的症状。流行性感冒（流感）不同于普通感冒，是一种严重的呼吸道传染病。流感病毒致病性强，传播迅速，每年可引起季节性流行，严重危害公众健康。儿童、老年人、体弱者免疫力低、抵抗力弱，是流感病毒感染的高危人群。在流感流行季节前 ",0
"""最新调查显示，近2/3的澳洲家长不打算给孩子接种流感疫苗，这一决定在很大程度上受到疫苗安全性担忧及健康儿童不会在冬季罹患流感观点的影响。但澳洲医生近日澄清，对流感疫苗安全性的担忧是毫无根据的。医生指出，近日公布的澳洲儿童健康调查报告显示出公众对于疫苗有效性的广泛担忧以及对流感严重 ",0
#12320 健康#【春节旅行时如何预防流感(二)】4.避免春运时搬运行李后及手扶车厢等物品后，用手触摸眼睛、鼻和口。5.乘车时出现发烧、咳嗽等类似流感症状时应主动戴口罩，并尽早诊治，尤其是儿童、长者及慢性病患者。6.建议每年冬季，在春运开始前做好流感疫苗接种工作。 ,0
#998健康快讯#【新谣言：转基因食品致使精子活力下降】农业部发言人：转基因玉米导致广西大学生精子活力下降，转基因食品导致不育，欧美人不吃转基因食品，转基因马铃薯致实验大鼠中毒。这样的谣言还有很多，然而20年转基因作物商业化累计种植近300亿亩，至今未发现被证实的转基因食品安全事件。 ,0
#吃货神吐槽# 在专家眼里，任何两种食物都能相克。这是不科学的，我们多力的油和每种美食都相生。 ,0
#催熟的香蕉会导致儿童性早熟吗？#:流言： 果农利用一种名叫“乙烯利”的化学药剂将青香蕉催熟，这种物质会导致儿童性早熟。 真相： 乙烯利是什么？还得从乙烯说起。 乙烯是最简单的烯 ...(发自@微博桌面 |微博桌面首...） ,0
#多看书摘# 吃了转基因食物会不育（假） #流言百科·美国人不吃转基因？# ,0
#健康释疑#【辐射一次短命一天？】目前，北京、上海等不少城市都实施地铁常态化安检。有人担心X射线安检仪的辐射对人体有害，称“每天被辐射一次，人的命都要短一天。”那么，很多人每天都要经历的地铁安检的辐射是否值得担忧呢？下面这张图表告诉你日常生活中经常遇到的辐射对身体危害到底有多大！ ,0
#今天药说# 系列#流感来了# 预防流感的最好方法，对于儿童人群，就是接种流感疫苗。当然，大人接种流感疫苗，也减少了传染小孩的机会。如果某地区近期流感较多，虽然是自费疫苗，建议及时接种。 ,0
#控烟你我他 红包大家拿# 8.接种疫苗是预防一些传染病最有效、最经济的措施，儿童出生后应按照免疫规划程序接种疫苗。9.在流感流行季节前接种流感疫苗可减少患流感的机会或减轻患流感后的症状。10.艾滋病、乙肝和丙肝通过血液、性接触和母婴三种途径传播，日常生活和工作接触不会传播。 ,0
#留言终结者# 关于隐型眼镜能导致白内障的言论一度甚嚣尘上，今天，在这里小编来辟一下谣，其实不会的，详情看图片吆。转发给被留言困扰的朋友吧 ,0
#流感疫苗有必要打吗？# 中国宝宝从出生就要接种疫苗而每年的流感疫苗都是选择性的，流感是由流感病毒引起的一种急性、发热性呼吸道传染病，由于流感的变异，流感疫苗的有效性经常受到质疑宝宝身体抵抗力差、反复呼吸道感染的儿童可以酌情接种，最好是1岁以上哦 ,0
#流言揭秘#【西瓜和桃子不能一起吃？专家说瞎扯！】西瓜和桃子相克，一起吃能引起中毒的说法纯属瞎扯。新鲜的桃子和西瓜都含有丰富的水、碳水化合物、维生素、微量元素和酚类物质，西瓜中还含有多种氨基酸，对人体健康有益。二者同食并不会产生所谓的食物相克。 ,0
#六一儿童节# 【六一儿童节到啦，关于孩子的十大谣言你中过招吗？】给孩子捏鼻梁就能使鼻梁增高、催熟香蕉会导致儿童性早熟、夜里磨牙就是肚里有蛔虫、人工色素会导致儿童多动症……这些谣言你都信过吗？戳图看辟谣↓ ,0
#内蒙古辟谣平台# 【网传转基因食品致癌、精子活力下降？农业部辟谣】网上流传着转基因玉米和大豆会导致癌症、不育不孕，欧美人不吃转基因食品等多种说法。14日上午，农业部官员和专家公开回应称：经过安全性评价审批的转基因产品是安全的，网上一些如转基因致癌，致流产等说法为谣言。（新京报） ,0
#社会百科#【你被这10条流言“坑爹”过吗？】科学是面照妖镜，无数流言现原型。十大“坑爹”流言，你有木有被坑啊？■上班玩微博会降低工作效率；■地铁安检设备对人体有害；■食用碘盐防辐射；■催熟的香蕉会导致儿童性早熟；■外星人频繁造访地球...更多点这儿哦网页链接 ,0
#食安浦江# 【人工色素会导致儿童多动症吗？】虽然对人工合成色素安全性的担忧普遍存在，但目前并没有确切证据表明它会影响儿童健康或是导致多动症。不过考虑到使用人工色素的食品很多都是糖果、膨化食品之类高热量的零食，应该对孩子们的食用量加以控制。|人工色素会... ,0
#食物真的有相克吗#民间流传很多所谓的“食物相克”，如豆腐和菠菜、螃蟹和柿子、绿豆和狗肉等等其实都是不科学的。营养学家通过研究发现这些所谓的“相克的食物”都没有相克的现象。生活中发生的食物相克很可能是由于饮食的顺序、烹调的方法或者食物收到污染等原因造成的进食后产生的一系列不良反应。 ,0
#是真是假#【家用电子设备对人体辐射危害大】假！多项研究表明，日常居住环境的电磁场下的暴露强度是非常小的。在各种情况下，家用电器周围的电磁场强度远远小于安全准则的限值。手机的射频电磁场强度比日常居住环境中的其他电器都要高，但即使也并未显示出有害健康的效应。网页链接 ,0
#微分享#【农业部辟谣转基因食品致不育不孕】网上流传着转基因玉米和大豆会导致癌症、不育不孕，欧美人不吃转基因食品等多种说法。近日，农业部官员和专家公开回应称：经过安全性评价审批的转基因产品是安全的，网上一些如转基因致癌，致流产等说法为谣言。 ,0
#香蕉的无奈# 香蕉对乙烯非常敏感，一点点乙烯（1ppm）就能迅速成熟，成熟中的香蕉会不断地产生乙烯。想要吃到“自然熟”香蕉，只有到香蕉地等着，催熟不过是让香蕉自然发生的成熟在人为的控制下重现一遍。 至于“用乙烯利催熟的香蕉会导致儿童性早熟”，谣言而已——乙烯是催熟植物的，催不熟动物。 ,0
#小Go健康谣言粉碎机#『催熟的香蕉会导致儿童性早熟？』网上声称：“果农利用一种名叫“乙烯利”的化学药剂将青香蕉催熟，这种物质会导致儿童性早熟。”这是真的吗？ ,0
#小播天下#【网传转基因食品致癌、精子活力下降 农业部辟谣！】网上流传着转基因玉米和大豆会导致癌症、不育不孕，欧美人不吃转基因食品等多种说法。13日上午，农业部官员和专家公开回应称：经过安全性评价审批的转基因产品是安全的，网上一些如转基因致癌，致流产等说法为谣言。（新京报） ,0
#谣言粉碎机# 【关乎孩子健康的四大谣言，不要再被坑了！】儿童喝饮料易导致白血病？人工色素会导致儿童多动症？“儿童酱油”有益健康，增强儿童食欲？儿童夜里磨牙是肚子里有蛔虫？......众说纷纭，真相就在食安百科！|关乎孩子健... ,0
#谣言粉碎机#儿童腹泻不应吃东西？其实，如果孩子没有发生呕吐的情况，应该继续让孩子保持正常饮食。而孩子与成年人相比又更容易出现脱水，因此适当补液是非常必要的，但补液并不等于“多喝水”。详情戳下图↓↓↓ ,0
#谣言粉碎机#食品制造商常会使用人工合成的鲜艳色素包装自己的产品来吸引儿童，摄入人工色素会导致儿童多动症，影响智力发育？其实没有确切证据表明天然色素或是人工合成色素会导致多动症。色素使用只要符合标准，就是安全的。真正影响儿童健康的，是食用过多的糖果，饮料等高热量食品。 ,0
#一美小百科#家用电子设备对人体辐射危害大？研究表明，日常居住环境的电磁场下的暴露强度是非常小的。在各种情况下，家用电器周围的电磁场强度远远小于安全准则的限值。手机的射频电磁场强度比日常居住环境中的其他电器都要高，但即使也并未显示出有害健康的效应。双十一，亲们可以放心抢购哦 ,0
#医生说#接种疫苗后，还会得流感吗？01.按照规程接种疫苗后，疫苗有效性为63%(2015-2016季度美国2-17岁儿童资料)，不是所有接种的孩子都能产生流感病毒抗体，从而起到保护作用。02.虽然疫苗包含是流行的病毒株，但万一宝宝现实中接触的病毒株没有包含在疫苗中（这种情况应该不多），那还会得。 ,0
#真相妹小贴士# 【仙人掌能吸辐射？假的！】仙人掌在日照强烈的沙漠生长，能够抵挡一定的阳光、紫外线，但阳光中产生的是辐射能，与电脑屏幕或其他电器用品产生的辐射线不同。因此，在电脑旁摆一盆仙人掌就能吸收辐射，减少对身体的伤害，是一种“想当然”的推断噢~早安~ ,0
#转基因食品# 网上流传着转基因玉米和大豆会导致癌症、不育不孕，欧美人不吃转基因食品等多种说法。今日上午，农业部官员和专家公开回应称：经过安全性评价审批的转基因产品是安全的，网上一些如转基因致癌，致流产等说法为谣言。网页链接 ,0
#走出误区#经期洗头容易患癌？其实，月经来潮时，洗个头，提点重物，吃点凉食，并不会造成那么严重的后果。经期需要注意个人卫生，但洗头洗澡、提重物、吃冷饮冷食并不是禁忌，更不会因此而患上癌症。|经期洗头容... ,0
// @谣言粉碎机 : 破解过了，《经期洗头容易患癌？》详细的看这里 |经期洗头容...  // @Wicky威 :其实我想粉碎机破解一下月经洗头流言。。。。,0
@崔玉涛:五联针（白喉+百日咳+破伤风+脊髓灰质炎+B型嗜血流感杆菌）建议注射时间：生后满2、3、4个月或生后满3、4、5个月；还有生后18个月，一共四次。到儿童四岁时还要口服脊髓灰质炎一次，满六岁还要白喉+破伤风一次。注射五联针的益处是可以减少疫苗注射次数，同样保证了接种效果。,0
《日常生活中的辐射对人体有害吗？》网页链接 WHO总结了近三十年来的有关研究，认为现有证据并不能确定暴露在低强度的电磁场中会产生任何健康后果。也就是说，大量的研究表明，没有证据能够证明日常生活中遇到的那种低强度的电磁波会影响到人体健康。 ,0
『（2） 谣言：和经期的女人吵架会让她们得肿瘤。破解：这个破解不是鼓励你和女友吵架请不要误会。』不行，我笑死了,0
【2011年度健康流言报告】有数不胜数的“科学”流言在我们身边的各个角落活跃着。比如：想怀孕，少吃肉；水牛奶比牛奶人奶更好；维生素C与虾不能同吃；催熟的香蕉会导致儿童性早熟；地铁安检设备对人体有害；夏天喝放在车内的瓶装水会致癌；你被这些流言忽悠过吗？ ,0
【不必谈“核”色变】#环保科普#人每天都会接触到天然辐射（又称背景辐射）。人所经受的天然辐射总量远远大于来自核技术利用等人为活动的辐射量。辐射对人体造成危害的大小与辐射剂量有关，人们日常生活中可能会接触到的辐射剂量，远远低于对人体有害的剂量。via《中国公民环境与健康素养（试行）》 ,0
【催熟的香蕉会催熟儿童吗？】田昕老师认为，水果催熟剂乙烯利并不会导致儿童性早熟。乙烯利毒性较低，只要香蕉上残留的乙烯利没有超过国家标准，是不会对人体产生什么影响的。引起儿童性早熟的因素是多方面的，家长要注意让孩子少吃禽类的脖子、洋快餐之类的食物。 ,0
【催熟的香蕉会导致儿童性早熟，是真的吗？】嗷呜..真相妹做过好多关于香蕉的辟谣呢...真相妹想说香蕉也好可怜的...总是躺枪被误解... 之前是得艾滋，这会又是导致性早熟...做个香蕉容易吗！详情请戳大图~ ,0
【儿童喝饮料易导致白血病？这是假的！】小孩得白血病主要原因是小孩喜欢喝饮料，还有大肠功能失调...这些都是谣言！没有任何证据证明喝饮料会导致儿童白血病。导致白血病的诱因在医学界至今未明，普遍认为与感染、放射因素、化学因素以及遗传因素等相关网页链接 ,0
【儿童喝饮料易导致白血病？这是假的思密达！】又到周五，小编正哼着“小鸡小鸡咕咕day”嗨森地准备下班，猛然被一条《残害许多孩子得白血病的真正凶手终于被揪 （分享自 @爱微帮微信助手） |儿童喝饮料... ,0
【方便面里的“致癌物” 三大疑凶揭开神秘面纱】泡面方便即食，美味可口，关于它的谣言和误解也是漫天飞舞。诸如“吃泡面就等于吃一堆防腐剂”“油炸泡面会致癌”“多吃泡面会秃顶”“吃一包泡面需肝脏解毒32天”等等诸如此类的谣言不时在我们的社交圈里“刷脸”|方便面里的... ,0
【辐射不是洪水猛兽】辐射无处不在，阳光就是一种辐射。迄今为止，电脑手机等日常辐射没有确证对健康有害。孕妇防辐射装防不了核辐射，也防不了它针对的那类电磁辐射。除了可以标识自己是孕妇，方便公交车上有人让座这个功能外，还可以糊弄老人的功能吧。如果没这需求，真没必要购买、穿着这种衣服。 ,0
【关于宝宝的8条谣言】1.儿童喝饮料易导致白血病？2.学步车能够安全有效的教会孩子走路？3.儿童夜里磨牙就是肚子里有蛔虫？4.人工色素会导致儿童多动症？5.儿童腹泻要多喝水补水？6.催熟的香蕉会导致儿童性早熟？7.抗生素不要给儿童使用？8.不要给儿童接种流感疫苗？假的！辟谣戳|别以为只有... ,0
【喝饮料会得白血病？这些谣言别信！】小孩发热服用布洛芬混悬液会致死、儿童接种流感疫苗不仅没用而且还存在风险、儿童夜里磨牙就是肚子有蛔虫、儿童腹泻不应吃东西而是要多喝水补水及催熟的香蕉会导致儿童性早熟……这些！都是！谣言！看看传播度最广的12条儿童谣言》》网页链接 ,0
【黄瓜和番茄相克，你被食物相克骗了多少年】关于食物“相克”的传说，最流行的就是螃蟹不能与柿子同吃，花生不能与黄瓜同吃，大葱不能与蜂蜜同吃，红薯不能与香蕉同吃，绿豆不能与狗肉同吃，松花蛋不能与糖同吃等，|黄瓜和番茄... ,0
【基站电磁辐射真如洪水猛兽吗？】电磁辐射有害人体健康的说法科学吗？基站和手机的电磁辐射究竟有多大？基站越密集电磁辐射就越大吗？我们在日常生活中如何将电磁辐射的影响降到最低？近日，《人民邮电》报记者采访了多位业内外的权威专家，为您还原电磁辐射的真实面貌……网页链接 ,0
【经期洗头会增加患癌的几率？危言耸听！】“例假不能洗头，长久累积而致癌”的说法在网上流传颇广，这个耸人听闻的观点也引起一波波恐怖浪潮。事实上，女性月经期需要注意个人卫生，但洗头洗澡、提重物、吃冷饮冷食并不是禁忌，更不会因此患上癌症。|经期洗头容... ,0
【纠错】人工色素会导致儿童多动症：儿童摄入人工色素会导致行为障碍、多动症、影响智力发育。事实上，色素使用只要符合标准，就是安全的。真正会影响儿童健康的，是食用过多的糖果、饮料等高热量食品。ps：就是想吃，肿么样 ,0
【每天多懂点儿环境健康知识】#不必谈“核”色变# 人每天都会接触到天然辐射（又称背景辐射）。人所经受的天然辐射总量远远大于来自核技术利用等人为活动的辐射量。辐射对人体造成危害的大小与辐射剂量有关，人们日常生活中可能会接触到的辐射剂量，远远低于对人体有害的剂量。 ,0
【辟谣10大生活谣言榜】近日，北京某辟谣平台发布10大生活谣言，月经期期洗头易患癌、坐月子洗头一身病、指甲上月牙是健康“晴雨表”、木瓜能丰胸？这些生活中常见的问题均被辟谣，都是谣言。 ,0
【人工色素会导致儿童多动症吗？】FDA指出，调查数据显示美国人平均的人工食用色素摄入量远远低于安全上限，即使是摄入量达到全民平均值的10倍，也还是低于安全上限很多的，因此无需担心。考虑到中国人食用加工食品的量要少于美国，摄入量还会更少，因此也无需担心。 网页链接 ,0
【日常生活中的辐射对人体有害吗？】大量的研究表明，没有证据能够证明日常生活中遇到的那种低强度的电磁波会影响到人体健康。 |百度百家详细网页链接 ,0
【深秋宝宝应接种的疫苗】流感疫苗，可以有效预防流感病毒引起流行的某些特定 的传染病。水痘疫苗，水痘是一种常见的、主要发生在儿童中的传染病。肺炎球菌疫苗和流脑疫苗。宝宝接种完疫苗要在接种站休息半小时左右，让宝宝适当休息，多喝水，注意保暖。当天不要给宝宝洗澡，要保证接种部位的清洁。 ,0
【室内养花的学问，你知道吗？】1.能吸有害物质的植物，芦荟、吊兰；2.能净化空气的植物，紫薇、玉兰；3.抗辐射植物，仙人掌、景天等多肉植物；4.驱虫杀菌植物，有的植物具有特殊香气，对人无害，而蚊子、蟑螂等会避而远之。有的香气还可以抑制或杀灭病菌，如柠檬、薄荷等。快存起来吧！（转） ,0
【手机辐射危害大？别吓自己了！】“辐射恐惧”已成常见现代病。商家对科学研究断章取义，为“防辐射产品”造势。并没有科学研究证实日常接触的电磁辐射会对包括孕妇在内的人群造成任何健康危害。手机的射频电磁场强度虽比其他电器高，但并未显示出有害健康的效应。（人民日报） ,0
【网传转基因食品致癌、精子活力下降 农业部辟谣！】网上流传着转基因玉米和大豆会导致癌症、不育不孕，欧美人不吃转基因食品等多种说法。13日上午，农业部官员和专家公开回应称：经过安全性评价审批的转基因产品是安全的，网上一些如转基因致癌，致流产等说法为谣言。|政解|转基... ,0
【谣言粉碎机：仙人掌能吸辐射】吸辐射这事儿，就别指望仙人掌了。而且日常家用电器（包括微波炉）辐射是非电离辐射，对人体无害。辐射分非电离辐射、电离辐射两类，详细见图。关于扯淡的孕妇防辐射服，亦请参考此文。晚安。 ,0
【一包方便面真需肝脏解毒32天吗】受加班族青睐的“泡面”潜藏着巨大的有害健康的物质抗氧化剂，也就是BHT。甚至有一种说法称：吃一包泡面，需要肝脏解毒32天！营养学专家称，这种说法并没有科学依据。方便面中添加适量的抗氧化剂BHT，不会对人体造成影响。 ,0
【预防流感 注意细节】据大连市疾控中心统计，前两个月大连流感发病率比去年同期高出两倍。流感的潜伏期一般在1到3天左右，学龄前儿童和老人是易感高发人群。立春过后，仍是流感高发季节，除接种疫苗，生活中也要注意防范细节。屋里常通风、勤洗手，打喷嚏或咳嗽用手帕等遮挡，流感患者外出佩戴口罩。,0
【预防流感的方法】预防流感最有效的方式就是接种流感疫苗。通过接种疫苗，可以使身体具有抵抗流感病毒的能力，从而减少疾病传染的风险。北京市疾病控制中心指出：流感疫苗是目前世界公认的预防季节性流感唯一且最为有效的措施，特别是对儿童而言，其保护效果可达到80-90%。 ,0
【增强儿童免疫力 流感预防最重要（二）】在流感季，麻麻们要注意给孩子勤换衣、勤洗澡，把附着在身上的病毒细菌及时清洁干净；还要教会孩子摸完玩具及与小朋友玩耍后，不要再摸自己的口鼻；平时注意均衡饮食，增强孩子自身对抗病毒的能力。另外，按时接种流感疫苗也很重要哦。 ,0
【中国公民健康素养】：在流感季节前接种流感疫苗可减少患流感的机会或减轻患流感后的症状。：接种疫苗是预防一些传染病最有效、最经济的措施，儿童出生后应当按照免疫程序接种疫苗。：环境与健康息息相关，保护环境，促进健康。 ,0
【注意预防！元旦至春节期间河北将进入流感高发期】目前，我省正值流感流行期，流感活动水平有所增强，较上个流行季有所提前。专家预测，2017年元旦至春节期间，我省将进入流感高发期。尚未接种流感疫苗的群众特别是儿童、老年人及慢性病患者等高危人群，应积极接种流感疫苗。@微博河北 ,0
【专家预测元旦至春节期间河北省将进入流感高发期】12月25日，笔者从省疾控中心获悉，目前，我省正值流感流行期，流感活动水平有所增强，较上个流行季有所提前。齐顺祥提醒公众，尚未接种流感疫苗的群众特别是儿童、老年人及慢性病患者等高危人群，应积极接 |专家预测元... ,0
【最坑孩子的8个谣言 | 流言百科 | 果壳网】不要给儿童接种流感疫苗，不仅没用还有风险 由于流感病毒的多变性，每年流行的感冒病毒都是不同种，很难预测什么样的疫苗能有效防护，所以打疫苗更像是买彩票。对于儿童来说，就不如不打，还能避免因疫苗染病的风... 网页链接 ,0
〖一包方便面真需肝脏解毒32天吗〗受加班族青睐的“泡面”潜藏着巨大的有害健康的物质抗氧化剂，也就是BHT。甚至有一种说法称：吃一包泡面，需要肝脏解毒32天！营养学专家称，这种说法并没有科学依据。方便面中添加适量的抗氧化剂BHT，不会对人体造成影响。 ,0
<怎么那么久还在谣传....................> 谣言粉碎机【经期洗头容易患癌？|经期洗头容... 】VS 豆瓣热帖【原来月经不洗头 不是冷不冷的问题（女生们请注意）网页链接 】 ,0
2011年度流言报告：我被“上班玩微博会降低工作效率；地铁安检设备对人体有害；夏天喝放在车内的瓶装水会致癌；食用碘盐防辐射；催熟的香蕉会导致儿童性早熟”忽悠过。你被以下这些流言忽悠过吗？ 网页链接 ,0
2017年4月25日是我国第31个“全国儿童预防接种宣传日”，今年的宣传主题是“规范接种疫苗，共建健康中国”。随着天气逐渐转暖，春季传染病以流感、麻疹、风疹、流行性腮腺炎为高发，疾控专家提醒：3岁以下幼儿是主要患病群体，家长要加强预防，及时带孩子接种疫苗。 秒拍视频 . ,0
7、某地发生多起抢小孩事件；8、夜里磨牙就是肚子有蛔虫，要驱虫；9、儿童腹泻不应吃东西，而是要多喝水补水；10、伪装成橙汁跳跳糖的新型毒品：是专门针对儿童的；11、催熟的香蕉会导致儿童性早熟；12、一批安徽牌照面包车假借装修楼房漏水，其实是安徽黑帮在贩卖儿童。你信了几条？（来源:四川发布）,0
包括Wi-Fi信号在内，日常生活中的低强度电磁辐射并不会影响人体健康，目前也没有证据表明日常非电离辐射会导致孕妇流产率、胎儿畸形率提高。路由器“孕妇模式”的推出，实际上等于传播了“Wi-Fi信号有害”的错误信息，是通过传播谣言、煽动恐慌来制造需求。 ,0
宝宝的健康常受五大疾病的困扰，主要是白喉、百日咳、破伤风、脊髓灰质炎和b型流感嗜血杆菌引起的感染，其疾病致死率和致残率都相当高。因此，对于一个适宜#接种疫苗#的儿童来说，接种疫苗对孩子来说是非常重要的。网页链接 ,0
比如转基因玉米和大豆会导致癌症，精子活力下降、不育，欧美人不吃转基因食品，转基因马铃薯致实验大鼠中毒，转基因玉米导致老鼠减少、母猪流产，转基因正成为超过原子弹的杀伤武器。这些都是毫无事实依据的谣言，被科学界一一否定。『网传转基因识别指南无科学依据_手机新浪网』|网传转基因... ,0
别关路由器了，别说打电话用耳机防辐射，别说仙人掌能吸辐射，辐射不会叠加。。。,0
别再发这些造谣的东西了。真当大家都是弱智？就算仙人掌这个非金属的东西可以吸收辐射，MB辐射是360全球体的，仙人球覆盖的面积能吸多少？,0
不要盲目相信谣传，要真相『转基因食品致癌？欧美人都不吃？这回终于弄清楚了』|转基因食品... ,0
扯蛋的很很，本人电脑面前坐了10多年了，基本每天都是8小时以上。现在一切正常，从早期的286的大屁股，到现在的液晶。我是亲身经历着，自己感受是最权威的。全是谣言，吓唬人的。仙人掌能吸辐射，恐怕也就只有中国人相信了！,0
除了流感疫苗，鸡蛋过敏的儿童可以正常接种麻风、麻风腮等常规疫苗。2012年以后，北京市开始对鸡蛋过敏的儿童接种（或补种）含麻疹成分的疫苗。发布了头条文章：《转载：鸡蛋过敏的宝宝，还能接种疫苗吗？》 |转载：鸡蛋... ,0
发表了博文 《2011年度流言报告：催熟的香蕉会导致儿童性早熟》 - 催熟的香蕉会导致儿童性早熟 　　流言：用来催熟香蕉的化学试剂会影响儿童的激素水平，导致性早熟。 　　真相：成熟的香蕉不便于长途运输 网页链接 ,0
发表了博文 《9大商业伪概念》 - 1.日常辐射有害健康 由于对辐射概念的错误认识，“辐射恐惧”变成了一种常见的“现代病”。商家抓住消费者的心理，对科学研究进行断章取义和歪曲，加剧人们的恐慌心理，为 |9大商业伪... ,0
发表了博文 《催熟的香蕉会导致儿童性早熟吗？》 - 　　流言： 果农利用一种名叫“乙烯利”的化学药剂将青香蕉催熟，这种物质会导致儿童性早熟。  　　真相： 乙烯利是什么还得从乙烯说起。  　　 网页链接 ,0
发表了博文《儿童型流感疫苗一针难求哪些疫苗绝对不能漏》【新闻回顾】“亲爱的宝宝家长，3岁以下儿童流感接种第一剂次的已经无货，第二针剂的正常接种。”上周，家住市中区的张燕收到七贤街道办事处社区卫生服务中|儿童型流感... ,0
发表了博文《青岛除甲醛提醒吃一包泡面需肝脏解毒32天》吃一包泡面需肝脏解毒32天　　流言一：【吃一包泡面需肝脏解毒32天】面都经过油炸，油中添加了BHT，可怕的是碗装泡面，碗的材质是聚苯乙烯，为防止加|青岛除甲醛... ,0
辐射存在于我们日常生活的每一个角落，电视机有辐射，电脑有辐射，手机有辐射，就连覆盖我们家庭单位的无线wifi网络也有辐射。辐射对人的身体究竟有怎样的影响，日常生活应怎样合理的规避有害辐射？虽然这些辐射没有电影中的辐射那样致命，但正确认识我们日常生活接触到的辐射与我们的健康生活息息相关 ,0
跟身边的人解释手机和WIFI辐射致癌、转基因食品有害、仙人掌能吸辐射等谣言时他们都不信我，想到当年我苦心孤诣跟他们解释酸碱体质等谣言时我就呵呵了//@田梦西: 找到這篇文章了→ →网页链接,0
关于#流行性感冒# ：是急性呼吸道病毒感染，易于人传人。通常是自限性的，在3~7天恢复。老年人、6 个月以下儿童、孕妇和患有慢性病或免疫抑制者，并发症风险增加。应向有并发症和流感暴露风险的人群以及易于传播病毒的儿童提供流感疫苗接种。高风险人群可能受益于抗病毒治疗、住院治疗或重症监护。 ,0
果壳辟谣小贴士：流言：家用电子设备对人体辐射危害大。破解：多项研究表明，日常居住环境的电磁场下的暴露强度是非常小的。在各种情况下，家用电器周围的电磁场强度远远小于安全准则的限值。手机的射频电磁场强度比日常居住环境中的其他电器都要高，但也并未显示出有害健康的效应。 ,0
果壳网：催熟的香蕉会导致儿童性早熟吗？不會的~~~ 网页链接 （分享自 @果壳网） ,0
经期洗头容易患癌不靠谱。关于经期吃冷饮、喝凉水的话题，目前没有任何证据表明这样的生活方式可导致妇科疾病。【我决定开始无视任何关于月经的禁忌，其实我根本就没遵守过什么…… ,0
就我的三观来说，我觉得我在相亲时需要上来就先问几个问题，一是你觉得戴隐形眼镜会瞎吗，二是你觉得吃转基因东西会死吗，三是你认为坐月子时可以洗头吗，四是你觉得仙人掌能吸辐射吗。 ,0
居然有新闻说乙烯利催熟的香蕉会导致儿童性早熟，卧槽哭笑不得了 ,0
卡夫食品宣布将在2016年1月前停止在其生产的一款儿童奶油通心粉中继续使用柠檬黄和日落黄，而用天然色素姜黄、辣椒黄等。原因是有质疑这两种人工色素会导致儿童多动症。卡夫食品也强调，这两种色素是安全的，做出这样的决定主要是由于消费者想要天然食品。|人工色素会... ,0
流行性感冒不同于普通感冒，是一种严重呼吸道传染病。致病性强，传播迅速，每年可引起季节性流行。接种流感疫苗可预防流感，减少患流感机会或减轻患流感后的症状。儿童、老人、体弱者等易感，应在医生指导下接种疫苗。由于流感病毒常发生变异，流感疫苗需每年接种方能获得有效保护。@北京朝阳健康教育 ,0
流言：家用的电器电子设备辐射大，因此手机不要放在床头、电脑一定要用防辐射的机箱，接电话时不要离耳朵太近。真相：现有研究表明，家用电器周围的电磁场强度远远小于安全准则的限值。手机的射频电磁场强度比日常居住环境中的其他电器都要高，但即使也并未显示出有害健康的效应网页链接 ,0
罗云波：目前没有一项研究证明了转基因食物会造成不育或致癌。仅有去年法国塞拉利尼团队的一项实验，声言吃了转基因食物的大鼠得了癌症，但这项实验结果被欧洲食品安全局明确地否定了。研究中有两组实验鼠，没吃转基因食物的那组得癌症的比吃了的更多，这是否说明了转基因食物还有抗癌的作用？！ ,0
绿茶跟仙人掌一样道理，是能吸辐射，但吸的不是电磁辐射。对于辐射的最好抵御办法就是在脸上套一个防辐射兜......,0
妈逼的，拉黑崔永元！一天到晚着了魔了是不是！生物工程招你惹你了？一天到晚抹黑中国粮食的进出口，欧美吃的转基因食品不必中国少，你个傻逼！ ,0
马克！一定要看 // @谣言粉碎机 :破解过了，《经期洗头容易患癌？》详细的看这里 |经期洗头容... // @Wicky威 :其实我想粉碎机破解一下月经洗头流言。。。。,0
没有证据能够证明日常生活电器所发出的低强度电磁波会影响到人体健康，更别说致癌，这是危言耸听，误导民众！世卫组织的结论：电磁场与公共卫生网页链接 科普文章：日常生活中的辐射对人体有害吗？ |日常生活中...,0
美国CDC的研究发现流感疫苗可以将高危儿童死于流感的风险降低51%，将健康儿童死于流感的风险降低65%，网页链接，为了你的孩子的生命安全，给他们接种流感疫苗吧,0
哦卡桑发了条充斥各种吐槽点的“养生”信息（就是网络上一抓一大把的那种）过来，部分内容就是姨妈来时不能洗头不然易患癌巴拉巴拉，这些都不是重点..............重点是找到果壳的一篇科普文，中间有句话是这样说的→→→所以有人把月经称作'失望的子宫内膜对胚胎未植入的抗议' ,0
欧美也有转基因食品在卖，低价，普通或者穷人们吃的，条件好点的买高价一些的非转基因，但至少人家区分开了，有没有经济实力买是买家的事，而我们，无路可选。,0
破解过了，《经期洗头容易患癌？》详细的看这里 |经期洗头容... //@Wicky威:其实我想粉碎机破解一下月经洗头流言。。。。,0
其实我自己也吃转基因的食品，如果转基因真的有那些如崔永元之流宣传的危害性那么大，欧美早已不孕不育后代畸形的爆发地了。,0
迄今为止，电脑手机等日常辐射没有确证对健康有害~ ,0
确实是一个值得争议的话题，儿童多动症本来就是一个原因不明的疾病。 【人工色素会导致儿童多动症吗？】 有不少报道称，摄入日落黄、诱惑红等人工食用色素会导致儿童行为障碍、多动症，影响智力发育。然而到目前为止，并没有充分证据表... （来自 @果壳网） |人工色素会... ,0
人工色素会导致儿童多动症这一事件已被辟谣，但是还是尽量避免食用过多添加人工色素的糖果哦！~,0
日常辐射如果有害健康，我们早就灭绝了。因为太阳光就是最常见的日常辐射。,0
日常生活中的电磁辐射是低强度的非电离辐射，并不会危害人体健康，可抵制基站的事件却层出不穷，远离基站反而更有害... 网页链接 ,0
日常生活中的辐射对人体有害吗？ | 爱读医 iReadMed 辐射，看不见摸不着，又无处不在，想想真是可怕，所以许多人会把身体上某方面的不适都怪罪为辐射导致。事实上大量的研究表明，没有证据能够证明日常生活中遇到的那种低强度的电磁波会影响到人体健康。 网页链接 ,0
食物相克说被医学界和营养学界否认，有关实验未能证明有相克效果。我交流过的中医专家也大多不同意“食物相克”，认为只有“药物相反”。有些说法是古人以讹传讹，比如“芝麻+鸡肉致死”；有的是胃肠功能不良者需要注意，比如“螃蟹和柿子致腹痛”，但并不是适用于所有人的铁律。//@user12345:,0
死于流感并发症的孩子几乎都是没有接种流感疫苗的孩子，CDC新的研究说。接种流感疫苗被发现在健康孩子中降低流感所致死亡率65%，在有疾病儿童中降低51%。网页链接 网页链接 ,0
所谓吃冷，洗头等等，全都是中医的谬论，建议你看看@方舟子 的微博 //@Snow-snowy-诗琴小雪:吃冷的还是不行吧？ //@安cheer:谁是小斑斑呀？像哈里波特里的那只罗恩的老鼠。  //@IDerekwang:给小斑斑转  //@姬十三:无,0
所谓的“食物相克”必须在循证医学的前提下才可以下结论。生活中产生食物相克甚至致人死亡的说法很可能是偶然巧合导致以讹传讹，或是食物污染中毒，或是一些人的特殊体质产生食物过敏，并非食物天生“相克”。 ,0
所谓的“食物相克”有必要在循证医学的条件下才干够下结论。日子中发作食物相克乃至致人逝世的说法很或许是偶然偶然致使耳食之言，或是食物污染中毒，或是一些人的格外体质发作食物过敏，并非食物天然生成“相克”。 ,0
提醒:日本流感大爆发患者超200万 赴日旅行可暂缓 高风险人群如老年人和年幼儿童可接种流感疫苗，同时避免前往人群聚集场所。出入境旅客一旦出现发热、流涕、鼻塞、打喷嚏、呼吸困难等症状，应主动向口岸检验检疫部门申报。 网页链接 ,0
网传转基因食品致癌、精子活力下降 农业部辟谣 - 新京报快讯网上流传着转基因玉米和大豆会导致癌症、不育不孕，欧美人不吃转基因食品等多种说法。今日上午，农业部官员和专家公开回应称：经过安全性评价审批的转基因产品是安全的，网上一些如转基因致癌，致流产等说... 网页链接 ,0
网上流传着转基因玉米和大豆会导致癌症、不育不孕，欧美人不吃转基因食品等多种说法。今日上午，农业部官员和专家公开回应称：经过安全性评价审批的转基因产品是安全的，网上一些如转基因致癌，致流产等说法为谣言。网页链接 ,0
伪概念：日常辐射有害健康 真相：由于对辐射概念的错误认识，“辐射恐惧”变成了一种常见的“现代病”。商家抓住消费者的心理，对科学研究进行断章取义和歪曲，加剧人们的恐慌心理，为其所谓防辐射产品的销售造势。并没有科学研究证实日常接触的电磁辐射会对包括孕妇和胎儿在内的人群造成任何健康危害 ,0
我曾经听到中国工程院院士，食品安全专家陈君石表示，转基因大豆致癌毫无根据的。,0
一个发现，凡是在朋友圈发各种链接，什么转基因食品吃了会死，小龙虾是吃死尸长大的，月经期间洗头患癌等等等等谣言的女人，都是结婚生子了的。一个思考，是因为婚后围着老公孩子转脱离了社会知识面变窄，还是因为永远这么傻不拉几的容易相信别人所以受男人怜爱嫁出去了？ ,0
月经谣言汇网页链接摘录：谣言：食物有相克。破解：小心食物相克说法沉渣泛起。谣言：月经洗头加速患癌。破解：根本是耸人听闻，该怎么洗怎么洗。流言：公共浴室，指尖与镜成像无距离可能曝露于人前。破解：有无距离都可能。谣言：健康人双手月牙多为好。破解：月牙才不是游戏里的血条呢 ,0
在我们国家随着转基因这一块的应用，产生了非常多的我们认为是不科学的东西，有的也可能成为谣 言。比如转基因玉米和大豆会导致癌症，转基因玉米导致广西大学生精子活力的下降，转基因食品导致不育，欧美人不吃转基因食品，转基因马铃薯致实验大鼠中 毒，转基因玉米导致老鼠减少 网页链接 ,0
长见识了，一直都认为是仙人掌能吸电脑辐射，于是乎，这货变成了办公室的一道亮丽风景，摆放大道一致，电脑侧边，原来这样是无效啊就当是寻求到了心里上的欣慰吧,0
这都是批得臭了街的伪科学了，总也绝不了。电脑的低频电磁辐射对人影响完全可忽略不计。脸上能挂住电磁波吗？还是仙人掌能吸住电磁波？电磁辐射无处不在，烤火炉子都比这影响大。 //@公安部交通安全微发布:【几招有效防电脑辐射】现在是网络办公、通讯时代，高效率和快节奏成了现代办公的主流。电脑为,0
这个有意思 →_→【人工色素会导致儿童多动症吗？】@阮光锋：有不少报道称，摄入日落黄、诱惑红等人工食用色素会导致儿童行为障碍、多动症，影响智力发育。然而到目前为止，并没有充分证据表明人工色素会危害（分享自 @果壳网） 网页链接 ,0
真相 | 儿童腹泻不应吃东西，而是要多喝水补水！ 这是谣言 |真相 | 儿... ,0
值得一体的是，文中说美国每年有20万人因流感住院，有3000-49000人因流感引发的并发症而死亡。流感导致的住院和死亡主要集中在5岁以下儿童（尤其是2岁以下），孕妇，65岁以上的老人，以及慢性病病人。借此再次提醒大家，每年接种流感疫苗，特别是以上人群。,0
转基因玉米和大豆会致癌？转基因玉米导致广西大学生精子活力下降？欧美人不吃转基因食品？转基因正成为超过原子弹的杀伤性武器？昨天，农业部召开发布会，中国工程院院士吴孔明表示没有科学依据，基本上都是随意编造。对农业部回应你怎样看？今日《新闻水立方》请你参加讨论，欢迎发表评论。 ,0
【V纠错】儿童喝饮料易导致白血病:流言称，小儿得白血病的原因是大肠功能失调。饮料中的甜味素进入身体很难降解，会随着大肠吸收到肾脏，由肾脏送到骨髓造血，并堆积在里面。事实上，没有证据表明喝饮料会导致小儿白血病。导致白血病的诱因应与感染、放射因素、化学因素及遗传因素等相关。 ,0
【V纠错】学步车能够安全有效的教会孩子走路：流言称，学步车可以帮助孩子学走路，孩子玩的开心，家长也觉得轻松。事实上，学步车对儿童学走路并无帮助，反而会带来意外伤害的风险，因其给了孩子和他年龄、危险意识不相称的速度和空间。 ,0
"【彩虹糖1秒变“彩虹”，掉色儿真不是它的错】　　五颜六色的“彩虹糖”特别受到孩子们的喜爱，但关于人工色素的争议由来已久。有报道称摄入人工色素会导致儿童行为障碍、多动症，影响智力发育。这种滴水即化，能创造油画艺术的人工色素真的会危害儿童健康吗　人工色素≠有害　　欧洲食品安全局(EF 
			...展开全文c",0
【催熟的香蕉会导致儿童性早熟？】首先要知道，能催熟香蕉，儿童性早熟是受到性激素的调节，而果农用的植物激素“乙烯利/乙烯”根本不参与动物性激素的合成，SO在儿童性早熟事件上，完全就是打酱油的。幻想一下，如果乙烯真的能调节性激素，那可以用来丰个胸、避个孕啥的。#嘟嘟医生爱生活# ,0
【经期洗头易患癌？你咋不上天呢！】　老一辈的人通常会告诫月经期的女生，千万不要洗头。不然等年纪大了就会得一些妇科疾病巴拉巴拉，这条“名言”代代相传，发展到如今又玩出了新花样：月经期间洗头会增加致癌机率。呵呵，说出这句话的人，你咋不上天呢!网页链接 ,0
【一包方便面真需肝脏解毒32天吗】受加班族青睐的“泡面”潜藏着巨大的有害健康的物质抗氧化剂，也就是BHT。甚至有一种说法称：吃一包泡面，需要肝脏解毒32天！营养学专家称，这种说法并没有科学依据。方便面中添加适量的抗氧化剂BHT，不会对人体造成影响。各位再辛苦也别长吃啊！ ,0
谣言：和经期的女人吵架会让她们得肿瘤。破解：这个破解不是鼓励你和女友吵架请不要误会。】但是店主每次跟男票吵架就脚着子宫疼啊！！//@肉肉钻石店主: 卧槽，我一直赶脚我不洗头后月经才乱了的！！！//@R_烘焙模式全开: @肉肉钻石店主 经期更要注意各人卫生。。//,0
【饭后一瓶酸奶有助消化，是真的吗？】一个好消息：从科学上讲，益生菌和益生元的保健作用虽无定论，但“酸奶助消化”不能算谣言，属于“很有可能的”事情，如果喜欢酸奶的风味，喝喝无妨；一个坏消息：“很有可能”可不代表是事实，广告却说得那么确凿……你懂的→_→ °饭后一瓶酸奶，真的有助消化吗？ ​​​​,0
【垃圾食品名单？扯淡！】有人说，泡面、汉堡、薯条都在世界卫生组织的垃圾食品名单里，最好一概不碰。然而这名单并不存在。真要较真的话，没有绝对垃圾的食品，只有垃圾的吃法。可着一种食物拼命吃，不注意膳食均衡，那么吃啥都是不健康的。人生不易，吃点东西就别那么大负担了。,0
66%癌症发生都是运气不好？】近几天有文章称“科学研究”表明“患癌与否靠运气”。对癌症的探讨回归玄学了？并不！所提研究中确有66%这个数字，但是指致癌基因突变中有多少出于随机，这与“66%癌症出于随机”有多远的距离？能否说明疫苗和锻炼没意义了？ ,0
“鲜艳的蘑菇有毒”“虫子吃过的蘑菇无毒”，这样就能鉴别出来？图样！全世界各式各样的大型真菌约有14000种，专业人士都不一定能凭肉眼认得准，详细科普戳：O辨别毒蘑菇，民间传说不可信 | 科学人 | 果壳...,0
长痘就是因为上火/体内湿气重，你可不能吃肉，辣椒也不能吃……,1
“你看你看全是胶，硬邦邦的！”网友买回皮皮虾，却发现了“黑心”商贩的无耻行径，她义愤填膺拍摄视频上传网络,1
紫菜撕不断嚼不碎还有腥臭味，肯定是废弃黑塑料做的,1
【撕不破还有腥味，就说明紫菜是塑料做的？冤枉啊！】最近一条视频在网上传播，称紫菜撕不断嚼不碎还有腥臭味，肯定是废弃黑塑料做的——你们冤枉人能有点诚意不？这些情况其实都可以用紫菜自身特性来解释。撕不断可能是泡紫菜水温不够。腥臭味？那明明是海的味道：°撕不破还有腥臭味就是塑料做的？别再冤枉紫菜了,0
【醋蛋归元液？天呐，这么老套的骗术也能骗到钱！】用着“千年古方”、“能治百病”这样最浮夸（且违法）的广告词，实际上就是把几样普通食品混在一起（贼难吃）。居然，还骗到了那么多人。,0
​​市场上出现了一种“醋蛋归元液”，对老年人极具吸引力，“调理身体”、“治70多种大病”……,1
银耳、桃胶、皂角米……这些黏糊糊的冻状物听说健康又美容,1
【“植物胶原蛋白”，双重嵌套大忽悠】银耳、桃胶、皂角米……这些黏糊糊的冻状物听说健康又美容？可别被商家忽悠了：所有的胶原蛋白都来源于动物，植物里的黏糊糊是碳水化合物！而且即便是真的胶原蛋白，也没有所谓的“美容护肤”等功效。,0
最近，社交媒体上有篇新研究称：怀孕能造成大脑灰质体积的长期性缩小。啥？灰质都小了，人可不就傻了嘛！准妈妈新妈妈纷纷为逝去的智商哀叹连连。,1
"【“一孕傻三年”有了科学证据？你也太小瞧脑子了吧】最近，社交媒体上有篇新研究称：怀孕能造成大脑灰质体积的长期性缩小。啥？灰质都小了，人可不就傻了嘛！准妈妈新妈妈纷纷为逝去的智商哀叹连连。

论文是真的，灰质体积减少也是论文结论。但是，大脑的运作方式可不是简单的“少了就弱了”。一句话：缩小的灰质不仅并没有让妈妈们变傻，反而赋予了她们更强大的能力。",0
《美国正式确认红酒抗癌》，说是耶鲁大学的研究表明“喝红酒可以增加非霍奇金淋巴瘤患者的存活率”。,1
【耶鲁证明“红酒抗癌”？科学研究是怎么传成谣言的】一个证据力度非常弱的小样本流行病调查，是怎么变成微信朋友圈里言之凿凿的“红酒抗癌”的？很多流传极广的“医学大发现”都是这个套路，来学学识破谣言的方法吧。,0
【日本出现“新”血型，或与福岛事件有关？这血型并不新，也跟人家福岛没关系】福岛：有完没完，有完没完了你们？ ╮(╯_╰)╭ ,0
据俄罗斯“z-news”新闻网站报道，日本科学家发现了两种新血型，与已知的I，II，III和IV完全不同。新的血液类型被称为Langereis血型和Junior血型，以区别于传统的分类。据科学家们说，这种现象与福岛核事故造成的放射性物质泄漏有关。,1
澳大利亚癌症患者的5年存活率是60%，但单纯化疗的5年存活率只有2.3%，而美国更少，只有2.1%。50%癌症患者是死于化疗药物（化疗开始的30天之内），而不是癌症本身,1
"【化疗的5年存活率只有2.3%？只不过是老谣言出了新版本[摊手]】“癌症患者是死于化疗，而非癌症本身！化疗根本就是医生和制药企业联合制造的骗局！”

微信里的谣言隔一段时间就会改头换面出来作妖，这次也没啥新意：2.3%这个数据在原文中指的是“化疗对总体生存率的贡献”，而非“生存率”，这样的移花接木实属离谱。

为了让癌细胞凋亡，化疗对一些正常分裂旺盛的细胞也会有毒害作用，所以患者会掉头发、消瘦、肠胃不适。但化疗带来的益处不仅是5年生存率的提升，还包括降低癌症复发率、改善症状等等。癌症治疗的关键，在于坚持走完正规疗程。",0
“用手机超过68分钟，易抑郁”是真的吗？,0
美国有大学的研究表明，使用智能手机能揭示使用者精神状态，用手机超过68分钟，易抑郁,1
【“用手机超过68分钟，易抑郁”是真的吗？】据传美国有大学的研究表明，使用智能手机能揭示使用者精神状态，真是这样？@窗敲雨 ：“用手机超过68分钟，易抑郁”这个说法肯定是扯，研究也没有要往这方面说。而且，提到的研究本身是个初期研究，还有不少缺陷,0
伸出手指顶住镜面，如果镜中的指尖和你的指尖没有距离，说明镜子的另一面其实是玻璃！,1
【酒店有偷窥狂？用手指能查出镜子有问题？没那么简单】“伸出手指顶住镜面，如果镜中的指尖和你的指尖没有距离，说明镜子的另一面其实是玻璃！”类似鉴别双面镜的技巧你可能也听说过，但它并不靠谱。这不，最近有个可怜的抽屉就中招了。双面玻璃确实存在，真想鉴别？来，看这里：°酒店有偷窥狂？用手指能查出镜子有问题？你可... ​​​​,0
做烤冷面的人，枪毙100次也不解恨！实验发现，烤冷面经1500度高温加热都能坚持很久，只会产生略微臭气和烧焦味，完全闻不到烧掉食物的味道。用80g高筋面粉才制作出2.77g面筋，6斤多面粉才能出一张“烤冷面”？成本这么高，商家根本不可能这样做！烤冷面之所以这么筋道，都是加了化学物质，甚至加入剧毒化工原料“硼砂”。,1
这则声称“烤冷面经1500度高温加热都烧不透”的消息迅速在朋友圈扩散，并造成了广大吃面群众的惊慌。但是，这篇文章中对烤冷面进行的“实验”并不科学，选择的对照也有问题。它无法说明冷面“不含面筋”或是使用了有害物质。,0
“7月生的孩子易得哮喘”、“3月生的人心脏容易出问题”……,1
【出生月份决定将来会生什么病？】“7月生的孩子易得哮喘”、“3月生的人心脏容易出问题”……类似的说法你可能在网络上看到过。这个研究确实存在，但其结果不能证明出生时间真的对疾病发生率有直接影响。就算有那么点关系，与膳食、锻炼比起来，也并不是那么重要。,0
【卸甲水“腐蚀”杯子太可怕？你想多了】首先这不叫“腐蚀”，而是有机溶剂相互作用的“溶解”过程；卸甲水中的丙酮能溶解指甲油，不代表它能溶解指甲（事实上角蛋白非常彪悍，既不溶于水也不溶于油）。这里是一些涂指甲油的小贴士，只要正确使用合格产品，大可安心美美→_→,0
所有哺乳动物的心跳次数都近乎十亿次，只不过老鼠用了750天，大象用了75年,1
【不同的动物，相同的总心跳？才没那么准】“所有哺乳动物的心跳次数都近乎十亿次，只不过老鼠用了750天，大象用了75年”——类似的“冷知识”你可能听过，说不定顺便还感叹了大自然的神奇。然而事实真相是：哺乳动物的心跳确实有规律，但远没有准到那么邪乎的地步→_→,0
内蒙风力发电场和三北防护林使北方风力衰减，这导致了北京雾霾严重，雾霾无法被吹散。,1
“风被偷走”导致北京雾霾严重的说法长盛不衰，这些言论乍一看似乎有道理，但事实上，防护林和风力发电对风力的影响都很弱，根本不足以成为雾霾加重的理由。,0
前不久，凤凰卫视制作了这样一则新闻视频：《世卫组织：不排除寨卡病毒与转基因有关》。,1
【世卫致凤凰卫视：请核实你们的报道！】最近，@凤凰卫视 称@世界卫生组织 表示不排除寨卡病毒与转基因有关。该消息与WHO既往的言论不符。因此，果壳网联系了视频中的世卫发言人发言人，他否认了凤凰卫视新闻的结论，并表示：“我已要求凤凰卫视核实他们的新闻报道和叙述方式。”,0
【比起小黄片，老鼠更爱看真•动作片】今晚想看什么片儿？如果你的答案是动作片而非爱情动作片，那你找到了同伴。在一项实验中，研究人员给老鼠分别播放了三种类型的影片：两鼠互嗅的闻艺片；相互打斗的动作片；相互交配的小黄片。结果打架视频力压其他两者，成为最受欢迎影片。,1
【海水为什么那么咸?】一条蓝鲸每次射精会产生400加仑精液，但注入蓝鲸MM体内的实际上只有区区10％，蓝鲸哥哥每“卸载”一次，有360加仑精液是“渗漏”到海里去的，人类一直在纳闷海水它咋就那么咸吧，不错，没事儿可别喝海水玩！,1
爱因斯坦给他的女儿写了一封信，称“爱是上帝，上帝就是爱”，不少人深受感动。,1
【爱因斯坦留给女儿的一封信，震撼！个屁】网传爱因斯坦给他的女儿写了一封信，宣称“爱是上帝，上帝就是爱”，不少人深受感动。真有这封信么？很可惜它并不存在。这封信文风不对，来源可疑，细节也对不上，最悲剧的是，文中提到的爱因斯坦的女儿，很早就夭折了,0
造成这次寨卡病毒传播的罪魁祸首是2012年投放的转基因蚊子,1
转基因蚊子与寨卡疫情：站不住脚的阴谋论】最近有消息称，造成这次寨卡病毒传播的罪魁祸首是2012年投放的转基因蚊子，但事实上，这则新闻从信源到结论都不可靠。该消息最早来自reddit“阴谋”板块上的一则帖子，可信程度可想而知。具体请看病毒学博士研究生@贝塔-鱼 的分析,0
【取款机上倒着输入密码，并不会自动报警！】虽然这种“胁迫码”技术是存在的，但没有任何可靠资料表明它应用在了取款机上。万一被挟持，贸然输入倒转的密码，反而可能因输入错误而激怒歹徒。,0
"强冷空气将至，医生再次忠告50岁以上的爸爸妈妈们一定要记住，在睡眠时如果心脏病突发, 剧烈胸疼足以把人从沉睡中痛醒,立刻口含十粒复方丹参滴丸，或者硝酸甘油片2片，或者阿司匹林3片（300mg）嚼服！接着立刻联络急救中心，然后坐在椅子或沙发上静候援助，千万别躺下！心脏科医师强调，如果每个看到这条微信的人，不要光点赞，请转发，至少有一条生命将会被抢救回来。",1
【朋友群“急救贴心提示”？照做可能更危险！】“心脏病突发，立刻口含balabala，嚼服balabla，千万别躺下！”——寒潮来袭，这条“贴心提示”又在票圈流传起来。但事实上这条建议属于不懂装懂的产物，盲目照做可能会耽误治疗！胸痛应该怎么办？来看心内科医师@大仑丁 的建议：°朋友圈“急救贴心提示”？这是谣言！ ​​​​,0
现在的荔枝几乎都是用药水浸泡的，吃后会引起发烧，还可能引发手足口病。,1
手足口病是肠道病毒引起的感染，它和荔枝没有什么关系，也不会通过泡荔枝的“药水”传播。荔枝是一种很难保鲜的水果，用杀菌剂等成分浸泡处理其实是一种合法且必要的处理手段。农业部规定允许使用的杀菌剂、保鲜剂毒性不高，且用量有严格限制，只要合理使用、符合标准要求，它们一般不会对人体造成危害。,0
科学家称，用玉米油或葵花籽油等植物油做饭，可能导致包括癌症在内的多种疾病。科学家推荐使用橄榄油、椰子油、黄油甚至猪油替代普通植物油。,1
这里提到的科学家确实进行了实验，但实验结果能说明的只是富含多不饱和脂肪酸的油不适合用于煎炸而已，如果不连续煎炸食物，生成的有害物质其实也没那么多。黄油和猪油的热稳定性确实更好，但只考虑这一个因素来选择就太片面了。煎炸和过多的饱和脂肪摄入都是不健康的饮食方式，合理烹调、平衡膳食才最重要。,0
野生黑枸杞富含花青素，它抗氧化、抗衰老、美容养颜、改善睡眠、预防癌症，还能增强免疫力……,1
2015年，黑枸杞成了新的保健食品热门，野生黑枸杞甚至引来了数以千计的盗采者。黑枸杞确实富含花青素，但它的一系列“保健奇效”却全部来自脑补，别说临床科学依据，甚至连动物实验都没有。吃些富含花青素的蔬果是好事，但一味追捧黑枸杞则没有任何必要，只要搭配均衡，日常食物就可以满足人们的营养需要。,0
