我免费围观了 @营养医师王兴国 的回答，问题价值 40.00 元，快来一起免费围观~ 网页链接 ​,月不食,2017-05-21 11:04
﻿我免费围观了 @营养医师王兴国 的回答，问题价值 40.00 元，快来一起免费围观~ 网页链接 ​,桂北KAJ,
﻿#白菜省钱小马甲# 健字号减肥瘦身左旋肉碱咖啡粉10袋【39】|优惠券和下... ​,白菜省钱小马甲,2017-05-20 19:18
﻿我免费围观了 @营养医师王兴国 的回答，问题价值 40.00 元，快来一起免费围观~ 网页链接 ​,球球球球晴宝,
﻿#减肥# 龙力左旋肉碱速溶360黑咖啡，瘦也可以喝出来~ 左旋肉碱咖啡 ￥19.9网页链接 ​​​ |北京·石景... ​,酷讯优惠榜,2017-05-20 18:40
﻿我免费围观了 @营养医师王兴国 的回答，问题价值 40.00 元，快来一起免费围观~ 网页链接 ​,全村儿我最美__,
﻿#减肥# 龙力左旋肉碱速溶360黑咖啡，瘦也可以喝出来~ 左旋肉碱咖啡 ￥19.9网页链接 ​​​ |北京·中关... ​,券小堂,2017-05-20 10:13
﻿我免费围观了 @营养医师王兴国 的回答，问题价值 40.00 元，快来一起免费围观~ 网页链接 ​,焕然新生1016,
﻿#减肥# 龙力左旋肉碱速溶360黑咖啡，想瘦就要喝出来！ 左旋肉碱咖啡 ￥19.9网页链接 ​​​ |北京·世贸... ​,酷讯优惠榜,2017-05-19 22:41
﻿#减肥# 龙力左旋肉碱速溶360黑咖啡，想瘦就要喝出来！ 左旋肉碱咖啡 ￥19.9网页链接 ​​​ |北京·建国... ​,券小堂,
﻿我免费围观了 @营养医师王兴国 的回答，问题价值 40.00 元，快来一起免费围观~ 网页链接 ​,小_迷妹儿-,2017-05-19 21:19
﻿第件事…自然是减肥大业了冲半袋左旋肉碱咖啡…大约100ml的热水…我的杯子会变色噢⊙_⊙#美拍# 秒拍视频 ​,艾玛就差身材好好了,
﻿我免费围观了 @营养医师王兴国 的回答，问题价值 40.00 元，快来一起免费围观~ 网页链接 ​,胡思乱想脾气古怪的一个包子,2017-05-19 11:28
﻿厉害了我的哥！！！都这么便宜了还发红包，速抢！（减肥买2送1 修正 左旋肉碱茶多酚片 0.8g/片*60片 夏季减肥） |减肥买2送1... ​,最初的孤单2017,
﻿超多人推荐给我～还有红包可以抢哦～！！（减肥买2送1 修正 左旋肉碱茶多酚片 0.8g/片*60片 夏季减肥） |减肥买2送1... ​,秘密武器0112,2017-05-19 11:27
﻿我剁手都要买的宝贝（减肥买2送1 修正 左旋肉碱茶多酚片 0.8g/片*60片 夏季减肥），快来和我一起瓜分红包 |减肥买2送1... ​,旺旺梅06,
﻿讨厌的肥肉总是怎么减肥也减不掉，快来试试这个减肥片吧  汤臣倍健R左旋肉碱茶 39.9元 网页链接|要什么尽管... ​,淘菜猪,2017-05-18 15:05
﻿#减肥# 轻松减去脂肪，减肥不再从明天开始！ 龙力左旋肉碱速溶360黑咖啡 ￥19.9网页链接 ​​​ |北京·通州... ​,酷讯优惠榜,
﻿#减肥# 轻松减去脂肪，减肥不再从明天开始！ 龙力左旋肉碱速溶360黑咖啡 ￥19.9网页链接 ​​​ |北京·三元... ​,实惠控,2017-05-18 12:19
﻿我免费围观了 @营养医师王兴国 的回答，问题价值 40.00 元，快来一起免费围观~ 网页链接 ​,木梓漓L,
﻿我免费围观了 @营养医师王兴国 的回答，问题价值 40.00 元，快来一起免费围观~ 网页链接 ​,稚稚妮,2017-05-13 23:26
﻿【汤臣倍健】R左旋肉碱茶多酚荷叶片1220mg/片*40片/瓶，添加茶多酚，天然肉碱含量高，减肥保健，甩掉游泳圈，享“瘦”生活~~30元券，券后【39.9】 网页链接|要啥券都有... ​,淘白菜乐园,
﻿我免费围观了 @营养医师王兴国 的回答，问题价值 40.00 元，快来一起免费围观~ 网页链接 ​,小崽咩咩,2017-05-13 21:34
﻿#减肥# 轻松减去脂肪，减肥不再从明天开始！ 龙力左旋肉碱速溶360黑咖啡 ￥19.9网页链接 ​​​ |北京·中关... ​,券小堂,
﻿我免费围观了 @营养医师王兴国 的回答，问题价值 40.00 元，快来一起免费围观~ 网页链接 ​,But诶呀呀,2017-05-13 20:09
﻿#减肥# 轻松减去脂肪，减肥不再从明天开始！ 龙力左旋肉碱速溶360黑咖啡 ￥19.9网页链接 ​​​ |北京·中关... ​,蓝小酱,
﻿我免费围观了 @营养医师王兴国 的回答，问题价值 40.00 元，快来一起免费围观~ 网页链接 ​,韩小航在路上,2017-05-13 13:51
﻿我免费围观了 @营养医师王兴国 的回答，问题价值 40.00 元，快来一起免费围观~ 网页链接 ​,铁齿铜牙路二肖,
﻿客户用了鑫玺养护贴！排出了好多血块！轻松一贴不用在做子宫肌瘤手术！也不用再吃中药了‼️微信：770730612#左旋肉碱减肥第一咖啡##鑫玺微商痛贴灵##鑫玺舒优美卫生巾# |广州·永泰 ​,鑫玺美如玉减肥咖啡总监高总,2017-05-13 13:27
﻿我免费围观了 @营养医师王兴国 的回答，问题价值 40.00 元，快来一起免费围观~ 网页链接 ​,今日开张中,
﻿#藏在深处的小金库#这个应该是帮助运动减肥的一种保健品吧。。有人吃过么？汤臣倍健R左旋肉碱茶多酚荷叶片*2瓶套餐=58:网页链接|酸奶辣条我... ​,逗比白菜君,2017-05-13 11:04
﻿减肥买2送1 修正 左旋肉碱茶多酚片 0.8g/片*60片 夏季减肥 |减肥买2送1... ​,用户6065796971,
﻿我发表了头条文章:《左旋肉碱、大麦青汁粉…火爆朋友圈的减肥产品大盘点》 |左旋肉碱、... ​,健康减脂教练-小鱼,2017-05-12 18:14
﻿我免费围观了 @营养医师王兴国 的回答，问题价值 40.00 元，快来一起免费围观~ 网页链接 ​,清清努力加油,
﻿我免费围观了 @营养医师王兴国 的回答，问题价值 40.00 元，快来一起免费围观~ 网页链接 ​,Scorpion-xx,2017-05-11 22:33
﻿我免费围观了 @营养医师王兴国 的回答，问题价值 40.00 元，快来一起免费围观~ 网页链接 ​,-小虎牙妹,
﻿#鑫玺左旋肉碱咖啡#这就是你们知道的局部胖吸脂减肥价格昂贵、人还受罪！关键是在这个环境操作？安全么？卫生么？操作者有医师资格证么？不在无菌室、没有穿消毒衣、没有戴消毒帽！减肥请珍惜一下自己的生命安全！ 秒拍视频 . ​,用户5896185910,2017-05-10 23:57
﻿#减肥快速方法# 减肥有什么快速的方法？找我我告诉你。绿焰国际左旋肉碱咖啡月瘦5～30斤不是梦！ 秒拍视频 . ​,绿焰国际全国总代蕾拉,
﻿我免费围观了 @营养医师王兴国 的回答，问题价值 40.00 元，快来一起免费围观~ 网页链接 ​,久爱不弃咯,2017-05-10 18:13
﻿我免费围观了 @营养医师王兴国 的回答，问题价值 40.00 元，快来一起免费围观~ 网页链接 ​,李豪豪啊丶,
﻿我免费围观了 @营养医师王兴国 的回答，问题价值 40.00 元，快来一起免费围观~ 网页链接 ​,安于此生yu,2017-05-05 23:05
﻿我免费围观了 @营养医师王兴国 的回答，问题价值 40.00 元，快来一起免费围观~ 网页链接 ​,-訫小癫-,
﻿【绿-瘦】左旋肉碱减肥胶囊2瓶装拿+入：36网页链接|点击二合一... ​,精致优惠菌,2017-05-05 21:17
﻿"我高二的的时候105斤 觉得太胖了就决定吃减肥药 当时流行的减肥药一种叫左旋肉碱一种叫坐立瘦 因为我不愿动弹天天不是坐着就是躺着 所以我选择了后者 三盒一个疗程 一盒150 我就买了一个疗程 第一次吃就拉稀 吃了不到一个星期明显心跳加快 但体重明显是下降了 大概瘦到100斤 当时正赶上学校体育节 有20 ​
			...展开全文c",一颗废桃,
﻿我免费围观了 @营养医师王兴国 的回答，问题价值 40.00 元，快来一起免费围观~ 网页链接 ​,铃铃铃灵灵,2017-05-05 17:24
﻿【黄师傅讲故事】（粤）减肥篇之燃烧吧我的脂肪#今日打卡###左旋肉碱# @创客同学会 @CY陈毅锋 秒拍视频 . ​,黄师傅讲故事,
﻿发表了博文《“减肥可乐”VS汤臣倍健左旋肉碱，哪种减肥方式更科学？》据称，可口可乐宣布成功研发一款健康的碳酸饮料——CocaColaPlus，这款饮料不仅保持原来的独特口味，更令人关注的是号称加入难以|“减肥可乐”... ​,honey玄烨,2017-05-05 11:12
﻿我剁手都要买的宝贝（减肥买2送1 修正 左旋肉碱茶多酚片 0.8g/片*60片 夏季减肥），快来和我一起瓜分红包 |减肥买2送1... ​,朱炫诚,
﻿【蒂芬妮 健字号左旋肉碱咖啡粉10g*10袋 减肥瘦身】【原价】99【券后价】 39【领60元券下单】网页链接-----------------#洋葱海外仓免税店#更多内部优惠券神器：网页链接 ​,V5团购,2017-05-04 20:55
﻿我免费围观了 @营养医师王兴国 的回答，问题价值 40.00 元，快来一起免费围观~ 网页链接 ​,521cherryyingying,
﻿我免费围观了 @营养医师王兴国 的回答，问题价值 40.00 元，快来一起免费围观~ 网页链接 ​,吉吉吉Glh,2017-05-04 11:26
﻿我免费围观了 @营养医师王兴国 的回答，问题价值 40.00 元，快来一起免费围观~ 网页链接 ​,天天正品美容针剂,
﻿我免费围观了 @营养医师王兴国 的回答，问题价值 40.00 元，快来一起免费围观~ 网页链接 ​,天天正品美容针剂,2017-05-04 10:50
﻿我免费围观了 @营养医师王兴国 的回答，问题价值 40.00 元，快来一起免费围观~ 网页链接 ​,S妞驾到,
﻿我免费围观了 @营养医师王兴国 的回答，问题价值 40.00 元，快来一起免费围观~ 网页链接 ​,熊呦嘎嘎,2017-05-03 21:15
﻿我免费围观了 @营养医师王兴国 的回答，问题价值 40.00 元，快来一起免费围观~ 网页链接 ​,孙萌萌萌萌mmmmm,
﻿今天刚刚好是她做鑫玺微商️年了‼️她在广州买下一套商铺‼️广州买商铺，价格大家都知道，北上广‼️加入鑫玺，成就自己‼️加入茶花，带你赚‼️#鑫玺痛贴灵足贴系列##鑫玺舒优美卫生巾护垫##鑫玺美如玉左旋肉碱健康减肥咖啡# |仙桃·沙嘴 秒拍视频 . ​,鑫玺舒优美总监-彭董,2017-05-03 17:55
﻿#减肥# 屈臣氏同款左旋肉碱咖啡 【19.9】 网页链接 |北京·石景... ​,超值喵,
﻿我免费围观了 @营养医师王兴国 的回答，问题价值 40.00 元，快来一起免费围观~ 网页链接 ​,海棠夏沫,2017-05-03 17:19
﻿#小该白菜荐# #省钱#修正堂大药房旗舰，左旋肉碱茶多酚胶囊50mg/粒*60粒【28】有运险，减肥瘦身的，露肉的季节来了~http://weibo.com/3946325408/F0Xy41FRC先声再康大药房旗舰，特级无硫黄芪片100g*2罐【19.9】泡水炖汤都可以~ http://weibo.com/3946325408/F0XAIAGmO ​,小该白菜荐,
﻿#减肥# 屈臣氏同款左旋肉碱咖啡 【19.9】 网页链接 |北京·五道... ​,实惠控,2017-04-30 00:04
﻿#减肥# 屈臣氏同款左旋肉碱咖啡 【19.9】 网页链接 |北京·世贸... ​,酷讯优惠榜,
﻿#减肥# 屈臣氏同款左旋肉碱咖啡 【19.9】 网页链接 |北京·石景... ​,蓝小酱,2017-04-29 20:30
﻿今天我也是豁出去了，素颜上镜了#鑫玺美如玉左旋肉碱健康减肥咖啡# 一起减肥啊pengchahua888 |仙桃 秒拍视频 . ​,鑫玺舒优美总监-彭董,
﻿#减肥# 屈臣氏同款左旋肉碱咖啡 【19.9】 网页链接 |北京·世贸... ​,实惠控,2017-04-29 20:08
﻿开始左旋肉碱之旅，没毛病[机智]#减肥大作战# |龙口市 ​,瘦性大发的王大瘦,
﻿#减肥# 屈臣氏同款左旋肉碱咖啡 【19.9】 网页链接 |北京·西城... ​,萌小妹爱分享,2017-04-29 16:49
﻿#减肥# 屈臣氏同款左旋肉碱咖啡 【19.9】 网页链接 |北京·望京 ​,券小堂,
﻿一年啦‼️以前身兼数职，吃不饱，睡不好‼️那时候的我真的穷的不想说话没想到因为️包足贴改变了我的生活‼️#鑫玺舒优美卫生巾护垫##鑫玺痛贴灵足贴系列##鑫玺美如玉左旋肉碱健康减肥咖啡# |仙桃·沙嘴 秒拍视频 . ​,鑫玺舒优美总监-彭董,2017-04-29 14:33
﻿健乐多 汤臣倍健R左旋肉碱茶多酚荷叶片 1220mg/片*30片*2瓶，券后68元网页链接 调理肠胃，减肥瘦身燃脂~夏天减肥快人一步|看更多优惠... ​,跟我一起撸白菜,
﻿#鑫玺美如玉左旋肉碱健康减肥咖啡# 今天你减肥了吗 |仙桃·沙嘴 秒拍视频 . ​,鑫玺舒优美总监-彭董,2017-04-29 14:01
﻿【零食】左旋肉碱咖啡粉黑咖啡男女减肥通用 价94领券拍：网页链接【厨房用品】动牙刷充电式超声波自动智能成人防水软毛 价169领券拍：网页链接省钱白菜内部优惠券：|内部优惠券... ​,白菜之星,
﻿【家居内衣】无痕聚拢内衣文胸薄款一片式无钢圈 价59领券拍：网页链接【零食】左旋肉碱咖啡粉黑咖啡男女减肥通用 价94领券拍：网页链接省钱白菜内部优惠券：|内部优惠券... ​,安小米家的白菜,2017-04-29 10:23
﻿【小家电】壶福全自动分体陶瓷砂锅熬药电药煲器机煮 价69领券拍：网页链接【零食】左旋肉碱咖啡粉黑咖啡男女减肥通用 价94领券拍：网页链接省钱白菜内部优惠券：|内部优惠券... ​,彩妆佳人,
﻿【零食】左旋肉碱咖啡粉黑咖啡男女减肥通用 价94领券拍：网页链接【小家电】富信家用全自动冰淇淋机 价298领券拍：网页链接省钱白菜内部优惠券：|内部优惠券... ​,一心挖白菜,2017-04-29 00:59
﻿左旋肉碱咖啡粉黑咖啡男女减肥通用 原价:99.00 券后:39 券:网页链接 拍:网页链接 本品经动物和人体试食功能试验证明，具有减肥的保健功能 ​,优惠白菜挖不停,
﻿我围观了@营养医师王兴国 的回答，该问题价值40.00元，围观仅1元，快来一起围观~ 网页链接 ​,pyuecc,2017-04-28 14:41
﻿#鑫玺美如玉左旋肉碱健康减肥咖啡# 减肥啦 |仙桃·沙嘴 秒拍视频 . ​,鑫玺舒优美总监-彭董,
﻿发表了博文《汤臣倍健左旋肉碱教你如何减肥更有效！》减肥，可以说是姑娘们一生的事业。为了减肥，很多姑娘各出奇招，什么只吃水果、不吃主食、瘦身霜等等减肥方式层出不穷，今天就来盘点一下这些减肥方式吧。第一种|汤臣倍健左... ​,高琳丰,2017-04-27 21:45
﻿#鑫玺美如玉左旋肉碱减肥咖啡# 秒拍视频 . ​,能否让岁月停留,
﻿我免费围观了 @营养医师王兴国 的回答，问题价值 40.00 元，快来一起免费围观~ 网页链接 ​,月不食,2017-05-21 11:04
﻿我免费围观了 @营养医师王兴国 的回答，问题价值 40.00 元，快来一起免费围观~ 网页链接 ​,桂北KAJ,
﻿#白菜省钱小马甲# 健字号减肥瘦身左旋肉碱咖啡粉10袋【39】|优惠券和下... ​,白菜省钱小马甲,2017-05-20 19:18
﻿我免费围观了 @营养医师王兴国 的回答，问题价值 40.00 元，快来一起免费围观~ 网页链接 ​,球球球球晴宝,
﻿#减肥# 龙力左旋肉碱速溶360黑咖啡，瘦也可以喝出来~ 左旋肉碱咖啡 ￥19.9网页链接 ​​​ |北京·石景... ​,酷讯优惠榜,2017-05-20 18:40
﻿我免费围观了 @营养医师王兴国 的回答，问题价值 40.00 元，快来一起免费围观~ 网页链接 ​,全村儿我最美__,
﻿#减肥# 龙力左旋肉碱速溶360黑咖啡，瘦也可以喝出来~ 左旋肉碱咖啡 ￥19.9网页链接 ​​​ |北京·中关... ​,券小堂,2017-05-20 10:13
﻿我免费围观了 @营养医师王兴国 的回答，问题价值 40.00 元，快来一起免费围观~ 网页链接 ​,焕然新生1016,
﻿#减肥# 龙力左旋肉碱速溶360黑咖啡，想瘦就要喝出来！ 左旋肉碱咖啡 ￥19.9网页链接 ​​​ |北京·世贸... ​,酷讯优惠榜,2017-05-19 22:41
﻿#减肥# 龙力左旋肉碱速溶360黑咖啡，想瘦就要喝出来！ 左旋肉碱咖啡 ￥19.9网页链接 ​​​ |北京·建国... ​,券小堂,
﻿我免费围观了 @营养医师王兴国 的回答，问题价值 40.00 元，快来一起免费围观~ 网页链接 ​,小_迷妹儿-,2017-05-19 21:19
﻿第件事…自然是减肥大业了冲半袋左旋肉碱咖啡…大约100ml的热水…我的杯子会变色噢⊙_⊙#美拍# 秒拍视频 ​,艾玛就差身材好好了,
﻿我免费围观了 @营养医师王兴国 的回答，问题价值 40.00 元，快来一起免费围观~ 网页链接 ​,胡思乱想脾气古怪的一个包子,2017-05-19 11:28
﻿厉害了我的哥！！！都这么便宜了还发红包，速抢！（减肥买2送1 修正 左旋肉碱茶多酚片 0.8g/片*60片 夏季减肥） |减肥买2送1... ​,最初的孤单2017,
﻿超多人推荐给我～还有红包可以抢哦～！！（减肥买2送1 修正 左旋肉碱茶多酚片 0.8g/片*60片 夏季减肥） |减肥买2送1... ​,秘密武器0112,2017-05-19 11:27
﻿我剁手都要买的宝贝（减肥买2送1 修正 左旋肉碱茶多酚片 0.8g/片*60片 夏季减肥），快来和我一起瓜分红包 |减肥买2送1... ​,旺旺梅06,
﻿讨厌的肥肉总是怎么减肥也减不掉，快来试试这个减肥片吧  汤臣倍健R左旋肉碱茶 39.9元 网页链接|要什么尽管... ​,淘菜猪,2017-05-18 15:05
﻿#减肥# 轻松减去脂肪，减肥不再从明天开始！ 龙力左旋肉碱速溶360黑咖啡 ￥19.9网页链接 ​​​ |北京·通州... ​,酷讯优惠榜,
﻿#减肥# 轻松减去脂肪，减肥不再从明天开始！ 龙力左旋肉碱速溶360黑咖啡 ￥19.9网页链接 ​​​ |北京·三元... ​,实惠控,2017-05-18 12:19
﻿我免费围观了 @营养医师王兴国 的回答，问题价值 40.00 元，快来一起免费围观~ 网页链接 ​,木梓漓L,
﻿我免费围观了 @营养医师王兴国 的回答，问题价值 40.00 元，快来一起免费围观~ 网页链接 ​,稚稚妮,2017-05-13 23:26
﻿【汤臣倍健】R左旋肉碱茶多酚荷叶片1220mg/片*40片/瓶，添加茶多酚，天然肉碱含量高，减肥保健，甩掉游泳圈，享“瘦”生活~~30元券，券后【39.9】 网页链接|要啥券都有... ​,淘白菜乐园,
﻿我免费围观了 @营养医师王兴国 的回答，问题价值 40.00 元，快来一起免费围观~ 网页链接 ​,小崽咩咩,2017-05-13 21:34
﻿#减肥# 轻松减去脂肪，减肥不再从明天开始！ 龙力左旋肉碱速溶360黑咖啡 ￥19.9网页链接 ​​​ |北京·中关... ​,券小堂,
﻿我免费围观了 @营养医师王兴国 的回答，问题价值 40.00 元，快来一起免费围观~ 网页链接 ​,But诶呀呀,2017-05-13 20:09
﻿#减肥# 轻松减去脂肪，减肥不再从明天开始！ 龙力左旋肉碱速溶360黑咖啡 ￥19.9网页链接 ​​​ |北京·中关... ​,蓝小酱,
﻿我免费围观了 @营养医师王兴国 的回答，问题价值 40.00 元，快来一起免费围观~ 网页链接 ​,韩小航在路上,2017-05-13 13:51
﻿我免费围观了 @营养医师王兴国 的回答，问题价值 40.00 元，快来一起免费围观~ 网页链接 ​,铁齿铜牙路二肖,
﻿客户用了鑫玺养护贴！排出了好多血块！轻松一贴不用在做子宫肌瘤手术！也不用再吃中药了‼️微信：770730612#左旋肉碱减肥第一咖啡##鑫玺微商痛贴灵##鑫玺舒优美卫生巾# |广州·永泰 ​,鑫玺美如玉减肥咖啡总监高总,2017-05-13 13:27
﻿我免费围观了 @营养医师王兴国 的回答，问题价值 40.00 元，快来一起免费围观~ 网页链接 ​,今日开张中,
﻿#藏在深处的小金库#这个应该是帮助运动减肥的一种保健品吧。。有人吃过么？汤臣倍健R左旋肉碱茶多酚荷叶片*2瓶套餐=58:网页链接|酸奶辣条我... ​,逗比白菜君,2017-05-13 11:04
﻿减肥买2送1 修正 左旋肉碱茶多酚片 0.8g/片*60片 夏季减肥 |减肥买2送1... ​,用户6065796971,
﻿我发表了头条文章:《左旋肉碱、大麦青汁粉…火爆朋友圈的减肥产品大盘点》 |左旋肉碱、... ​,健康减脂教练-小鱼,2017-05-12 18:14
﻿我免费围观了 @营养医师王兴国 的回答，问题价值 40.00 元，快来一起免费围观~ 网页链接 ​,清清努力加油,
﻿我免费围观了 @营养医师王兴国 的回答，问题价值 40.00 元，快来一起免费围观~ 网页链接 ​,Scorpion-xx,2017-05-11 22:33
﻿我免费围观了 @营养医师王兴国 的回答，问题价值 40.00 元，快来一起免费围观~ 网页链接 ​,-小虎牙妹,
﻿#鑫玺左旋肉碱咖啡#这就是你们知道的局部胖吸脂减肥价格昂贵、人还受罪！关键是在这个环境操作？安全么？卫生么？操作者有医师资格证么？不在无菌室、没有穿消毒衣、没有戴消毒帽！减肥请珍惜一下自己的生命安全！ 秒拍视频 . ​,用户5896185910,2017-05-10 23:57
﻿#减肥快速方法# 减肥有什么快速的方法？找我我告诉你。绿焰国际左旋肉碱咖啡月瘦5～30斤不是梦！ 秒拍视频 . ​,绿焰国际全国总代蕾拉,
﻿我免费围观了 @营养医师王兴国 的回答，问题价值 40.00 元，快来一起免费围观~ 网页链接 ​,久爱不弃咯,2017-05-10 18:13
﻿我免费围观了 @营养医师王兴国 的回答，问题价值 40.00 元，快来一起免费围观~ 网页链接 ​,李豪豪啊丶,
﻿我免费围观了 @营养医师王兴国 的回答，问题价值 40.00 元，快来一起免费围观~ 网页链接 ​,安于此生yu,2017-05-05 23:05
﻿我免费围观了 @营养医师王兴国 的回答，问题价值 40.00 元，快来一起免费围观~ 网页链接 ​,-訫小癫-,
﻿【绿-瘦】左旋肉碱减肥胶囊2瓶装拿+入：36网页链接|点击二合一... ​,精致优惠菌,2017-05-05 21:17
﻿"我高二的的时候105斤 觉得太胖了就决定吃减肥药 当时流行的减肥药一种叫左旋肉碱一种叫坐立瘦 因为我不愿动弹天天不是坐着就是躺着 所以我选择了后者 三盒一个疗程 一盒150 我就买了一个疗程 第一次吃就拉稀 吃了不到一个星期明显心跳加快 但体重明显是下降了 大概瘦到100斤 当时正赶上学校体育节 有20 ​
			...展开全文c",一颗废桃,
﻿我免费围观了 @营养医师王兴国 的回答，问题价值 40.00 元，快来一起免费围观~ 网页链接 ​,铃铃铃灵灵,2017-05-05 17:24
﻿【黄师傅讲故事】（粤）减肥篇之燃烧吧我的脂肪#今日打卡###左旋肉碱# @创客同学会 @CY陈毅锋 秒拍视频 . ​,黄师傅讲故事,
﻿发表了博文《“减肥可乐”VS汤臣倍健左旋肉碱，哪种减肥方式更科学？》据称，可口可乐宣布成功研发一款健康的碳酸饮料——CocaColaPlus，这款饮料不仅保持原来的独特口味，更令人关注的是号称加入难以|“减肥可乐”... ​,honey玄烨,2017-05-05 11:12
﻿我剁手都要买的宝贝（减肥买2送1 修正 左旋肉碱茶多酚片 0.8g/片*60片 夏季减肥），快来和我一起瓜分红包 |减肥买2送1... ​,朱炫诚,
﻿【蒂芬妮 健字号左旋肉碱咖啡粉10g*10袋 减肥瘦身】【原价】99【券后价】 39【领60元券下单】网页链接-----------------#洋葱海外仓免税店#更多内部优惠券神器：网页链接 ​,V5团购,2017-05-04 20:55
﻿我免费围观了 @营养医师王兴国 的回答，问题价值 40.00 元，快来一起免费围观~ 网页链接 ​,521cherryyingying,
﻿我免费围观了 @营养医师王兴国 的回答，问题价值 40.00 元，快来一起免费围观~ 网页链接 ​,吉吉吉Glh,2017-05-04 11:26
﻿我免费围观了 @营养医师王兴国 的回答，问题价值 40.00 元，快来一起免费围观~ 网页链接 ​,天天正品美容针剂,
﻿我免费围观了 @营养医师王兴国 的回答，问题价值 40.00 元，快来一起免费围观~ 网页链接 ​,天天正品美容针剂,2017-05-04 10:50
﻿我免费围观了 @营养医师王兴国 的回答，问题价值 40.00 元，快来一起免费围观~ 网页链接 ​,S妞驾到,
﻿我免费围观了 @营养医师王兴国 的回答，问题价值 40.00 元，快来一起免费围观~ 网页链接 ​,熊呦嘎嘎,2017-05-03 21:15
﻿我免费围观了 @营养医师王兴国 的回答，问题价值 40.00 元，快来一起免费围观~ 网页链接 ​,孙萌萌萌萌mmmmm,
﻿今天刚刚好是她做鑫玺微商️年了‼️她在广州买下一套商铺‼️广州买商铺，价格大家都知道，北上广‼️加入鑫玺，成就自己‼️加入茶花，带你赚‼️#鑫玺痛贴灵足贴系列##鑫玺舒优美卫生巾护垫##鑫玺美如玉左旋肉碱健康减肥咖啡# |仙桃·沙嘴 秒拍视频 . ​,鑫玺舒优美总监-彭董,2017-05-03 17:55
﻿#减肥# 屈臣氏同款左旋肉碱咖啡 【19.9】 网页链接 |北京·石景... ​,超值喵,
﻿我免费围观了 @营养医师王兴国 的回答，问题价值 40.00 元，快来一起免费围观~ 网页链接 ​,海棠夏沫,2017-05-03 17:19
﻿#小该白菜荐# #省钱#修正堂大药房旗舰，左旋肉碱茶多酚胶囊50mg/粒*60粒【28】有运险，减肥瘦身的，露肉的季节来了~http://weibo.com/3946325408/F0Xy41FRC先声再康大药房旗舰，特级无硫黄芪片100g*2罐【19.9】泡水炖汤都可以~ http://weibo.com/3946325408/F0XAIAGmO ​,小该白菜荐,
﻿#减肥# 屈臣氏同款左旋肉碱咖啡 【19.9】 网页链接 |北京·五道... ​,实惠控,2017-04-30 00:04
﻿#减肥# 屈臣氏同款左旋肉碱咖啡 【19.9】 网页链接 |北京·世贸... ​,酷讯优惠榜,
﻿#减肥# 屈臣氏同款左旋肉碱咖啡 【19.9】 网页链接 |北京·石景... ​,蓝小酱,2017-04-29 20:30
﻿今天我也是豁出去了，素颜上镜了#鑫玺美如玉左旋肉碱健康减肥咖啡# 一起减肥啊pengchahua888 |仙桃 秒拍视频 . ​,鑫玺舒优美总监-彭董,
﻿#减肥# 屈臣氏同款左旋肉碱咖啡 【19.9】 网页链接 |北京·世贸... ​,实惠控,2017-04-29 20:08
﻿开始左旋肉碱之旅，没毛病[机智]#减肥大作战# |龙口市 ​,瘦性大发的王大瘦,
﻿#减肥# 屈臣氏同款左旋肉碱咖啡 【19.9】 网页链接 |北京·西城... ​,萌小妹爱分享,2017-04-29 16:49
﻿#减肥# 屈臣氏同款左旋肉碱咖啡 【19.9】 网页链接 |北京·望京 ​,券小堂,
﻿一年啦‼️以前身兼数职，吃不饱，睡不好‼️那时候的我真的穷的不想说话没想到因为️包足贴改变了我的生活‼️#鑫玺舒优美卫生巾护垫##鑫玺痛贴灵足贴系列##鑫玺美如玉左旋肉碱健康减肥咖啡# |仙桃·沙嘴 秒拍视频 . ​,鑫玺舒优美总监-彭董,2017-04-29 14:33
﻿健乐多 汤臣倍健R左旋肉碱茶多酚荷叶片 1220mg/片*30片*2瓶，券后68元网页链接 调理肠胃，减肥瘦身燃脂~夏天减肥快人一步|看更多优惠... ​,跟我一起撸白菜,
﻿#鑫玺美如玉左旋肉碱健康减肥咖啡# 今天你减肥了吗 |仙桃·沙嘴 秒拍视频 . ​,鑫玺舒优美总监-彭董,2017-04-29 14:01
﻿【零食】左旋肉碱咖啡粉黑咖啡男女减肥通用 价94领券拍：网页链接【厨房用品】动牙刷充电式超声波自动智能成人防水软毛 价169领券拍：网页链接省钱白菜内部优惠券：|内部优惠券... ​,白菜之星,
﻿【家居内衣】无痕聚拢内衣文胸薄款一片式无钢圈 价59领券拍：网页链接【零食】左旋肉碱咖啡粉黑咖啡男女减肥通用 价94领券拍：网页链接省钱白菜内部优惠券：|内部优惠券... ​,安小米家的白菜,2017-04-29 10:23
﻿【小家电】壶福全自动分体陶瓷砂锅熬药电药煲器机煮 价69领券拍：网页链接【零食】左旋肉碱咖啡粉黑咖啡男女减肥通用 价94领券拍：网页链接省钱白菜内部优惠券：|内部优惠券... ​,彩妆佳人,
﻿【零食】左旋肉碱咖啡粉黑咖啡男女减肥通用 价94领券拍：网页链接【小家电】富信家用全自动冰淇淋机 价298领券拍：网页链接省钱白菜内部优惠券：|内部优惠券... ​,一心挖白菜,2017-04-29 00:59
﻿左旋肉碱咖啡粉黑咖啡男女减肥通用 原价:99.00 券后:39 券:网页链接 拍:网页链接 本品经动物和人体试食功能试验证明，具有减肥的保健功能 ​,优惠白菜挖不停,
﻿我围观了@营养医师王兴国 的回答，该问题价值40.00元，围观仅1元，快来一起围观~ 网页链接 ​,pyuecc,2017-04-28 14:41
﻿#鑫玺美如玉左旋肉碱健康减肥咖啡# 减肥啦 |仙桃·沙嘴 秒拍视频 . ​,鑫玺舒优美总监-彭董,
﻿发表了博文《汤臣倍健左旋肉碱教你如何减肥更有效！》减肥，可以说是姑娘们一生的事业。为了减肥，很多姑娘各出奇招，什么只吃水果、不吃主食、瘦身霜等等减肥方式层出不穷，今天就来盘点一下这些减肥方式吧。第一种|汤臣倍健左... ​,高琳丰,2017-04-27 21:45
﻿#鑫玺美如玉左旋肉碱减肥咖啡# 秒拍视频 . ​,能否让岁月停留,
﻿发表了博文《不吃主食能减肥？还是汤臣倍左旋肉碱教你如何科学减肥！》&#8203;一提到减肥，很多爱美的妹子第一反应就是今天不吃早餐/晚餐，或者不吃粥粉面饭，多吃水果。这种不吃主食的减肥法几乎风靡全中国|不吃主食能... ​,高琳丰,2017-04-24 17:46
﻿减肥日志：减肥的这几天第一天跑步，服用2粒左旋肉碱，跑步地点公园，不建议体育场，空气非常不好，地形比较平坦，今天跑步一会就易出汗，心脏就像跳出来一样，浑身燥热，感觉很舒服 |淄博·淄川... ​,强子5907499951,
﻿我围观了@营养医师王兴国 的回答，该问题价值40.00元，围观仅1元，快来一起围观~ 网页链接 ​,烈焰燚,2017-04-23 20:13
﻿民生普瑞宝 贝兴牌左旋肉碱茶多酚胶囊 350mg/粒*60粒减肥顽固型 |民生普瑞宝... ​,灵心彩动乐园,
﻿我围观了@营养医师王兴国 的回答，该问题价值40.00元，围观仅1元，快来一起围观~ 网页链接 ​,今后只有死别C,2017-04-23 14:03
﻿#鑫玺美如玉左旋肉碱减肥咖啡# 秒拍视频 . ​,能否让岁月停留,
﻿️每天两袋减肥咖啡认准鑫玺美如玉左旋肉碱减肥咖啡蓝帽子国家认证的咖啡首家唯一可以以减肥命名的减肥产品 秒拍视频 . ​,鑫玺股东朝集创始人,2017-04-23 09:59
﻿减肥第二天，由于家庭有事，没有运动，饭后服用一粒左旋肉碱，和喝了一勺乳清蛋白 |淄博·淄川... ​,强子5907499951,
﻿️给实体店送货，这个夏天你还不敢露腰就赶紧喝【左旋肉碱减肥咖啡】吧 秒拍视频 . ​,鑫玺股东朝集创始人,2017-04-23 09:45
﻿修正左旋肉碱片咋样，能减肥不？ |襄阳 ​,慈爱帅,
﻿"现在开始我的减肥日志，全部是在家和户外进行，正式开始第一天，因为有事情耽搁，所以在家只是进行了力量训练，用了自己买的哑铃，和健腹轮，运动之前服用了左旋肉碱，现在感觉浑身燥热，身体力量体能明显感觉出提高，没有做有氧运动，明天有氧和力量开始，第一天体重86公斤，10天以后称体重 ​
			...展开全文c",强子5907499951,2017-04-22 13:33
﻿|减肥(享受...，想瘦的姑娘看过来了啦！据说修正牌子的左旋肉碱茶多酚胶囊打折了？多少钱？No no no这是个不能说的秘密，可以加我微信一起玩耍啊把最好的自己都给你~ ​,常客上品,
﻿我围观了@营养医师王兴国 的回答，该问题价值40.00元，围观仅1元，快来一起围观~ 网页链接 ​,zhl-海拥,2017-04-21 19:44
﻿绿瘦左旋肉碱减肥瘦身胶囊50元券，券后价19领券拍：网页链接|点上面链接... ​,白菜省钱网购优惠券,
﻿我围观了@营养医师王兴国 的回答，该问题价值40.00元，围观仅1元，快来一起围观~ 网页链接 ​,Air的秘密,2017-04-21 19:36
﻿#探出小脑袋# 每天只吃两个苹果 看看减肥能不能成功。 再吃点左旋肉碱 |上海·环城... ​,Pecoand,
﻿我剁手都要买的宝贝（【春季减肥 买2送1】修正 左旋肉碱茶多酚片 0.8g/片*60片 减肥），快来和我一起瓜分红包 |【春季减肥... ​,小赵7756,2017-04-21 13:53
﻿民生普瑞宝 贝兴牌左旋肉碱茶多酚胶囊 350mg/粒*60粒减肥顽固型 |民生普瑞宝... ​,珍惜26156,
﻿"2、减肥是现代社会一个永恒的话题据统计市场上宣称能够减肥的“保健品”有几十种。那些试了这种“没效果”再孜孜不倦地转试下一种的减肥爱好者们将这几十种都试过一遍，差不多也就到了无需减肥的年纪。减肥品中的“新星”叫做“左旋肉碱”。作为一种氨基酸的衍生物肉碱其实在细胞内广泛存在。它有不 ​
			...展开全文c",营养师-李萍,2017-04-20 21:29
﻿"米粒减肥瘦身咖啡主要成份及功能：1️⃣左旋肉碱  是氨基酸营养素的一种，它是一种相当于维生素的营养品，主要功能就是强效燃烧脂肪，促进能量代谢。小孩的奶粉中也有，没有任何副作用。2️⃣巴西黑咖啡 它不但可以消耗体内多余脂肪，还可以抑制新脂肪的吸收，控制热量的摄入，从而达到快速减肥。 ​
			...展开全文c",幸福有你_8023,
﻿发表了博文《左旋肉碱、酵素…吃这些减肥能靠谱吗？》较真鉴定：不管哪种形式的肥胖，都是一个简单的营养摄入和支出的问题，正确的减肥方式不外乎两点，合理的饮食和科学的锻炼。其实以目前科学水平，没有既安全又真|左旋肉碱、... ​,无是才能无非,2017-04-13 20:37
﻿我剁手都要买的宝贝（【春季减肥 买2送1】修正 左旋肉碱茶多酚片 0.8g/片*60片 减肥），快来和我一起瓜分红包 |【春季减肥... ​,当然要吃白切鸡,
﻿💞💞忙完了就来一杯美如玉减肥咖啡‼左旋肉碱脂肪燃烧蛋‼轻松甩掉大肚子‼‼ |重庆·渝北... 秒拍视频 . ​,鑫玺雪雪,2017-04-13 14:40
﻿#省钱姐姐# 健字号 减肥瘦身左旋肉碱咖啡粉10袋【39】|优惠券和下... ​,Jwww旅途,
﻿"听团队代理胡静的血泪减肥史🏻运动减肥，吃过很多瘦身产品，用过瘦身霜，吃过左旋肉碱‼️钱也花了，罪也受了，可是，肉肉还是一斤不减直到遇见伊瘦，拿了两盒产品，瘦了七八斤，腿瘦的特别明显‼️果断拿下代理。你想瘦，你真得需要迈出第一步，相信自己的眼光，相信伊瘦🏻 ​
			...展开全文c",粉粉yao,2017-04-11 11:56
﻿【￥19.9】肌言堂. 左旋肉碱速溶咖啡屈臣氏48一盒 ​。大学喝过减肥咖啡，有效，但是也有说伤身体，但是有宝宝要，发出来，那啥，健康减肥还是要靠运动和健康饮食哦圈网页链接下网页链接|点上面链接... ​,败家小队长,
﻿#内部优惠券分享联盟# 绿瘦左旋肉碱减肥胶囊  ￥19 领券拍：网页链接 |杭州 ​,搬白菜的小蜜蜂,2017-04-11 07:40
﻿#内部优惠券分享联盟# 绿瘦左旋肉碱减肥胶囊  ￥19 领券拍：网页链接 |杭州 ​,淘白菜的小蜜蜂,
﻿我剁手都要买的宝贝（CONBA/康恩贝 左旋肉碱茶多酚胶囊 350mg/粒*60粒 减肥顽固型燃脂），快来和我一起瓜分红包 |CONBA/康恩... ​,血手人屠WmW,2017-04-10 19:25
﻿#省钱专用小马甲# 健字号减肥瘦身左旋肉碱咖啡粉10袋【39】|优惠券和下... ​,白菜省钱小马甲,
﻿#省钱姐姐#健字号减肥瘦身 左旋肉碱咖啡粉10袋【39】|优惠券和下... ​,Jwww旅途,2017-04-10 16:58
﻿#内部优惠券分享联盟# 绿瘦左旋肉碱减肥胶囊  ￥19 领券拍：网页链接 |杭州 ​,搬白菜的小蜜蜂,
﻿#内部优惠券分享联盟# 绿瘦左旋肉碱减肥胶囊  ￥19 领券拍：网页链接 |杭州 ​,淘白菜的小蜜蜂,2017-04-10 08:05
﻿我剁手都要买的宝贝（【春季减肥 买2送1】修正 左旋肉碱茶多酚片 0.8g/片*60片 减肥），快来和我一起瓜分红包 |【春季减肥... ​,czalsx,
﻿搭配合理的减肥餐，主食减半，配一份清汤或者左旋肉碱咖啡，再来点水果，完美了~~~~~,乐宜康官博,2017-04-10 08:05
﻿发表了博文《【中瑞树】专业减肥》红色肉类是左旋肉碱的主要来源，对人体无毒副作用。1980年奥运会，意大利耐力运动员普遍服用左旋肉碱，取得了令人瞩目的成绩。目前人们已把肉碱应用于大众减肥、竞技运动员减脂|网页链接 ​,-人生如茶-茶如人生-,
﻿发表了博文《《中瑞树》专业减肥》红色肉类是左旋肉碱的主要来源，对人体无毒副作用。1980年奥运会，意大利耐力运动员普遍服用左旋肉碱，取得了令人瞩目的成绩。目前人们已把肉碱应用于大众减肥、竞技运动员减脂|网页链接 ​,-人生如茶-茶如人生-,2017-04-08 23:40
﻿加入鑫玺，加入茶花#鑫玺舒优美卫生巾护垫##鑫玺美如玉左旋肉碱健康减肥咖啡##鑫玺痛贴灵足贴系列# pengchahua888 |仙桃·沙嘴 ​,鑫玺舒优美总监-彭董,
﻿🔻 林总喝鑫玺美如玉左旋肉碱减肥咖啡瘦了️️斤‼️‼️男神一个‼️ 秒拍视频 . ​,娇气的妹,2017-04-08 19:56
﻿💞 天气越来越热，衣服也是越发单薄，露肉肉的季节，赶紧喝美如玉左旋肉碱减肥咖啡，小蛮腰就靠她啦 秒拍视频 . ​,鑫玺兰兰,2017-04-05 11:32
﻿💠三月不努力，五月徒悲伤‼️‼️美如玉左旋肉碱减肥咖啡，减掉肥肚腩，给你完美曲线身材‼️‼️ |重庆·渝北... 秒拍视频 . ​,鑫玺雪雪,
﻿#鑫玺美如玉减肥咖啡# 美如玉左旋肉碱减肥咖啡想瘦就瘦，你瘦你别喝，小蛮腰喝出来🏻 秒拍视频 . ​,鑫玺总代_玲玲,2017-04-04 15:43
﻿Difiney/蒂芬妮左旋肉碱咖啡粉10g*10袋 券后￥38 你是否还在为减肥而烦恼？让你减肥不再那么累~~~券：网页链接拍：网页链接 |深圳 ​,内部优惠分享,
﻿Difiney/蒂芬妮左旋肉碱咖啡粉10g*10袋 券后￥38 你是否还在为减肥而烦恼？让你减肥不再那么累~~~券：网页链接拍：网页链接 |深圳 ​,优品小蜜,2017-04-04 15:18
﻿我剁手都要买的宝贝（【春季减肥 买2送1】修正 左旋肉碱茶多酚片 0.8g/片*60片 减肥），快来和我一起瓜分红包 |【春季减肥... ​,娜子Naki,
﻿左旋肉碱减肥咖啡，蓝帽子减肥，安全第一，喝出小蛮腰，效果看的见 秒拍视频 . ​,羊羊-166,2017-04-02 10:41
﻿一杯美如玉左旋肉碱减肥咖啡赶走疲倦，赶走赘肉 |高州·南新... 秒拍视频 . ​,Timmy家的妈咪,
﻿肌言堂左旋肉碱黑咖啡 本身喝黑咖啡就可以减肥，再配上左旋肉碱，那真的厉害了20元券，券后19.9;网页链接|拼手速！！... ​,淘菜猪,2017-04-02 10:41
﻿发表了博文《汤臣倍健左旋肉碱教你如何减肥更安全》古代的人以肥为美，以圆润为俏。如今时代在改变，人们的观念也不断改变，开始追求适度的骨感美。才有了现在的锁骨上放硬币，A4腰等等。但是，人们所选择的减肥方|汤臣倍健左... ​,年轻的一阵6868,
﻿#白菜省钱大叔#蒂芬妮 左旋肉碱咖啡粉10g*10袋，药监局批准“减肥”功效的咖啡，科学配比香醇口感，卷后【39】|优惠券和下... ​,万达白菜馆,2017-04-01 20:48
﻿【￥19.9】肌言堂 左旋肉碱黑咖啡，这真的能减肥吗券和下单地址：网页链接 ​,口袋有好货,
﻿【￥19.9】肌言堂 左旋肉碱黑咖啡，这真的能减肥吗 ​,剁手淘淘菌,2017-03-29 13:33
﻿【贝兴牌】左旋肉碱减肥胶囊  40券 券后9.9元春季不减肥，夏天徒伤悲！ 贝兴左旋减肥胶囊，美女好身材助理！|59买吧！ ... ​,爱美搭的淘淘兔,
﻿肌言堂 左旋肉碱黑咖啡 券后￥19.9 真的能减肥吗 |【买2送1】... ​,淘吧挖白菜,2017-03-27 16:41
﻿左旋肉碱，吉林敖东，大厂家，大品牌，一天一片，减肥不反弹@吉林敖东 @歪歪89421 |青岛·北利... ​,歪歪89421,
﻿减肥是个持久战，不是你想要瘦就能立马瘦下来的；在关键时刻到来前，就来一杯美如玉左旋肉碱咖啡吧‼‼ 秒拍视频 . ​,郑炎花_969,2017-03-27 13:32
﻿【¥9.9】贝兴牌左旋肉碱减肥胶囊，减肥减肥，走你~~ 券：网页链接拍：网页链接 ​,田野上的打折少女小V,
﻿#午后休闲时光#午饭过后，为自己冲上一杯蒂芬妮左旋肉碱咖啡，梳理一下下午的工作，让你工作的同时也能心情美美哒减肥~~~|Difiney/蒂... ​,蒂芬妮官博,2017-03-27 10:14
﻿减肥学姐还是推荐大家还是要运动减肥，但是有些想短时间减肥的小伙伴可以试试这款减肥咖啡哦 左旋肉碱咖啡粉38块：网页链接|要什么尽管... ​,我是智障学姐,
﻿刚睡醒，没精神？那就赶紧来一杯美如玉左旋肉碱减肥咖啡，提神醒脑的同时又能燃烧脂肪，跟赘肉说Bye Bye |高州·南新... 秒拍视频 . ​,Timmy家的妈咪,2017-03-20 16:46
﻿【淘抢购】蒂芬妮 左旋肉碱咖啡粉10g*10袋券后【38￥】蓝帽子认证，药监局批准“减肥”功效的咖啡，科学配比香醇口感，男女减肥甩肉，健康瘦身！券:网页链接拍:网页链接 ​,小淘白菜超市,
﻿蒂芬妮 左旋肉碱#咖啡粉#10g*10袋，蓝帽子认证，药监局批准“减肥”功效的咖啡，卷后【38】|优惠券和下... ​,百应白菜君,2017-03-20 13:10
﻿竹林堂可可咖啡 左旋肉碱 快 准 狠三部曲减肥方法 享受减肥 网页链接 |榆树·榆树... ​,长发齐腰咔咔一刀,
﻿#鑫玺##三月不努力，五月徒悲伤‼️‼️美如玉左旋肉碱减肥咖啡，减掉肥肚腩，给你完美曲线身材‼️‼️ |重庆·渝北... 秒拍视频 . ​,鑫玺雪雪,2017-03-20 09:10
﻿发布了头条文章：《左旋肉碱，到底能不能减肥，慢生命给你寻找证据！》 |左旋肉碱，... ​,慢生命部落,
﻿"鑫玺美如玉左旋肉碱咖啡：有头有脸有身份‼️️ 蓝帽子标志✅️ QS标志✅️ PICC人民保险公司承保✅️ 明文注明：减肥字样✅️ 国家食品药品监督管理局留档✅️ 佘诗曼倾情推荐✅
			...展开全文c",素颜被浮夸,2017-03-19 23:33
﻿@我也不懂我009：您需要的【左旋肉碱减肥胶囊】领券下单链接：网页链接发给你了，如没看到，说明被围脖给吞了，联系V芯MDDO网页链接以后可以在V芯上叫我  ​​​​,白菜东施,
﻿🔺🔺🔺美如玉咖啡：国内唯一一款拥有减肥资质的咖啡‼️主要成份就是左旋肉碱，就是燃烧脂肪 ​,素颜被浮夸,2017-03-19 15:24
﻿左旋肉碱泡腾片，是减肥的吗？9.9 见评论 ​​​​,实惠小宝贝,
﻿#琅琊白菜榜# 紫荷牌 左旋肉碱减肥胶囊60粒 8.8 ​​​​领网页链接拍|紫荷牌减肥... ​,琅琊白菜榜,2017-03-19 12:23
﻿紫荷牌 左旋肉碱减肥胶囊60粒 【8.8】见评论 ​,草根木木,
﻿💠💠 六大冠军产品之美如玉左旋肉碱咖啡粉【主要原料】左旋肉碱、速溶咖啡粉、植脂末、甜菊糖苷、β-环状糊精【保健功能】减肥 ​,liulingling6255,2017-03-19 04:11
﻿"有些顾客问我？你们的咖啡那么好使那么原理是什么样呢❓下面给大家解答[愉快]米粒加强版左旋360减肥咖啡减肥原理是通过高速左旋肉碱与巴西黑咖啡的黄金配比，使左旋肉碱的活性达到最佳，能促使人体内多余的脂肪24小时自动燃烧，深入调理和改善，您的体质将根本性变化，变为能量及脂肪不易再存积的“ ​
			...展开全文c",用户5241217562,
﻿预定 FANCL 左旋肉碱瘦身燃脂素纤体丸180粒 ，￥220 ​​​​ 燃烧脂肪，左旋肉碱5291 ，安全减肥,奥妈日本代购,2017-03-17 22:24
﻿汤臣倍健左旋肉碱，大品牌值得信赖。三月不减肥，四月会更肥噢！【39】 见评论 ​​​​,种草囤货小天使,
﻿【白菜29】【绿瘦旗舰店 左旋肉碱胶囊60粒/瓶】券后19元。领券：网页链接宝贝：|买3送1 绿...➪老品牌了，减肥瘦身，配合运动，最重要是坚持！★更多券后好价，戳优优妈咪团购网：网页链接 ​,优优妈咪团购,2017-03-17 20:33
﻿"【3·15来了】每年重要的打假时期，这些“假”产品一定要知道 !  ①纯植物染发剂，根本没有 ②所有""丰胸产品“都是骗人的 ③电子烟甚至比真烟危害还大 ④孕妇防辐射服并不是那么靠谱 ⑤智能健康手环压根是不准的骗局 ⑥吃左旋肉碱却不运动，一场轰轰烈烈的减肥骗局 ➆ 减肥神器甩脂机甩不掉肥肉  ​
			...展开全文c",lebond官方微博,
﻿绿瘦左旋肉碱胶囊60粒，轻松减肥！！夏天就可以看看美美的自己啦19见评论 ​,实惠小宝贝,2017-03-17 17:53
﻿绿焰减肥咖啡 果颜俏神纤冻俏颜花招商热线:绿焰 微商团队招商目标:宝妈、白领、工作狂，待业、经商、某男招商项目:左旋肉碱咖啡果颜俏神纤系列招商条款:无负担，无加盟费，门槛低相信就干，不信就看，成就梦想，绿焰辉煌 |成都·沃尔... 秒拍视频 . ​,绿焰国际果颜俏瘦身咖啡1222,
﻿买的Sanct Bernhard左旋肉碱终于过了海关 没想到死在邮政手里 什么时候才能到啊 减肥的激情早就被磨灭没了 尖词就似僧利 等它到了俺就跑步跑步 就运动 认真脸 117-105 加油加油#我的生活态度# |南京·江宁... ​,专为减肥的小号,2017-03-15 09:39
﻿Ⓜ️时间到‼️【鑫玺美如玉左旋肉碱减肥咖啡】蓝帽子，PICC担保，最安全，最有效的减肥方法‼️‼️ 秒拍视频 . ​,反向晴天,
﻿#同步圈# 我上传了一个视频 想要减少体脂来试试鑫玺美如玉左旋肉碱减肥咖啡吧🏼 网页链接 ​,小玉儿kiki,2017-03-15 08:59
﻿我家绿焰左旋肉碱咖啡为啥卖这个价？1.效果好2.质量有保证3.售后全程跟踪4.不瘦退款50块钱的减肥药会给你这样的保证吗？身体是你自己的，要爱惜！全国统一价238元，谢绝还价 ​ |大安市 ​,v左旋肉碱咖啡,
﻿蒂芬妮左旋肉碱咖啡粉10g*10袋减肥茶胶囊原89， 券后39券网页链接拍|[买2送3]Di... ​,优惠券大叔,2017-03-15 08:57
﻿💠三月不努力，五月徒悲伤‼️‼️美如玉左旋肉碱减肥咖啡，减掉肥肚腩，给你完美曲线身材‼️‼️ |重庆·渝北... 秒拍视频 . ​,鑫玺雪雪,
﻿#小天使内部优惠卷#蒂芬妮左旋肉碱咖啡粉，蓝帽子认证，药监局批准“减肥”功效的咖啡男女减肥甩肉，就是要健康瘦身！【39】见评论 ​​​​,种草囤货小天使,2017-03-14 10:22
﻿"今天给大家介绍一位小美女——晓霞爱美是每个女孩的天性，从小胖胖的晓霞从20岁就一直奔波在减肥的路上，曾苦恼于数次节食运动减肥后的强烈反弹，也因为喝左旋肉碱致心慌、最终造成肠胃功能紊乱而喝半年的中药去调理因为从事平面设计工作，长期坐着不运动又爱吃零食，身高155的她 ​
			...展开全文c",彦匀Annie,
﻿左旋肉碱减肥并无依据 需警惕违禁成分网页链接 ​,zyxwvu987654321,2017-03-13 18:12
﻿减肥第4天 昨天忘记打卡了  早上没吃~~中午忘了吃 （下午和麻麻视频 说我瘦了好多 脸小了）~~ 晚上一个小苹果  还喝了杯左旋肉碱咖啡 现在已饿蒙圈 还有今天最开心的就是把论文整理完了 ​,zxyrourou,
﻿鑫玺美如玉左旋肉碱咖啡：有头有脸有身份‼️️ 蓝帽子标志✅️ QS标志✅️ PICC人民保险公司承保✅️ 明文注明：减肥字样✅️ 国家食品药品监督管理局留档✅️ 佘诗曼倾情推荐✅️ 各大网红鼎力支持✅ ​,爱上香草的味道,2017-03-13 14:25
﻿我剁手都要买的宝贝（【减肥买2送2】Forrida/活力达 左旋肉碱绿茶胶囊 0.42g/粒*60粒），快来和我一起瓜分红包 |【减肥买2... ​,馨馨馨馨爷爷爷,
﻿发表了博文《汤臣倍健左旋肉碱带你揭秘减肥“神器”！》中国的肥胖人口已经超过美国，成为全球肥胖人数最多的国家，平均每10个成年人中就有4个肥胖患者。肥胖已经成为人们健康的头号杀手。因此减肥市场火爆，催生|汤臣倍健左... ​,风淡云轻马儿跑,2017-03-13 13:58
﻿"MY S LADY左旋肉碱左旋肉碱通过xst我们已经有一些了解，但为了增加产品的功效，我们还特别加入了藤黄果成分（美国减肥市场主力军的两个元素都在我们的片剂中哟）。从配方角度来讲做了更大的优化，且纯左旋肉碱含量也有所提升。唯一问题就是，因为加入了藤黄果所以口感不是纯左旋酸酸的味道，可 ​
			...展开全文c",安涵小可爱,
﻿"肚脐贴，减肥咖啡，蔬果瘦，苦瓜瘦，苹果瘦，左旋肉碱，绿瘦，超级P57,模特內供，赛乐赛，LA全部都试过，一个都不成功 服用我家胶囊，嗖嗖嗖就瘦啦，就是这么给力 ​",爱吉赛Mi,2017-03-13 13:30
﻿一杯左旋肉碱搭配晨跑，燃烧吧我的小脂肪#减肥课# 秒拍视频 . ​,羊羊-166,
﻿#同步圈# 我上传了一个视频 💠——提神➕减肥，美如玉左旋肉碱咖啡做得到‼️ 网页链接 ​,偏执狂0723,2017-03-13 12:04
﻿【美如玉减肥咖啡】很多人不了解左旋肉碱是如何达到减肥的目的的，那么就请看下面我们的解答吧！ ​,白色不寂寞,
﻿发表了博文《汤臣倍健左旋肉碱劝各位备孕男女，别让宝宝一出生就要减肥！》近日，济南一位产妇刚生下女宝宝，医生就叮嘱她一定要注意宝宝的饮食，不能喂得太胖。因为这个宝宝是个“糖宝宝”，她受到妈妈高血糖的影响|汤臣倍健左... ​,摩羯座老迷路的桔子575,2017-03-12 23:05
﻿为了即将来临的露肉季节每天早上来一杯安全的鑫玺左旋肉碱减肥咖啡带走藏在肠子里不肯离去的宿便😛 ​,小玉儿kiki,
﻿#白菜省钱大叔#蒂芬妮 左旋肉碱咖啡粉 10g/袋*10袋，蓝帽子认证，药监局批准“减肥”功效的咖啡，科学配比香醇口感，卷后【38】|优惠券和下... ​,万达白菜馆,2017-03-08 14:55
﻿#白菜省钱大叔#蒂芬妮 左旋肉碱咖啡粉 10g/袋*10袋，蓝帽子认证，药监局批准“减肥”功效的咖啡，科学配比香醇口感，卷后【38】|优惠券和下... ​,万达白菜集市,
﻿发表了博文《鑫玺美如玉左旋咖啡哪些人群可以用来减肥？一盒多少钱？》鑫玺微商总监微信66455141118538230865咖啡作用原理美如玉左旋肉碱咖啡粉是鑫玺集团2016又一力作，左旋肉碱的主要生理|鑫玺美如玉... ​,叫我闪闪美女,2017-03-08 14:55
﻿"曾经我138斤吃过减肥产品不下10种【小金甁 泰国减肥药 绿瘦 左旋肉碱胶囊 咖啡 纤修堂 苹果闪电瘦 碧生源减肥茶等，抹的有法国淼淼淼 涵曦 疼死了，火辣辣的还有泰国瘦身霜 精油 韩国贴肚子减肥等等等】具体真的想不起来了用了有多少减肥产品了，有的有效果但是只要停了立刻反弹，而且不是这不 ​
			...展开全文c",Sunshine____蓝,
﻿#鑫玺痛贴灵足贴系列##鑫玺美如玉左旋肉碱健康减肥咖啡# 自用pengchahua888 |仙桃·沙嘴 ​,鑫玺舒优美总监-彭董,2017-03-08 14:09
﻿汤臣倍健左旋肉碱减肥瘦身燃脂2瓶周期装 价68 领券拍：网页链接更多白菜：|内部优惠券... ​,分享买买君,
﻿汤臣倍健左旋肉碱减肥瘦身燃脂2瓶周期装 价68 领券拍：网页链接更多白菜：|内部优惠券... ​,有人疼的白菜妹,2017-03-08 07:55
﻿清晨，来一杯美如玉左旋肉碱咖啡既能提神醒脑又能消脂减肥，一举两得 |高州·南新... 秒拍视频 . ​,Timmy家的妈咪,
﻿#同步圈# 我上传了一个视频  累了休息一下，来杯美如玉左旋肉碱减肥咖啡提提神   网页链接 ​,针爱永恒527102,2017-03-07 17:18
﻿瘦没瘦你们说了算#鑫玺痛贴灵足贴系列##鑫玺美如玉左旋肉碱健康减肥咖啡# pengchahua888 |仙桃·沙嘴 ​,鑫玺舒优美总监-彭董,
﻿一大早还没起就在床上写单子❤️睡前写 醒来写 很喜欢这种充实而又有意义的生活❤️#减肥等于整容##绿焰左旋肉碱咖啡##减肥、瘦身、健身##减肥# |三门峡·湖... ​,丽之源左旋肉碱瘦身咖啡,2017-03-07 15:37
﻿鑫玺美如玉左旋肉碱咖啡：有头有脸有身份‼️️ 蓝帽子标志✅️ QS标志✅️ PICC人民保险公司承保✅️ 明文注明：减肥字样✅️ 国家食品药品监督管理局留档✅️ 佘诗曼倾情推荐✅️ 各大网红鼎力支持✅ ​,爱上香草的味道,
﻿左旋肉碱减肥咖啡，一款让你不用节食，不会拉肚子，月瘦8到20斤，包瘦，无效退款！ 网页链接 ​,抱抱抱一下,2017-03-07 11:07
﻿曾经的三年老微商 ‼️是什么让她毅然转战鑫玺⁉️加入鑫玺不到两个月直接拿下鑫玺30万百万董事 ‼️|今晚8点我... #左旋肉碱减肥第一咖啡# |广州·永泰 ​,鑫玺美如玉减肥咖啡总监高总,
﻿"╔═════════╗今日推荐╚═════════╝鑫玺美如玉左旋肉碱减肥咖啡️️为什么要喝美如玉减肥咖啡？
			...展开全文c",美如玉薇薇,2017-03-07 08:56
﻿从公司买的左旋肉碱好便宜啊，我要开始减肥啦 |西安·雁塔... ​,阿娇学姐,
﻿"《养森小课堂》减肥的亲们，中午记得吃肉哦为什么减肥期间要适当吃肉呢？长期不吃肉身体里面没有摄入的天然的左旋肉碱，脂肪代谢能力会非常差，不吃粮食不吃早饭，脾脏会非常虚，运化能力会非常差，脾虚就会血虚，气虚，血虚就运化不了，基础代谢差，消耗就差，所以恶性循环，造成 ​
			...展开全文c",我的析析宝贝,2017-03-06 16:24
﻿日圣牌左旋肉碱胶囊 0.4g/粒*60粒/瓶*2盒 减肥廋身 塑造曲线身材 网页链接 |永城·永兴... ​,呀比李i,
﻿汤臣倍健R左旋肉碱茶多酚荷叶片 30片原价：￥59，券后价：￥39【领券下单】：网页链接大品牌值得信赖，运动员李雪倾情代言，二月不减肥，三月会更肥，减肥瘦身燃脂，快速又健康，不反弹。 ​,小淘省钱君,2017-03-06 13:47
﻿发表了博文《鑫玺微商半门槛招商！鑫玺美如玉左旋肉碱减肥咖啡一盒瘦8斤》【美如玉减肥咖啡】减肥又要快又要健康，过完年是不是感觉自己油脂满肚皮？别怕，有美如玉减肥咖啡！有美如玉帮你，再也不用刻意节食减肥啦|鑫玺微商半... ​,鑫玺总代_玲玲,
