发表了博文《男性应该了解的男科疾病有哪些呢？科普一下~-武汉博大男科》人们日常接触的有害物质中，主要来自于化学产业造成的空气、水等环境污染，还有随处可见的各种辐射，威胁人类的健康，男性的“生活标志”吸|男性应该了... ​,武汉博大男科医院怎么样,2016-06-16 13:47
﻿问家长：你觉得日常生活中以下哪些物质会对孩子眼睛健康有害？ 1、红外线； 2、紫外线； 3、电视/电脑辐射； 4、强烈的阳光； 5、蓝光； 6、眩光。 生活中，大多数家长会选择紫外线和红外线。当然这两项也有... |如何保护宝... ​,紫伊-ROSE,
﻿包括Wi-Fi信号在内，日常生活中的低强度电磁辐射并不会影响人体健康，目前也没有证据表明日常非电离辐射会导致孕妇流产率、胎儿畸形率提高。路由器“孕妇模式”的推出，实际上等于传播了“Wi-Fi信号有害”的错误信息，是通过传播谣言、煽动恐慌来制造需求。 ​,我有个想法-_-,2016-02-04 19:35
﻿【基站电磁辐射真如洪水猛兽吗？】电磁辐射有害人体健康的说法科学吗？基站和手机的电磁辐射究竟有多大？基站越密集电磁辐射就越大吗？我们在日常生活中如何将电磁辐射的影响降到最低？近日，《人民邮电》报记者采访了多位业内外的权威专家，为您还原电磁辐射的真实面貌……网页链接 ​,天津工业和信息化,
﻿"#网信动态# 【基站电磁辐射真如洪水猛兽吗？】电磁辐射有害人体健康的说法科学吗？基站和手机的电磁辐射究竟有多大？基站越密集电磁辐射就越大吗？我们在日常生活中如何将电磁辐射的影响降到最低？近日，记者采访了多位业内外的权威专家， ​
			...展开全文c",河南网信,2016-02-01 01:55
﻿包括Wi-Fi信号在内，日常生活中的低强度电磁辐射并不会影响人体健康，目前也没有证据表明日常非电离辐射会导致孕妇流产率、胎儿畸形率提高。路由器“孕妇模式”的推出，实际上等于传播了“Wi-Fi信号有害”的错误信息，是通过传播谣言、煽动恐慌来制造需求。 ​,长门有希改,
﻿回复@妈咪爱你qm:日常生活中使用手机、计算机等对胎儿是否有害尚无医学方面的研究依据，但是防总比不防好，可以通过以下方法防护：可以穿防辐射防护服，使用计算机时最好与计算机保持一臂之隔，尽量不要站在电磁波辐射严重的主机侧面或后方，这样比较安全。定期到医院进行产前检查是保证母婴健康的前提,十月呵护,2016-01-19 17:31
﻿@NicolaGao : @fangshimin 谁会去造牛奶的谣言？ 要理解这个问题其实并不困难，例如卖保健品的造谣国人“亚健康”状态；卖泻药的造谣“宿便”这个伪医学概念；卖防辐射用品的造谣日常电磁辐射对人体有害；卖有机食品的造谣吃转基因食品会让人断子绝孙…… ​,r狙击手,
﻿9大伪概念【转自果壳】网页链接 伪概念：日常辐射有害健康、足部反射区、小孔眼镜、法藤钛环、频谱治疗仪、左旋肉碱减肥、胶原蛋白美容、 功能水、干细胞美容 全是伪概念#别问为什么我就是果壳谣言粉碎机的脑残粉# ​,特级陈大宝,2016-01-19 14:53
﻿电暖气炉是比较新颖的家电，许多人都关心它在使用过程中到底会不会有电磁辐射，会不会有损人体健康呢?据介绍，在人们日常生活中，几乎所有的电器都有辐射，譬如家中的电视机、日光灯等普通家电。判断其对人体是否有害，关键要看辐射频率的高低 ​,胡戴羚,
﻿想要拥有真正健康活力定肌肤，先来个彻底深层清洁是必须的，在日常生活环境里甚至空气、粉尘里含有害物质、重金属，每天对着电脑也会辐射，长期积攒在毛孔皮肤深层形成的毒素，用再多的保养品护肤品，也都白搭，所以，排毒是我们的首要功课！#catgem糖果#反正已经是货不应求了，排毒完了之后记得补水。,佛山韩式半永久Cherry,2015-12-24 20:38
﻿想要拥有真正健康活力定肌肤，先来个彻底深层清洁是必须的，在日常生活环境里甚至空气、粉尘里含有害物质、重金属，每天对着电脑也会辐射，长期积攒在毛孔皮肤深层形成的毒素，用再多的保养品护肤品，也都白搭，所以，排毒是我们的首要功课！#catgem糖果#反正已经是货不应求了，排毒完了之后记得补水。 ​,广州佛山韩式半永久培训Suki,
﻿想要拥有真正健康活力定肌肤，先来个彻底深层清洁是必须的，在日常生活环境里甚至空气、粉尘里含有害物质、重金属，每天对着电脑也会辐射，长期积攒在毛孔皮肤深层形成的毒素，用再多的保养品护肤品，也都白搭，所以，排毒是我们的首要功课！#catgem糖果#反正已经是货不应求了，排毒完了之后记得补水。 ​,L_杨子,
﻿#女皇古皂# 【女皇古皂】准妈妈为了宝宝的健康必而备 | 怀孕期间的准妈妈为了宝宝的健康，都会注意到避免电磁辐射和有毒有害物质的影响，但是日常的生活细节也会带来一些小麻烦。  由于孕妇内分泌不同于正常人，皮肤过敏、皮肤瘙痒等状况是经常出现的。 ... 网页链接 ​,悠品道官网,
﻿#女皇古皂# 【女皇古皂】准妈妈为了宝宝的健康必而备 | 怀孕期间的准妈妈为了宝宝的健康，都会注意到避免电磁辐射和有毒有害物质的影响，但是日常的生活细节也会带来一些小麻烦。  由于孕妇内分泌不同于正常人，皮肤过敏、皮肤瘙痒等状况是经常出现的。 ... 网页链接 ​,悠品道官网,2015-08-27 10:06
﻿怀孕期间的准妈妈为了宝宝的健康，都会注意到避免电磁辐射和有毒有害物质的影响，但是日常的生活细节也会带来一些小麻烦。由于孕妇内分泌不同于正常人，皮肤过敏、皮肤瘙痒等状况是经常出现的。纯天然的女皇古皂是长久以来孕妇不可多得的生活必备洗浴用品。妇女怀孕期间是痔疮高发的时期… ​,执着有时未必有用,
﻿安全常识必看：冰箱辐射对人体有害吗？ 　　在日常生活中会用到各种家用电器，不少人都知道在特定条件下，这些电磁波可能成为“电磁污染”，危害到人们的健康。然而，电磁辐射对人体到底有什么影响，在什么情况下会对人体产生影响，多数人都不是太清楚。.. （分享自 @人民网） 网页链接 ​,环保人实在,2015-05-20 14:03
﻿【炎炎夏日，眼睛也要防晒？】紫外线中的有害光波可引起角膜炎、视网膜黄斑部损伤、白内障等眼病，这些伤害都是永久性的，因此我们在日常生活中，要特别注意对眼睛健康的保护：可以配戴防紫外线的太阳镜或隐形眼镜来使眼睛免受紫外线侵害；避免在上午11时—下午2时紫外线辐射最强时长时间地停留在户外 ​,石家庄康明眼镜,
﻿伪概念：日常辐射有害健康 真相：由于对辐射概念的错误认识，“辐射恐惧”变成了一种常见的“现代病”。商家抓住消费者的心理，对科学研究进行断章取义和歪曲，加剧人们的恐慌心理，为其所谓防辐射产品的销售造势。并没有科学研究证实日常接触的电磁辐射会对包括孕妇和胎儿在内的人群造成任何健康危害 ​,sina济宁美食,2015-03-27 14:12
﻿发表了博文《负离子为什么被称之为“环境警察”》摘要：我们日常生活空气环境中大量存在的正离子，或者是电磁辐射，都是危害人体健康的污染物，负离子能够中和这些正离子，维持空气清新纯净度，以此来避免这些有害物|负离子为什... ​,上榴人士2015,2016-09-27 14:35
﻿发表了博文《男性应该了解的男科疾病有哪些呢？科普一下~-武汉博大男科》人们日常接触的有害物质中，主要来自于化学产业造成的空气、水等环境污染，还有随处可见的各种辐射，威胁人类的健康，男性的“生活标志”吸|男性应该了... ​,武汉博大男科医院怎么样,
﻿问家长：你觉得日常生活中以下哪些物质会对孩子眼睛健康有害？ 1、红外线； 2、紫外线； 3、电视/电脑辐射； 4、强烈的阳光； 5、蓝光； 6、眩光。 生活中，大多数家长会选择紫外线和红外线。当然这两项也有... |如何保护宝... ​,紫伊-ROSE,2016-06-16 13:47
﻿包括Wi-Fi信号在内，日常生活中的低强度电磁辐射并不会影响人体健康，目前也没有证据表明日常非电离辐射会导致孕妇流产率、胎儿畸形率提高。路由器“孕妇模式”的推出，实际上等于传播了“Wi-Fi信号有害”的错误信息，是通过传播谣言、煽动恐慌来制造需求。 ​,我有个想法-_-,
﻿【基站电磁辐射真如洪水猛兽吗？】电磁辐射有害人体健康的说法科学吗？基站和手机的电磁辐射究竟有多大？基站越密集电磁辐射就越大吗？我们在日常生活中如何将电磁辐射的影响降到最低？近日，《人民邮电》报记者采访了多位业内外的权威专家，为您还原电磁辐射的真实面貌……网页链接 ​,天津工业和信息化,2016-02-04 19:35
﻿"#网信动态# 【基站电磁辐射真如洪水猛兽吗？】电磁辐射有害人体健康的说法科学吗？基站和手机的电磁辐射究竟有多大？基站越密集电磁辐射就越大吗？我们在日常生活中如何将电磁辐射的影响降到最低？近日，记者采访了多位业内外的权威专家， ​
			...展开全文c",河南网信,
﻿包括Wi-Fi信号在内，日常生活中的低强度电磁辐射并不会影响人体健康，目前也没有证据表明日常非电离辐射会导致孕妇流产率、胎儿畸形率提高。路由器“孕妇模式”的推出，实际上等于传播了“Wi-Fi信号有害”的错误信息，是通过传播谣言、煽动恐慌来制造需求。 ​,长门有希改,2016-02-01 01:55
﻿回复@妈咪爱你qm:日常生活中使用手机、计算机等对胎儿是否有害尚无医学方面的研究依据，但是防总比不防好，可以通过以下方法防护：可以穿防辐射防护服，使用计算机时最好与计算机保持一臂之隔，尽量不要站在电磁波辐射严重的主机侧面或后方，这样比较安全。定期到医院进行产前检查是保证母婴健康的前提,十月呵护,
﻿@NicolaGao : @fangshimin 谁会去造牛奶的谣言？ 要理解这个问题其实并不困难，例如卖保健品的造谣国人“亚健康”状态；卖泻药的造谣“宿便”这个伪医学概念；卖防辐射用品的造谣日常电磁辐射对人体有害；卖有机食品的造谣吃转基因食品会让人断子绝孙…… ​,r狙击手,2016-01-19 17:31
﻿9大伪概念【转自果壳】网页链接 伪概念：日常辐射有害健康、足部反射区、小孔眼镜、法藤钛环、频谱治疗仪、左旋肉碱减肥、胶原蛋白美容、 功能水、干细胞美容 全是伪概念#别问为什么我就是果壳谣言粉碎机的脑残粉# ​,特级陈大宝,
﻿电暖气炉是比较新颖的家电，许多人都关心它在使用过程中到底会不会有电磁辐射，会不会有损人体健康呢?据介绍，在人们日常生活中，几乎所有的电器都有辐射，譬如家中的电视机、日光灯等普通家电。判断其对人体是否有害，关键要看辐射频率的高低 ​,胡戴羚,2016-01-19 14:53
﻿想要拥有真正健康活力定肌肤，先来个彻底深层清洁是必须的，在日常生活环境里甚至空气、粉尘里含有害物质、重金属，每天对着电脑也会辐射，长期积攒在毛孔皮肤深层形成的毒素，用再多的保养品护肤品，也都白搭，所以，排毒是我们的首要功课！#catgem糖果#反正已经是货不应求了，排毒完了之后记得补水。,佛山韩式半永久Cherry,
﻿想要拥有真正健康活力定肌肤，先来个彻底深层清洁是必须的，在日常生活环境里甚至空气、粉尘里含有害物质、重金属，每天对着电脑也会辐射，长期积攒在毛孔皮肤深层形成的毒素，用再多的保养品护肤品，也都白搭，所以，排毒是我们的首要功课！#catgem糖果#反正已经是货不应求了，排毒完了之后记得补水。 ​,广州佛山韩式半永久培训Suki,2015-12-24 20:38
﻿想要拥有真正健康活力定肌肤，先来个彻底深层清洁是必须的，在日常生活环境里甚至空气、粉尘里含有害物质、重金属，每天对着电脑也会辐射，长期积攒在毛孔皮肤深层形成的毒素，用再多的保养品护肤品，也都白搭，所以，排毒是我们的首要功课！#catgem糖果#反正已经是货不应求了，排毒完了之后记得补水。 ​,L_杨子,
﻿#女皇古皂# 【女皇古皂】准妈妈为了宝宝的健康必而备 | 怀孕期间的准妈妈为了宝宝的健康，都会注意到避免电磁辐射和有毒有害物质的影响，但是日常的生活细节也会带来一些小麻烦。  由于孕妇内分泌不同于正常人，皮肤过敏、皮肤瘙痒等状况是经常出现的。 ... 网页链接 ​,悠品道官网,
﻿#女皇古皂# 【女皇古皂】准妈妈为了宝宝的健康必而备 | 怀孕期间的准妈妈为了宝宝的健康，都会注意到避免电磁辐射和有毒有害物质的影响，但是日常的生活细节也会带来一些小麻烦。  由于孕妇内分泌不同于正常人，皮肤过敏、皮肤瘙痒等状况是经常出现的。 ... 网页链接 ​,悠品道官网,
﻿怀孕期间的准妈妈为了宝宝的健康，都会注意到避免电磁辐射和有毒有害物质的影响，但是日常的生活细节也会带来一些小麻烦。由于孕妇内分泌不同于正常人，皮肤过敏、皮肤瘙痒等状况是经常出现的。纯天然的女皇古皂是长久以来孕妇不可多得的生活必备洗浴用品。妇女怀孕期间是痔疮高发的时期… ​,执着有时未必有用,2015-08-27 10:06
﻿安全常识必看：冰箱辐射对人体有害吗？ 　　在日常生活中会用到各种家用电器，不少人都知道在特定条件下，这些电磁波可能成为“电磁污染”，危害到人们的健康。然而，电磁辐射对人体到底有什么影响，在什么情况下会对人体产生影响，多数人都不是太清楚。.. （分享自 @人民网） 网页链接 ​,环保人实在,
﻿【炎炎夏日，眼睛也要防晒？】紫外线中的有害光波可引起角膜炎、视网膜黄斑部损伤、白内障等眼病，这些伤害都是永久性的，因此我们在日常生活中，要特别注意对眼睛健康的保护：可以配戴防紫外线的太阳镜或隐形眼镜来使眼睛免受紫外线侵害；避免在上午11时—下午2时紫外线辐射最强时长时间地停留在户外 ​,石家庄康明眼镜,2015-05-20 14:03
﻿伪概念：日常辐射有害健康 真相：由于对辐射概念的错误认识，“辐射恐惧”变成了一种常见的“现代病”。商家抓住消费者的心理，对科学研究进行断章取义和歪曲，加剧人们的恐慌心理，为其所谓防辐射产品的销售造势。并没有科学研究证实日常接触的电磁辐射会对包括孕妇和胎儿在内的人群造成任何健康危害 ​,sina济宁美食,2014-07-18 17:03
﻿【微波辐射是否有害取决于强度|辐射| 射线_凤凰健康】凤凰健康：您说日常仪器的时候，前段时间，或者一直以来大家都有一个质疑，微波炉，每天都用微波炉，说微波炉，孕妇要离微波炉远一点，正常人也要保持一些距... 网页链接 ​,徐州527,
﻿【微波辐射是否有害取决于强度|辐射| 射线_凤凰健康】凤凰健康：您说日常仪器的时候，前段时间，或者一直以来大家都有一个质疑，微波炉，每天都用微波炉，说微波炉，孕妇要离微波炉远一点，正常人也要保持一些距... 网页链接 ​,俞诚升1985,2014-05-26 13:05
﻿【微波辐射是否有害取决于强度|辐射| 射线_凤凰健康】凤凰健康：您说日常仪器的时候，前段时间，或者一直以来大家都有一个质疑，微波炉，每天都用微波炉，说微波炉，孕妇要离微波炉远一点，正常人也要保持一些距... 网页链接 ​,占娜1983,
﻿#侨报健康指南#【警惕：看不到的“辐射”催命符】观点1：Wifi有辐射但是无害 Wifi的辐射属于电磁辐射，但这种强度是没有害的。核辐射穿透能力强，对人体有害，但日常生活中接触到的电器不会带有核辐射。观点2：坐十小时飞机等于一次X光 宇宙射线其实就是一种核辐射，跟你所处的高度有关 ... ​,美东侨报,2014-05-26 12:54
﻿"发表了博文 《被""关爱""过度的中国孕妇》 - 孕妇并非病人，""这不能做那不能做""是落后的生育习俗。 罗雯 作者 六十秒读懂专题 孕妇属于特殊人群，但非病人。辐射不是洪水猛兽，无日常辐射对健康有害的证据 |被""关爱""过... ​",耶重返江湖,
﻿【微波辐射是否有害取决于强度|辐射| 射线_凤凰健康】凤凰健康：您说日常仪器的时候，前段时间，或者一直以来大家都有一个质疑，微波炉，每天都用微波炉，说微波炉，孕妇要离微波炉远一点，正常人也要保持一些距... 网页链接 ​,吴深声110,2014-05-19 12:35
﻿【微波辐射是否有害取决于强度|辐射| 射线_凤凰健康】凤凰健康：您说日常仪器的时候，前段时间，或者一直以来大家都有一个质疑，微波炉，每天都用微波炉，说微波炉，孕妇要离微波炉远一点，正常人也要保持一些距... 网页链接 ​,小清新古正成,
﻿【微波辐射是否有害取决于强度|辐射| 射线_凤凰健康】凤凰健康：您说日常仪器的时候，前段时间，或者一直以来大家都有一个质疑，微波炉，每天都用微波炉，说微波炉，孕妇要离微波炉远一点，正常人也要保持一些距... 网页链接 ​,勤奋的高鹤宇,2014-05-12 11:29
﻿【微波辐射是否有害取决于强度|辐射| 射线_凤凰健康】凤凰健康：您说日常仪器的时候，前段时间，或者一直以来大家都有一个质疑，微波炉，每天都用微波炉，说微波炉，孕妇要离微波炉远一点，正常人也要保持一些距... 网页链接 ​,曹忠萍恋歌,
﻿【微波辐射是否有害取决于强度|辐射| 射线_凤凰健康】凤凰健康：您说日常仪器的时候，前段时间，或者一直以来大家都有一个质疑，微波炉，每天都用微波炉，说微波炉，孕妇要离微波炉远一点，正常人也要保持一些距... 网页链接 ​,3045142510IVJ,2014-05-12 11:22
﻿【微波辐射是否有害取决于强度|辐射| 射线_凤凰健康】凤凰健康：您说日常仪器的时候，前段时间，或者一直以来大家都有一个质疑，微波炉，每天都用微波炉，说微波炉，孕妇要离微波炉远一点，正常人也要保持一些距... 网页链接 ​,处女数码子1993,
﻿发表了博文 《专家最新曝光：微波辐射是否有害取决于强度》 - 凤凰健康：您说日常仪器的时候，前段时间，或者一直以来大家都有一个质疑，微波炉，每天都用微波炉，说微波炉，孕妇要离微波炉远一点，正常人也要保 |专家最新曝... ​,环保文化人儿,2014-05-12 11:04
﻿无形的肺部杀手 - 健康前沿 - 健康中国人 氡辐射才是日常生活中唯一真正值得注意的、也有办法避免的有害辐射。 网页链接 ​,股价创新高,
﻿"被""关爱""过度的中国孕妇 | 孕妇属于特殊人群，但非病人。辐射不是洪水猛兽，无日常辐射对健康有害的证据；生活噪音与胎儿听力损失、早产之间没有联系；健康的孕妇在整个孕期都可以继续她们平时的活动与锻炼。所谓忌辐射、忌声、忌劳累、节欲根本不必要。而保胎中药不仅药效不... 网页链接 ​",釜溪左岸,2014-05-10 09:54
﻿孕妇属于特殊人群，但非病人。辐射不是洪水猛兽，无日常辐射对健康有害的证据；健康的孕妇在整个孕期都可以继续她们平时的活动与锻炼。所谓忌辐射、忌声、忌劳累、节欲根本不必要。而保胎中药不仅药效不明还常被检出违禁成分，各种昂贵的滋补品仅仅是用金钱换取一点心理安慰而已。 ​,医疗圈那点事,
﻿我觉得大众看待辐射的问题是由于科学家和普通民众的思路差别。研究的人说：目前的证据不足以确认暴露在低强度下的电磁场会造成任何的健康后果。意思本应是日常接触的辐射塔玛的就是没事。但是对民众不这样直说，就会被理解为 科学家都说不确定，那就是有害！然后开始脑补各种危害，，， ​,大狸奴毛伟,2014-05-08 14:46
﻿【连云港权威的男科医院】在人们日常接触的有害物质中，主要来自于化学工业造成的空气、水等环境污染，还有随处可见的各种辐射威胁人类的健康，现代男性生活无规律、抽烟酗酒、暴饮暴食、通宵熬... --发布到微刊《连云港的》http://t.cn/8sKjr8S ​,qiekenao777,
﻿日常生活中的辐射对人体有害吗？ | 爱读医 iReadMed 辐射，看不见摸不着，又无处不在，想想真是可怕，所以许多人会把身体上某方面的不适都怪罪为辐射导致。事实上大量的研究表明，没有证据能够证明日常生活中遇到的那种低强度的电磁波会影响到人体健康。 网页链接 ​,爱读医iReadMed,2014-04-22 11:12
﻿"一篇好文,推荐之-【日常生活中的辐射对人体有害吗？】（来自:百度百家）大量的研究表明，没有证据能够证明日常生活中遇到的那种低强度的电磁波会影响到人体健康。 网页链接 ​",老老夏,
﻿【日常生活中的辐射对人体有害吗？】大量的研究表明，没有证据能够证明日常生活中遇到的那种低强度的电磁波会影响到人体健康。 |百度百家详细网页链接 ​,舟子百度百家直播,2014-04-21 10:09
﻿没有证据能够证明日常生活电器所发出的低强度电磁波会影响到人体健康，更别说致癌，这是危言耸听，误导民众！世卫组织的结论：电磁场与公共卫生网页链接 科普文章：日常生活中的辐射对人体有害吗？ |日常生活中...,共趟美好世界,
﻿商家利用了消费者规避风险的心理，炒作和包装“日常电磁辐射有害健康”的概念，混淆相关性和因果性，夸大和歪曲科研成果，无视不利于其商业炒作的主流研究结论。目前，我国“孕妇防辐射服”的市场规模大约是一年几十亿人民币。如此巨大的“蛋糕”，都建立在消费者被商家煽动起的对“辐射”的恐惧之上。 ​,清荷一片,2014-04-18 08:25
﻿辐射存在于我们日常生活的每一个角落，电视机有辐射，电脑有辐射，手机有辐射，就连覆盖我们家庭单位的无线wifi网络也有辐射。辐射对人的身体究竟有怎样的影响，日常生活应怎样合理的规避有害辐射？虽然这些辐射没有电影中的辐射那样致命，但正确认识我们日常生活接触到的辐射与我们的健康生活息息相关 ​,科教片一级导演,
﻿#安全提醒#【手机辐射危害大？别吓自己唬弄别人！】你有过“辐射恐惧”吗？手机的射频电磁场强度虽比其他电器高，但并未显示出有害健康的效应。一些商家为“防辐射产品”造势，可是没有科学研究证实日常接触的电磁辐射会对包括孕妇在内的人群造成任何健康危害。 ​,银杏树旁,2014-04-14 23:03
﻿#健康释疑#【辐射一次短命一天？】目前，北京、上海等不少城市都实施地铁常态化安检。有人担心X射线安检仪的辐射对人体有害，称“每天被辐射一次，人的命都要短一天。”那么，很多人每天都要经历的地铁安检的辐射是否值得担忧呢？下面这张图表告诉你日常生活中经常遇到的辐射对身体危害到底有多大！ ​,康康买药,
﻿《男人性功能保护原则之“三不宜”》 生活中的很多细节对男人精子和性功能有影响，其中有害大于有益，也就是说，男人的精子和性功能随时都处在危险的环境中。并且，日常生活中也充满危险，为此男人要知晓三个“不宜”才能保护自身健康。 不宜电磁辐射 对于男...畅读版【网页链接】 ​,301赵华,2014-04-10 09:36
﻿发表了博文 《吃对食物抗污染》 - 现代人正承受着辐射、噪音、粉尘及有害金属等各种各样的污染。这些污染严重地危害着现代人的身体健康。那么，该如何对这些污染进行有效的抵抗呢？专家告诉我们，在我们日常吃的 |吃对食物抗... ​,健康指南杂志社官博,
﻿【手机辐射危害大？别吓自己唬弄别人！】你有过“辐射恐惧”吗？手机的射频电磁场强度虽比其他电器高，但并未显示出有害健康的效应。一些商家为“防辐射产品”造势，可是没有科学研究证实日常接触的电磁辐射会对包括孕妇在内的人群造成任何健康危害。 ​,雕庄家园,2014-01-16 09:16
﻿#安全提醒#【手机辐射危害大？别吓自己唬弄别人！】你有过“辐射恐惧”吗？手机的射频电磁场强度虽比其他电器高，但并未显示出有害健康的效应。一些商家为“防辐射产品”造势，可是没有科学研究证实日常接触的电磁辐射会对包括孕妇在内的人群造成任何健康危害. ​,银杏树旁,
﻿【手机辐射危害大？别吓自己唬弄别人！】你有过“辐射恐惧”吗？手机的射频电磁场强度虽比其他电器高，但并未显示出有害健康的效应。一些商家为“防辐射产品”造势，可是没有科学研究证实日常接触的电磁辐射会对包括孕妇在内的人群造成任何健康危害。 ​,雕庄家园,2014-01-10 16:10
﻿发表了博文 《9大商业伪概念》 - 1.日常辐射有害健康 由于对辐射概念的错误认识，“辐射恐惧”变成了一种常见的“现代病”。商家抓住消费者的心理，对科学研究进行断章取义和歪曲，加剧人们的恐慌心理，为 |9大商业伪... ​,Hello-miky_465,
﻿手机辐射危害大？别吓自己唬弄别人！】你有过“辐射恐惧”吗？手机的射频电磁场强度虽比其他电器高，但并未显示出有害健康的效应。一些商家为“防辐射产品”造势，可是没有科学研究证实日常接触的电磁辐射会对包括孕妇在内的人群造成任何健康危害 ​,南沙派出所,2013-12-30 08:56
﻿#安全提醒#【手机辐射危害大？别吓自己唬弄别人！】你有过“辐射恐惧”吗？手机的射频电磁场强度虽比其他电器高，但并未显示出有害健康的效应。一些商家为“防辐射产品”造势，可是没有科学研究证实日常接触的电磁辐射会对包括孕妇在内的人群造成任何健康危害 ​,启东市北新派出所,
﻿流言：家用的电器电子设备辐射大，因此手机不要放在床头、电脑一定要用防辐射的机箱，接电话时不要离耳朵太近。真相：现有研究表明，家用电器周围的电磁场强度远远小于安全准则的限值。手机的射频电磁场强度比日常居住环境中的其他电器都要高，但即使也并未显示出有害健康的效应网页链接 ​,喵戥,2013-12-25 21:58
﻿【威海好的男科医院】威海北大阳光男科医院：男科疾病的产生根源有些是在人们日常接触的有害物质中，主要来自于化学工业造成的空气、水等环境污染，还有随处可见的各种辐射威胁人类的健康。... --发布到微刊《威海美女》http://t.cn/8k7VFgq ​,123456789asd_64356,
﻿【手机辐射危害大？别吓自己了！】“辐射恐惧”已成常见现代病。商家对科学研究断章取义，为“防辐射产品”造势。并没有科学研究证实日常接触的电磁辐射会对包括孕妇在内的人群造成任何健康危害。手机的射频电磁场强度虽比其他电器高，但并未显示出有害健康的效应。（人民日报） ​,凤凰东方文化,2013-12-20 16:11
﻿【手机辐射危害大？别吓自己唬弄别人！】你有过“辐射恐惧”吗？手机的射频电磁场强度虽比其他电器高，但并未显示出有害健康的效应。一些商家为“防辐射产品”造势，可是没有科学研究证实日常接触的电磁辐射会对包括孕妇在内的人群造成任何健康危害。 @居家实用小百科 @实用生活小贴士 @生活百宝书 ​,听风平安卫士,
﻿【手机辐射危害大？别吓自己唬弄别人！】你有过“辐射恐惧”吗？手机的射频电磁场强度虽比其他电器高，但并未显示出有害健康的效应。一些商家为“防辐射产品”造势，可是没有科学研究证实日常接触的电磁辐射会对包括孕妇在内的人群造成任何健康危害。via@平安洛宁 ​,乐清交警,2013-12-20 15:21
﻿【手机辐射危害大？别吓自己了！】“辐射恐惧”已成常见“现代病”。商家对科学研究断章取义，加剧心理恐慌，为“防辐射产品”造势。并没有科学研究证实日常接触的电磁辐射会对包括孕妇在内的人群造成任何健康危害。手机的射频电磁场强度虽比其他电器高，但并未显示出有害健康的效应。 ​,情感微聚焦,
﻿#安全提醒#【手机辐射危害大？别吓自己唬弄别人！】你有过“辐射恐惧”吗？手机的射频电磁场强度虽比其他电器高，但并未显示出有害健康的效应。一些商家为“防辐射产品”造势，可是没有科学研究证实日常接触的电磁辐射会对包括孕妇在内的人群造成任何健康危害。 ​,南京铁路公安在线,2013-11-29 14:50
﻿【手机辐射危害大？别吓自己了！】“辐射恐惧”已成常见“现代病”。商家对科学研究断章取义，加剧心理恐慌，为“防辐射产品”造势。并没有科学研究证实日常接触的电磁辐射会对包括孕妇在内的人群造成任何健康危害。手机的射频电磁场强度虽比其他电器高，但并未显示出有害健康的效应。 j ​,平安西平,
﻿"#生活百科#【手机辐射危害大？别吓自己了！】""辐射恐惧""已成常见现代病。商家对科学研究断章取义，为""防辐射产品""造势。并没有科学研究证实日常接触的电磁辐射会对包括孕妇在内的人群造成任何健康危害。手机的射频电磁场强度虽比其他电器高，但并未显示出有害健康的效应。via人民日报 戳图涨姿势： ​",河西发布,2013-11-20 14:03
﻿#安全提醒#【手机辐射危害大？别吓自己唬弄别人！】你有过“辐射恐惧”吗？手机的射频电磁场强度虽比其他电器高，但并未显示出有害健康的效应。一些商家为“防辐射产品”造势，可是没有科学研究证实日常接触的电磁辐射会对包括孕妇在内的人群造成任何健康危害。@河南日报@人民日报@郑州慈铭健康体检 ​,平安洛宁,
﻿#视界#【手机辐射大？别吓自己了！】“辐射恐惧”已成常见“现代病”。商家对科学研究断章取义，加剧心理恐慌，并没有科学研究证实日常接触的电磁辐射会对包括孕妇在内的人群造成任何健康危害[懒得理你]。手机的射频电磁场强度虽比其他电器高，但并未显示出有害健康的效应。via人民日报 ​,成都高-新文明汇,2013-11-18 21:23
﻿"#温馨提示# “辐射恐惧”已成常见“现代病”。商家对科学研究断章取义,加剧心理恐慌,为“防辐射产品”造势。并没有科学研究证实日常接触电磁辐射会对包括孕妇在内人群造成任何健康危害。手机射频电磁场强度虽比其他电器高,但并未显示出有害健康的效应。 ​",莞工法社学院团总支,2013-11-13 23:01
﻿"#小洛微提醒#【手机辐射危害大？别吓自己了！】""辐射恐惧""已成常见现代病。商家对科学研究断章取义，为""防辐射产品""造势。并没有科学研究证实日常接触的电磁辐射会对包括孕妇在内的人群造成任何健康危害。手机的射频电磁场强度虽比其他电器高，但并未显示出有害健康的效应。via人民日报 戳图涨姿势： ​",微博洛阳,
﻿"【手机辐射危害大？别吓自己了！】""辐射恐惧""已成常见现代病。商家对科学研究断章取义，为""防辐射产品""造势。并没有科学研究证实日常接触的电磁辐射会对包括孕妇在内的人群造成任何健康危害。手机的射频电磁场强度虽比其他电器高，但并未显示出有害健康的效应。via人民日报 戳图涨姿势，不被卖家忽悠 ​",太原晚报,2013-11-13 22:20
﻿#外联视野# “辐射恐惧”已成常见“现代病”。商家对科学研究断章取义，加剧心理恐慌，为“防辐射产品”造势。并没有科学研究证实日常接触的电磁辐射会对包括孕妇在内的人群造成任何健康危害。手机的射频电磁场强度虽比其他电器高，但并未显示出有害健康的效应。 ​,攀院外联之翼,
﻿"#提醒#【手机辐射危害大？别吓自己了！】""辐射恐惧""已成常见现代病。商家对科学研究断章取义，为""防辐射产品""造势。并没有科学研究证实日常接触的电磁辐射会对包括孕妇在内的人群造成任何健康危害。手机的射频电磁场强度虽比其他电器高，但并未显示出有害健康的效应。via人民日报 戳图涨姿势  ​",市场星报,2013-11-13 22:12
﻿#温馨提示#【手机辐射危害大？别吓自己了！】“辐射恐惧”已成常见“现代病”。商家对科学研究断章取义，加剧心理恐慌，为“防辐射产品”造势。并没有科学研究证实日常接触电磁辐射会对包括孕妇在内人群造成任何健康危害。手机射频电磁场强度虽比其他电器高，但并未显示出有害健康的效应。@人民日报 ​,太仓发布,
﻿【手机辐射危害大？别吓自己了！】“辐射恐惧”已成常见“现代病”。商家对科学研究断章取义，加剧心理恐慌，为“防辐射产品”造势。并没有科学研究证实日常接触的电磁辐射会对包括孕妇在内的人群造成任何健康危害。手机的射频电磁场强度虽比其他电器高，但并未显示出有害健康的效应。 ​,留倩影是吃货,2013-11-13 22:10
﻿【手机辐射危害大？别吓自己了！】一些商家对科学研究断章取义，为“防辐射产品”造势。并没有科学研究证实日常接触的电磁辐射会对包括孕妇在内的人群造成任何健康危害。手机的射频电磁场强度虽比其他电器高，但并未显示出有害健康的效应。（人民日报）你有过“辐射恐惧”吗？ ​,郑州晚报,2013-11-13 20:26
﻿#安全提醒#【手机辐射危害大？别吓自己唬弄别人！】你有过“辐射恐惧”吗？手机的射频电磁场强度虽比其他电器高，但并未显示出有害健康的效应。一些商家为“防辐射产品”造势，可是没有科学研究证实日常接触的电磁辐射会对包括孕妇在内的人群造成任何健康危害。@河南日报@人民日报@郑州慈铭健康体检 ​,天外探宝,
﻿#安全提醒#【手机辐射危害大？别吓自己唬弄别人！】你有过“辐射恐惧”吗？手机的射频电磁场强度虽比其他电器高，但并未显示出有害健康的效应。一些商家为“防辐射产品”造势，可是没有科学研究证实日常接触的电磁辐射会对包括孕妇在内的人群造成任何健康危害。@河南日报@人民日报@郑州慈铭健康体检 ​,天外探宝,2013-11-13 19:32
﻿#安全提醒#【手机辐射危害大？别吓自己唬弄别人！】你有过“辐射恐惧”吗？手机的射频电磁场强度虽比其他电器高，但并未显示出有害健康的效应。一些商家为“防辐射产品”造势，可是没有科学研究证实日常接触的电磁辐射会对包括孕妇在内的人群造成任何健康危害。@河南日报@人民日报@郑州慈铭健康体检 ​,平安洛宁,
﻿【手机辐射危害大？别吓自己了！】一些商家对科学研究断章取义，为“防辐射产品”造势。并没有科学研究证实日常接触的电磁辐射会对包括孕妇在内的人群造成任何健康危害。手机的射频电磁场强度虽比其他电器高，但并未显示出有害健康的效应。（@人民日报 ）@郑州慈铭健康体检 你有过“辐射恐惧”吗？ ​,河南日报,2013-11-13 19:32
﻿【手机辐射危害大？别吓自己了！】“辐射恐惧”已成常见“现代病”。商家对科学研究断章取义，加剧心理恐慌，为“防辐射产品”造势。并没有科学研究证实日常接触的电磁辐射会对包括孕妇在内的人群造成任何健康危害。手机的射频电磁场强度虽比其他电器高，但并未显示出有害健康的效应。 ​,宝鸡扶风公安,
﻿#温馨提示#【手机辐射大？别吓自己了！】“辐射恐惧”已成常见“现代病”。商家对科学研究断章取义，加剧心理恐慌，并没有科学研究证实日常接触的电磁辐射会对包括孕妇在内的人群造成任何健康危害[懒得理你]。手机的射频电磁场强度虽比其他电器高，但并未显示出有害健康的效应。via人民日报 ​,泰兴发布,2013-11-13 19:31
﻿【手机辐射危害大？别吓自己了！】“辐射恐惧”已成常见“现代病”。商家对科学研究断章取义，加剧心理恐慌，为“防辐射产品”造势。并没有科学研究证实日常接触的电磁辐射会对包括孕妇在内的人群造成任何健康危害。手机的射频电磁场强度虽比其他电器高，但并未显示出有害健康的效应。,京华时报公益周刊,
﻿"【手机辐射危害大？别吓自己了！】""辐射恐惧""已成常见现代病。商家对科学研究断章取义，为""防辐射产品""造势。并没有科学研究证实日常接触的电磁辐射会对包括孕妇在内的人群造成任何健康危害。手机的射频电磁场强度虽比其他电器高，但并未显示出有害健康的效应。via人民日报 戳图涨姿势，不被卖家忽悠 ​",商丘网,
﻿"【手机辐射危害大？别吓自己了！】""辐射恐惧""已成常见现代病。商家对科学研究断章取义，为""防辐射产品""造势。并没有科学研究证实日常接触的电磁辐射会对包括孕妇在内的人群造成任何健康危害。手机的射频电磁场强度虽比其他电器高，但并未显示出有害健康的效应。via人民日报 戳图涨姿势，不被卖家忽悠 ​",成都晚报,2013-11-13 17:35
﻿"【手机辐射危害大？别吓自己了！】""辐射恐惧""已成常见现代病。商家对科学研究断章取义，为""防辐射产品""造势。并没有科学研究证实日常接触的电磁辐射会对包括孕妇在内的人群造成任何健康危害。手机的射频电磁场强度虽比其他电器高，但并未显示出有害健康的效应。via人民日报 ​",云南信息报,
﻿"【手机辐射危害大？别吓自己了！】""辐射恐惧""已成常见现代病。商家对科学研究断章取义，为""防辐射产品""造势。并没有科学研究证实日常接触的电磁辐射会对包括孕妇在内的人群造成任何健康危害。手机的射频电磁场强度虽比其他电器高，但并未显示出有害健康的效应。 ​",关注三秦,2013-11-13 17:33
﻿"【手机辐射危害大？别吓自己了！】""辐射恐惧""已成常见现代病。商家对科学研究断章取义，为""防辐射产品""造势。并没有科学研究证实日常接触的电磁辐射会对包括孕妇在内的人群造成任何健康危害。手机的射频电磁场强度虽比其他电器高，但并未显示出有害健康的效应。via人民日报 戳图涨姿势，不被卖家忽悠 ​",大河报,
﻿【手机辐射危害大？别吓自己了！】“辐射恐惧”已成常见“现代病”。商家对科学研究断章取义，加剧心理恐慌，为“防辐射产品”造势。并没有科学研究证实日常接触的电磁辐射会对包括孕妇在内的人群造成任何健康危害。手机的射频电磁场强度虽比其他电器高，但并未显示出有害健康的效应。(人民日报）,央视财经,
﻿【手机辐射危害大？别吓自己了！】“辐射恐惧”已成常见“现代病”。商家对科学研究断章取义，加剧心理恐慌，为“防辐射产品”造势。并没有科学研究证实日常接触的电磁辐射会对包括孕妇在内的人群造成任何健康危害。手机的射频电磁场强度虽比其他电器高，但并未显示出有害健康的效应。 ​,证券资讯博览,
﻿#西游科普#【手机辐射危害大？别吓自己了！】“辐射恐惧”已成常见“现代病”。商家对科学研究断章取义，加剧心理恐慌，为“防辐射产品”造势。并没有科学研究证实日常接触的电磁辐射会对包括孕妇在内的人群造成任何健康危害。手机的射频电磁场强度虽比其他电器高，但并未显示出有害健康的效应。 ​,西游神话世界,2013-11-13 17:06
﻿W【手机辐射危害大？别吓自己了！】“辐射恐惧”已成常见“现代病”。商家对科学研究断章取义，加剧心理恐慌，为“防辐射产品”造势。并没有科学研究证实日常接触的电磁辐射会对包括孕妇在内的人群造成任何健康危害。手机的射频电磁场强度虽比其他电器高，但并未显示出有害健康的效应。 ​,平安西平,2013-11-13 16:34
﻿#大事件呈报#【手机辐射危害大？别吓自己了！】“辐射恐惧”已成常见“现代病”。商家对科学研究断章取义，加剧心理恐慌，为“防辐射产品”造势。并没有科学研究证实日常接触的电磁辐射会对包括孕妇在内的人群造成任何健康危害。手机的射频电磁场强度虽比其他电器高，但并未显示出有害健康的效应。 ​,静之湖度假酒店,
﻿【手机辐射危害大？别吓自己了！】“辐射恐惧”已成常见“现代病”。商家对科学研究断章取义，加剧心理恐慌，为“防辐射产品”造势。并没有科学研究证实日常接触的电磁辐射会对包括孕妇在内的人群造成任何健康危害。手机的射频电磁场强度虽比其他电器高，但并未显示出有害健康的效应。 ​,地主家K爷,2013-11-13 16:04
﻿【手机辐射危害大？别吓自己了！】“辐射恐惧”已成常见“现代病”。商家对科学研究断章取义，加剧心理恐慌，为“防辐射产品”造势。并没有科学研究证实日常接触的电磁辐射会对包括孕妇在内的人群造成任何健康危害。手机的射频电磁场强度虽比其他电器高，但并未显示出有害健康的效应。,人民日报,
﻿【这些都是“商业伪概念”】“9大商业伪概念”榜单近日在北京发布。其中，“日常辐射有害健康”、“左旋肉碱可减肥”、“胶原蛋白能美容”、“法藤钛环可治颈椎病”等广为流传的保健信息赫然在列。商家宣传中那些看上去“不明觉厉”的概念，真的科学吗？↓↓网页链接 ​,我在现场ilive,
﻿现代社会对于如何解决办公室电脑、打印机辐射，新装修的有害气体等问题，越来越讲究环保健康、自然和谐的今天，实用环保又时尚美观的水培植物由于护理方便，有较高的观赏价值，更是成为办公家居首选，无论懒人还是勤人，新手还是专家都可以有适合自己的选择，更使水培植物成为人们日常家居的新宠。 ​,山水缘水培花卉,
﻿【不必谈“核”色变】#环保科普#人每天都会接触到天然辐射（又称背景辐射）。人所经受的天然辐射总量远远大于来自核技术利用等人为活动的辐射量。辐射对人体造成危害的大小与辐射剂量有关，人们日常生活中可能会接触到的辐射剂量，远远低于对人体有害的剂量。via《中国公民环境与健康素养（试行）》 ​,福州环保,2013-11-13 16:01
﻿#一美小百科#家用电子设备对人体辐射危害大？研究表明，日常居住环境的电磁场下的暴露强度是非常小的。在各种情况下，家用电器周围的电磁场强度远远小于安全准则的限值。手机的射频电磁场强度比日常居住环境中的其他电器都要高，但即使也并未显示出有害健康的效应。双十一，亲们可以放心抢购哦 ​,一美坊时尚折扣网,
﻿#多看书摘# 商家利用了消费者规避风险的心理，炒作和包装“日常电磁辐射有害健康”的概念，混淆相关性和因果性，夸大和歪曲科研成果，无视不利于其商业炒作的主流研究结论。目前，我国“孕妇防辐射服”的市场规模大约是一年几十亿人民币。如此巨大的“蛋糕”，都建立在消费者被商家煽动起的...  ​,天府码农,2013-11-13 15:54
﻿【WHO：电磁辐射的标准是如何建立的】电磁安全暴露限制下，不会产生有害的健康效应，而且限值是在导致已知的健康影响的强度除以了50。所以，即使你遇到的电磁场强度比给出的限值高几倍，你的暴露仍然可以在安全范围内。在日常生活中的暴露值都是远远低于这些限值的。|电磁辐射的...分享自@果壳网 ​,成都市青少年宫,
﻿日常辐射如果有害健康，我们早就灭绝了。因为太阳光就是最常见的日常辐射。,三思小新,2013-11-12 21:12
﻿商家利用了消费者规避风险的心理，炒作和包装“日常电磁辐射有害健康”的概念，混淆相关性和因果性，夸大和歪曲科研成果，无视不利于其商业炒作的主流研究结论。目前，我国“孕妇防辐射服”的市场规模大约是一年几十亿人民币。如此巨大的“蛋糕”，都建立在消费者被商家煽动起的对“辐射”的...  ​,我係多多,
﻿#是真是假#【家用电子设备对人体辐射危害大】假！多项研究表明，日常居住环境的电磁场下的暴露强度是非常小的。在各种情况下，家用电器周围的电磁场强度远远小于安全准则的限值。手机的射频电磁场强度比日常居住环境中的其他电器都要高，但即使也并未显示出有害健康的效应。网页链接 ​,橙频道,2013-11-11 11:21
﻿果壳辟谣小贴士：流言：家用电子设备对人体辐射危害大。破解：多项研究表明，日常居住环境的电磁场下的暴露强度是非常小的。在各种情况下，家用电器周围的电磁场强度远远小于安全准则的限值。手机的射频电磁场强度比日常居住环境中的其他电器都要高，但也并未显示出有害健康的效应。 ​,HK_cloud,
﻿【每天多懂点儿环境健康知识】#不必谈“核”色变# 人每天都会接触到天然辐射（又称背景辐射）。人所经受的天然辐射总量远远大于来自核技术利用等人为活动的辐射量。辐射对人体造成危害的大小与辐射剂量有关，人们日常生活中可能会接触到的辐射剂量，远远低于对人体有害的剂量。 ​,江苏环保,2013-11-11 11:11
﻿#因为爱•生活#【孕妇需要穿防辐射服保护胎儿吗？】如今，防辐射服似乎成了孕妇的必需品。真相是，“孕妇防辐射服”完全没有必要！目前没有任何证据表明，日常非电离辐射会导致流产率、胎儿畸形率升高。你见过哪些炒作“日常电磁辐射有害健康”的防辐射服商家？网页链接 via @谣言粉碎机 ​,三力国际,
﻿《现代致癌的日用产品（三）》 - 大部份人都会认为，日常生活只有辐射和电磁波会直接影响着我们的健康，可是很多人都会忽略，日用品当中的有害化学物质，是更直接地威胁着我们的生命。这些毒素与空气和水源混合在一起，加上西药、食物添加剂、环境上的污染、工作间的化学毒素- |现代致癌的... ​,标杆快跑,2013-11-10 21:05
﻿"#免费WiFi辐射有害?法机构称无证据#法国国家卫生安全署15日说,现阶段,“没有证据表明”手机和WiFi等用品的电磁辐射对人体健康有“影响”。并在一篇新闻稿中说,实验室测试的一些证据显示,电磁辐射对人或动物的细胞产生可逆的“生物效应”,而这些“生物效应”日常生活中也会产生。网页链接 ​",netcore磊科官方,
﻿【孕妇需要穿防辐射服保护胎儿吗？】如今，防辐射服似乎成了孕妇的必需品。真相是，“孕妇防辐射服”完全没有必要！目前没有任何证据表明，日常非电离辐射会导致流产率、胎儿畸形率升高。你见过哪些炒作“日常电磁辐射有害健康”的防辐射服商家？网页链接 via谣言粉碎机 ​,江苏新闻,2013-11-10 15:31
﻿【孕妇需要穿防辐射服保护胎儿吗？】如今，防辐射服似乎成了孕妇的必需品。真相是，“孕妇防辐射服”完全没有必要！目前没有任何证据表明，日常非电离辐射会导致流产率、胎儿畸形率升高。你见过哪些炒作“日常电磁辐射有害健康”的防辐射服商家？来说说看吧：网页链接 via谣言粉碎机 ​,无锡发布,
﻿【孕妇需要穿防辐射服保护胎儿吗？】如今，防辐射服似乎成了孕妇的必需品。真相是，“孕妇防辐射服”完全没有必要！目前没有任何证据表明，日常非电离辐射会导致流产率、胎儿畸形率升高。你见过哪些炒作“日常电磁辐射有害健康”的防辐射服商家？来说说看吧 ​,平安绍兴铁路,2013-10-18 12:57
﻿【孕妇需要穿防辐射服保护胎儿吗？】如今，防辐射服似乎成了孕妇的必需品。真相是，“孕妇防辐射服”完全没有必要！目前没有任何证据表明，日常非电离辐射会导致流产率、胎儿畸形率升高。你见过哪些炒作“日常电磁辐射有害健康”的防辐射服商家 ​,我不是小怪人,新浪微群-浙江铁警
﻿#十大流行生活误区#【孕妇需要穿防辐射服保护胎儿吗？】如今，防辐射服似乎成了孕妇的必需品。真相是，“孕妇防辐射服”完全没有必要！目前没有任何证据表明，日常非电离辐射会导致流产率、胎儿畸形率升高。你见过哪些炒作“日常电磁辐射有害健康”的防辐射服商家？来说说看吧：网页链接 ​,谣言粉碎机,2013-10-18 09:09
﻿生活谣言5孕妇需要穿防辐射服保护胎儿 谣言：日常生活中手机、微波炉、电脑等各种电器产生大量有害的辐射，孕妇最好穿戴防辐射服。 真相：研究证实日常接触的各种电磁辐射并不会影响孕妇和胎儿的健康。 ​,天涯海阁阁主,
﻿【电磁辐射的标准是如何建立的，WHO告诉你】电磁安全暴露限制下，不会产生有害的健康效应，而且限值是在导致已知的健康影响的强度除以了50。所以，即使你遇到的电磁场强度比给出的限值高几倍，你的暴露仍然可以在安全范围内。在日常生活中的暴露值都是远远低于这些限值的。|电磁辐射的... ​,happy孟博,2013-10-17 20:45
﻿【电磁辐射的标准是如何建立的，WHO告诉你】电磁安全暴露限制下，不会产生有害的健康效应，而且限值是在导致已知的健康影响的强度除以了50。所以，即使你遇到的电磁场强度比给出的限值高几倍，你的暴露仍然可以在安全范围内。在日常生活中的暴露值都是远远低于这些限值的。|电磁辐射的... ​,谣言粉碎机,
﻿所有跟你扯日常生活中（医学检查除外）的辐射有害健康的都是在扯蛋，要么他傻，要么他怕你不够傻，随便啥跟坐飞机比起来屁都不是，要真怕，就别坐飞机了哈[挖鼻屎],朵爹泡爸,2013-10-15 14:00
﻿【辐射量与健康图解】#亚洲健康提醒#日常生活会担心辐射？经常吸烟会吸入过多辐射么？医学检查照CT会吸入辐射么？机场安检或照X光对身体有害么？福岛核电站泄漏对我们有没有影响？一张图回答有关辐射量的很多问题~ via医学美图 ​,亚洲制药,
﻿现在的一个女人想生一个健康的宝宝越来越难。原因1.食物越来越不安全，有害物质渐渐进入日常饮食。2.手机电脑等电子产品日益增多，运用也越来越广泛，随之而来的依赖导致辐射越来越严重，尤其女人从怀孕到生产过程。3.婚前性滥交，隐形妇科疾病带入生产过程，可能导致新生儿先天性畸形甚至严重疾病。 ​,小白白十八岁,2013-10-03 21:33
﻿【健康饮食】防污染抗辐射，在日常饮食中可以适当食用木耳、银耳、香菇等，能有效吸附有害放射物，促进毒物排泄，炒食、炖食均可；还可食用富含胶原蛋白的海参，它是很好的抗污染、抗辐射食品；特别要多吃红色、黄绿色果蔬。菠菜、白菜、芹菜、莴苣等绿叶类都可食用，也有一定的抗污染抗辐射作用。 ​,红酒之源,
﻿发表了博文 《烟台男科疾病》 - 烟台男科疾病  烟台男科疾病：在现代的人们日常接触的有害物质中，主要来自于化学工业造成的空气、水等环境污染，还有随处可见的各种辐射威胁人类的健康。男性的“生活标志 |烟台男科疾... ​,烟台中大肛肠,2013-10-03 20:22
﻿这个有意思 →_→【电磁辐射对健康有什么影响？】Albert_JIAO：现代人的生活每天都暴露在各种人造电磁场中，这样的暴露对人有健康危害吗？对孕妇会有影响吗？会增加癌症的风险吗？... （分享自 @果壳网）没有证据证明日常电器辐射会对人体造成有害的影响，放心使用手机电脑吧。 网页链接 ​,安祥地飞扬,
﻿#TT517de健康生活#【绿豆】绿豆性味甘、寒，对重金属以及各种食物中毒均有防治作用能加速有害物质在体内的代谢转化和向外排泄。因此，经常接触辐射等有害物质者，在日常饮食中尤应多吃绿豆汤、绿豆粥。 ​,TT517网,
﻿【对抗辐射 中医食疗进补齐上阵消灭健康威胁ad+newssc+org|cdjlyy|】对抗辐射最好的物质就是多糖，特别是食用菌多糖，日常饮食中可以适当食用木耳、银耳、香菇、杏鲍菇等。食用菌多糖可有效吸附有害放射物，促进毒物排泄。炒食、炖食均可... --发布到微刊《愉悦一生》http://t.cn/zYlDrsm ​,一往情深531,
﻿《日常生活中的辐射对人体有害吗？》网页链接 WHO总结了近三十年来的有关研究，认为现有证据并不能确定暴露在低强度的电磁场中会产生任何健康后果。也就是说，大量的研究表明，没有证据能够证明日常生活中遇到的那种低强度的电磁波会影响到人体健康。 ​,阿漆a7,2013-09-29 16:56
﻿日常生活中的电磁辐射是低强度的非电离辐射，并不会危害人体健康，可抵制基站的事件却层出不穷，远离基站反而更有害... 网页链接 ​,生命如火_30,
﻿人是非常怪的东西！烟和酒，一个明确说有害健康，要抽的照样抽；一个说没有不健康的物质，却不相信。一个离自己日常生活远的受到各类人关心，而离自己最近的桶瓶装矿泉水，塑料瓶装饮料的“塑化剂”却无人关心？本次“塑化剂”就是一次被人操纵的变型的“买盐巴防核辐射”事件！ 网页链接 ​,巴菲未都,2013-09-23 11:22
﻿【健康吃货】要抗污染、抗辐射，日常饮食中可以适当食用木耳、银耳、香菇等，他们能有效吸附有害放射物，促进毒物排泄，炒食、炖食均可；还可食用富含胶原蛋白的海参，它是很好的抗污染、抗辐射食品；特别要多吃红色、黄绿色果蔬。菠菜、白菜、芹菜、莴苣等绿叶类都可食用，也有一定的抗污染抗辐射作用 ​,中医健康养生,
﻿化的大气环境……不仅影响人类的生存环境，也对人类自身的健康造成了影响。活性炭在生活中的灵活运用，可以有效地吸附有害物质。据了解，活性炭的作用非常广泛，比较常用在保护书画、保存药品、净化水质、抵御辐射、日常用品等方面。 ​,科林威特,2013-08-24 22:03
﻿不利于健康的东西多的去了，就算是对健康有利的东西使用不恰当也是对健康有害的。 来自《专家发现：iPad也会危害男性健康》： 日常生活中，具有电磁辐射... 网页链接 ​,最後星光,2012-04-12 11:50
﻿查过了，新浪财经无此文章，仅转载有央视新闻报道防辐射服无效果，因日常辐射对人体危害甚微。并无指明防辐射服有害健康，此乃谣言//@JeriZhang涩女郎: //@经典心理学揭秘孕妇防辐射服的弥天大谎@揭秘震惊事件,陌上风焚静夜琴,
﻿手机已成为现代人日常生活中不可或缺的一件随身用品，然而手机辐射的问题却也一直困扰着人们关于手机辐射是否会威胁人类健康的争论从来没有停过，特别是手机辐射对大脑产生不良影响的说法更是让人担心不已解放军304医院神经外科主任医师李安民就曾指出，我可以肯定地说是有害的只是程度上的问题而已！ ​,莎莎_LS,
﻿迄今为止，电脑手机等日常辐射没有确证对健康有害~ ​,_影旋_,
﻿【辐射不是洪水猛兽】辐射无处不在，阳光就是一种辐射。迄今为止，电脑手机等日常辐射没有确证对健康有害。孕妇防辐射装防不了核辐射，也防不了它针对的那类电磁辐射。除了可以标识自己是孕妇，方便公交车上有人让座这个功能外，还可以糊弄老人的功能吧。如果没这需求，真没必要购买、穿着这种衣服。 ​,cz赏金猎人,2011-12-19 21:30
﻿#深夜读书#《健康流言终结者》，薄三郎著。可乐杀精？肥胖会传染？不吃早餐有害健康？科学松鼠会成员、医学博士薄三郎一一解答这些似是而非的流言。像仙人掌防辐射说，真相是：电磁辐射不会拐弯，想吸收辐射，必须在身体前后左右上下堆满仙人掌；而电脑辐射已被证实在日常使用时不会危及健康。 ​,KING国王V,
﻿#深夜读书#《健康流言终结者》，薄三郎著。可乐杀精？肥胖会传染？不吃早餐有害健康？科学松鼠会成员、医学博士薄三郎一一解答这些似是而非的流言。像仙人掌防辐射说，真相是：电磁辐射不会拐弯，想吸收辐射，必须在身体前后左右上下堆满仙人掌；而电脑辐射已被证实在日常使用时不会危及健康。 ​,透视人生11,2011-12-07 14:20
﻿《健康流言终结者》，薄三郎著。可乐杀精？肥胖会传染？不吃早餐有害健康？科学松鼠会成员、医学博士薄三郎一一解答这些似是而非的流言。像仙人掌防辐射说，真相是：电磁辐射不会拐弯，想吸收辐射，必须在身体前后左右上下堆满仙人掌；而电脑辐射已被证实在日常使用时不会危及健康。 ​,HilonChen,
﻿《健康流言终结者》，薄三郎著。可乐杀精？肥胖会传染？不吃早餐有害健康？科学松鼠会成员、医学博士薄三郎一一解答这些似是而非的流言。像仙人掌防辐射说，真相是：电磁辐射不会拐弯，想吸收辐射，必须在身体前后左右上下堆满仙人掌；而电脑辐射已被证实在日常使用时不会危及健康。 ​,唯美丶心语丶,2011-11-07 12:59
﻿《健康流言终结者》，薄三郎著。可乐杀精？肥胖会传染？不吃早餐有害健康？科学松鼠会成员、医学博士薄三郎一一解答这些似是而非的流言。像仙人掌防辐射说，真相是：电磁辐射不会拐弯，想吸收辐射，必须在身体前后左右上下堆满仙人掌；而电脑辐射已被证实在日常使用时不会危及健康。 ​,触碰心田,
﻿《健康流言终结者》，薄三郎著。可乐杀精？肥胖会传染？不吃早餐有害健康？科学松鼠会成员、医学博士薄三郎一一解答这些似是而非的流言。像仙人掌防辐射说，真相是：电磁辐射不会拐弯，想吸收辐射，必须在身体前后左右上下堆满仙人掌；而电脑辐射已被证实在日常使用时不会危及健康。 ​,杂志宴,2011-11-07 09:40
﻿《健康流言终结者》，薄三郎著。可乐杀精？肥胖会传染？不吃早餐有害健康？科学松鼠会成员、医学博士薄三郎一一解答这些似是而非的流言。像仙人掌防辐射说，真相是：电磁辐射不会拐弯，想吸收辐射，必须在身体前后左右上下堆满仙人掌；而电脑辐射已被证实在日常使用时不会危及健康。 ​,路过心田,
﻿《健康流言终结者》，薄三郎著。可乐杀精？肥胖会传染？不吃早餐有害健康？科学松鼠会成员、医学博士薄三郎一一解答这些似是而非的流言。像仙人掌防辐射说，真相是：电磁辐射不会拐弯，想吸收辐射，必须在身体前后左右上下堆满仙人掌；而电脑辐射已被证实在日常使用时不会危及健康。 ​,走过丶心上,2011-09-06 00:04
﻿《健康流言终结者》，薄三郎著。可乐杀精？肥胖会传染？不吃早餐有害健康？科学松鼠会成员、医学博士薄三郎一一解答这些似是而非的流言。像仙人掌防辐射说，真相是：电磁辐射不会拐弯，想吸收辐射，必须在身体前后左右上下堆满仙人掌；而电脑辐射已被证实在日常使用时不会危及健康。 ​,柔情句子,
﻿《健康流言终结者》，薄三郎著。可乐杀精？肥胖会传染？不吃早餐有害健康？科学松鼠会成员、医学博士薄三郎一一解答这些似是而非的流言。像仙人掌防辐射说，真相是：电磁辐射不会拐弯，想吸收辐射，必须在身体前后左右上下堆满仙人掌；而电脑辐射已被证实在日常使用时不会危及健康。 ​,至至街角,2011-09-04 22:45
﻿《健康流言终结者》，薄三郎著。可乐杀精？肥胖会传染？不吃早餐有害健康？科学松鼠会成员、医学博士薄三郎一一解答这些似是而非的流言。像仙人掌防辐射说，真相是：电磁辐射不会拐弯，想吸收辐射，必须在身体前后左右上下堆满仙人掌；而电脑辐射已被证实在日常使用时不会危及健康。 ​,杂志本,
﻿《健康流言终结者》，薄三郎著。可乐杀精？肥胖会传染？不吃早餐有害健康？科学松鼠会成员、医学博士薄三郎一一解答这些似是而非的流言。像仙人掌防辐射说，真相是：电磁辐射不会拐弯，想吸收辐射，必须在身体前后左右上下堆满仙人掌；而电脑辐射已被证实在日常使用时不会危及健康。 ​,罪魅,2011-09-04 22:45
﻿#深夜读书#《健康流言终结者》，薄三郎著。可乐杀精？肥胖会传染？不吃早餐有害健康？科学松鼠会成员、医学博士薄三郎一一解答这些似是而非的流言。像仙人掌防辐射说，真相是：电磁辐射不会拐弯，想吸收辐射，必须在身体前后左右上下堆满仙人掌；而电脑辐射已被证实在日常使用时不会危及健康。 ​,新周刊,
﻿#菠菜#中国疾控中心辐射防护与核安全所长苏旭表示，辐射的蔬菜含量极微量，清洗后食用不会影响公众健康。因此蔬菜多洗几遍，或者将菜叶放在水中浸泡10分钟，可有效减少蔬菜表面的放射性物质。在日常饮食中可以适当食用木耳、香菇等，这些食物还有食用菌多糖可有效吸附有害放射物，促进毒物排泄。 ​,嗳呵聪明妈妈嗳自然,2011-09-04 22:45
﻿健康忠告：孕妇多穿防辐射服更有害无利！生一个健康可爱的小宝宝是每个准妈妈的最大心愿，为了防止过多吸收日常生活中的辐射，穿孕妇防辐射服成为了她们的首选，然而妇产专家表示，整天把自己捂在防辐射服里并不是明智之举。网页链接 ​,little-梅花-er,
﻿【辐射有害健康，请大家注意预防】：我们日常生活中，处处都充斥着辐射：辐射指数*****的有：X射线和电热毯；****的有：微波炉和电吹风；***的有：电脑；**的有：手机和电视机；*的有：鼠标键盘、打印机、复印机和安检。专家提醒大家注意预防，最好的办法就是少用和远离含辐射的家电。 ​,七月流星雨714,2011-09-04 22:26
﻿【不要向“心口”撒盐】惊爆！专家疾呼多吃盐有害心脏健康：日本地震、核辐射扩散引起恐慌 ，国内民众疯狂抢盐；心胸专家疾呼，请市民不要过多食盐，过多食盐容易导致或加重心脏病、心血管病，尤其是老人、孕妇、儿童更应该严格控制日常食盐数量！了解专题详情：网页链接 ​,120xin爱心网,
﻿食盐也会被哄抢一空，无语。。。日常摄入量，就那么一点点，怎么可能会防辐射呢？！过量还会有害健康，再再超标的话，也许就直接变身飞走了，飞得远远的，也就不必害怕核辐射了。 ​,蟹子bobo,2011-04-12 18:31
﻿电磁炉是比较新颖的家电，许多消费者关心它在使用过程中到底会不会有电磁辐射，会不会有损人体健康呢？。。据有关专家介绍，在人们日常生活中，几乎所有的电器都有辐射，譬如家中的电视机、日光灯等普通家电。判断其对人体是否有害，关键要看幅射频率的高低。（2 ​,小家电内行人,
﻿辐射对胎儿有害的观点，很大程度上来自一项被误读的研究。事实上没有任何证据表明日常生活中的电磁辐射有害健康。还有一些“防辐射食谱”认为多吃香蕉可以防辐射，殊不知香蕉本身就有微量的放射性物质。【瘦驼：孕妇要不要穿“防辐射服”】 网页链接 ​,拇姬,2011-03-25 14:51
