发表了博文《男人这些东西吃对了让你变“牛郎”吃错了就秒变“软脚虾”》男人这些东西吃对了让你变“牛郎”吃错了就秒变“软脚虾”一、与山药相克的食物：1，山药不能和虾通吃，虾属于海产品，两者同吃容易引起腹泻|男人这些东... ​,美食街的玫瑰v,2017-05-21 08:57
﻿伤了 真不敢再吃海鲜了绞着胀气疼 难道是跟一点点相克 食物中毒吗 ​,_雞叽唧叽吉,
﻿"五行中的«火» 　　属火的时令：夏季。　　属火的器官：心、小肠、舌　　属火的情志：喜　　属火的味道：苦味　　属火的食物：赤色食品。心属火，这时候容易上火，心绪不宁，心跳加快，给心脏增加负担，所以夏季最重要的是养心。除了多吃养心食物之外，根据五行相克原理，肾克制心火，冬季好好补 ​
			...展开全文c",灵魂有香气Di女子,2017-05-20 23:22
﻿发表了博文《男人这些东西吃对了让你变“牛郎”吃错了就秒变“软脚虾”》男人这些东西吃对了让你变“牛郎”吃错了就秒变“软脚虾”一、与山药相克的食物：1，山药不能和虾通吃，虾属于海产品，两者同吃容易引起腹泻|男人这些东... ​,美食街的玫瑰v,
﻿我觉得吃江苏人比较好，补脑子，但是一定要注意不能混着吃，食物可能相克,itsnoneofyourbusinessaha,2017-05-20 18:13
﻿发表了博文《男人这些东西吃对了让你变“牛郎”吃错了就秒变“软脚虾”》男人这些东西吃对了让你变“牛郎”吃错了就秒变“软脚虾”一、与山药相克的食物：1，山药不能和虾通吃，虾属于海产品，两者同吃容易引起腹泻|男人这些东... ​,美食街的玫瑰v,
﻿【与葡萄酒相克的食物】1、酸：几乎所有酸味很浓的菜肴都比较难和美酒相配；2、洋蓟，奇怪的味道让酒有金属味；3、芦笋：同洋蓟；4、蛋黄：柔软的蛋黄会覆盖并束缚住口腔，使味蕾变得无助迟钝，可以在品酒前来点面包清理一下味觉；5、巧克力，同蛋黄；6、熏鱼；7、薄荷；8、香料 ​,康圩健康商城,2017-05-20 16:34
﻿食物相克说被医学界和营养学界否认，有关实验未能证明有相克效果。我交流过的中医专家也大多不同意“食物相克”，认为只有“药物相反”。有些说法是古人以讹传讹，比如“芝麻+鸡肉致死”；有的是胃肠功能不良者需要注意，比如“螃蟹和柿子致腹痛”，但并不是适用于所有人的铁律。​​​​//@user12345:,中国科普博览,
﻿昨晚吃了相克的食物，半夜起来吐的要死 ​,祥子0606,
﻿发表了博文《7种食物与鸡蛋相克，同吃有中毒的危险！》7种食物与鸡蛋相克，同吃有中毒的危险！1.鸡蛋与柿子相克与鸡蛋同食，轻则食物中毒，导致上吐、下泻、腹痛，重则会导致急性肠胃炎或肺结石。2.鸡蛋与菠萝|7种食物与... ​,北京董老师,2017-05-20 15:27
﻿东霸天噗【食物相生相克表】每个人都应该保存一份，知道有些食物之间的搭配会有什么作用吗？有相克的，也有相生的，给大家详细的分析 ? ​,龙井商务,
﻿#喝健康蜜# 喝蜂蜜讲究适量，同时注意禁忌相克食物，蜂蜜+葱=腹泻 |湖北省·恩... ​,农哈哈-无为,2017-05-19 19:04
﻿绿豆汤和什么不能一起吃 6种食物与绿豆汤相克_饮食禁忌_饮食指南 网页链接 ​,岚心mm19840903,
﻿好多人相信的食物“相克”的说法，来源是东汉张仲景的《金匮要略》，该书提到48对食物不能放在一起吃，如螃蟹与柿子、葱与蜂蜜、甲鱼与苋菜等。对其真实效果，完全可以实验检验。//@开水族馆的生物男:表示右边的饮料味道还行//@折翼丛林:转发微博 网页链接,章晓华微博,2017-05-19 16:03
﻿亲，吃海参，一定要注意哈，有一些食物和海参是相克的，千万要注意了。 ​,小慢De海参店,
﻿食物的相生与相克表，搭配吃的时候要注意哦！ ​,和秋天的枫叶,
﻿"49.自然有成长，是事物磨合，可磨成啥样?汉语解释:磨是摩擦，是阻碍，是一种粉碎粮食的工具。实践认知:磨是接触后遇到阻碍才发生摩擦、挤压的现象。有形的磨，是人为制造的石磨，把食物由大磨小，由小磨粉。无形的磨，是自然折磨，把碰撞的事物由冲突磨到平和，由相克磨到相生，磨成结构平衡循环的系统 ​
			...展开全文c",梦蕊1964,
﻿#吃货神吐槽# 在专家眼里，任何两种食物都能相克。这是不科学的，我们多力的油和每种美食都相生。 ​,多力生活家,2017-05-19 15:58
﻿"洋葱是大众化食物,日常生活中我们经常吃洋葱,洋葱的养生功效多多,吃法多样,可做主菜也可做配菜。但一些食物和洋葱相克,是不能一起吃的,要注意了。那么,洋葱不能和什么一起吃呢?一起来看看吧。洋葱中的硫化物具有抗血栓功效,有助于防止不必要的血小板凝结。多项研究证实,适当食用洋葱可降低肠癌、喉癌和 ​
			...展开全文c",太岁199302,
﻿背部不那么疼了，胸口还难受，我一直觉得那是心口，但医生按着那地方，非说那是胃，问我晚上吃了什么。难道我食物中毒了！不小心吃了两种相克的东西。那也许是晚上睡觉压迫到那里了。 |郑州·河南... ​,请勿扰谢谢13689,2017-05-19 10:20
﻿食物的相生与相克表，搭配吃的时候要注意哦！ ​,宁茗_,2017-05-13 23:27
﻿食物的相生与相克表，搭配吃的时候要注意哦！ ​,酷拉拉066偌伯,
﻿"洋葱是大众化食物,日常生活中我们经常吃洋葱,洋葱的养生功效多多,吃法多样,可做主菜也可做配菜。但一些食物和洋葱相克,是不能一起吃的,要注意了。那么,洋葱不能和什么一起吃呢?一起来看看吧。洋葱中的硫化物具有抗血栓功效,有助于防止不必要的血小板凝结。多项研究证实,适当食用洋葱可降低肠癌、喉癌和 ​
			...展开全文c",小小随行笔记,2017-05-13 23:09
﻿【生活百科】食物的相生与相克表，搭配吃的时候要注意哦！ ​,义妃赐彦鼎卫,
﻿"【民间的“食物相克”基本都是谣言，你转发过吗】#食安在线网#朋友圈有一种谣言“经久不息”，那就是——食物相克，被称为中国历史上流传最久的食品谣言。关于食物“相克”的传说，最流行的就是螃蟹不能与柿子同吃，花生不能与黄瓜同吃，大葱不能与蜂蜜同吃，红薯不能与香蕉同吃，绿豆不能与狗肉同吃 ​
			...展开全文c",食品安全刘红兵,2017-05-13 19:41
﻿鸡蛋营养虽多也有禁忌 与鸡蛋搭配会相克的食物 [一点资讯] |鸡蛋营养虽... ​,大家庭人,
﻿【生活百科】食物的相生与相克表，搭配吃的时候要注意哦！ ​,椰下客QQ178972392敬,2017-05-13 18:24
﻿haha66【生活百科】食物的相生与相克表，搭配吃的时候要注意哦！ ​,吃西瓜的鱼的微博fo,
﻿食物有相生，亦有相克，牢牢记住其相克的食物，才能更好的发挥食物的补益作用 网页链接 ​,手机用户3091653050,2017-05-12 23:31
﻿"【""养生""茶也有禁忌 十种不能与茶同食的食物需注意】　　众所周知,饮茶对人体有一定的益处。但是茶虽好,也有一些饮食禁忌需要注意,否则同时进食与茶相克的食物会适得其反。|""养生... ​",团花健康e家,
﻿【食物相克同吃中毒是真的吗？别让这些“忽悠”带你走入误区】近年来，关于“食物相克”的书籍一直不断涌现，销量也都不错，其中的很多说法让人很惊讶，例如，我们经常吃菠菜豆腐汤，但菠菜和豆腐就是两种相克的食物|食物相克同... ​,一叶迦南2017,2017-05-12 20:29
﻿【蚕豆不能和什么一起吃？哪些人不能吃蚕豆 、你应该了解】蚕豆不能和什么同食？春天的新鲜蚕豆，嫩绿清香，美味可口。但是，吃蚕豆也有很多注意事项，来看看和蚕豆相克的食物吧。|蚕豆不能和... ​,豆糕妈妈的微博,
﻿【生活百科】食物的相生与相克表，搭配吃的时候要注意哦！ ​,女人别太卑微怡慎,2017-05-12 19:43
﻿【生活百科】食物的相生与相克表，搭配吃的时候要注意哦！ ​,柠小檬lemon赫轮,
﻿"与葡萄酒相克的食物有哪些？ 同葡萄酒相克的食物是非常少的，几乎没有，但是必须要注意的是，在饮用葡萄酒时最好不要同腌制的腊鱼腊肉等搭配，咸鱼、香肠、腊肉等熏腊食品含有大量色素、亚硝酸盐和亚硝胺，大部分亚硝酸盐会被排除到人体外，但是仍然有部分会转化为亚硝胺留在人体，同时，熏腊食品本身 ​
			...展开全文c",指间的永恒1209,2017-05-12 18:01
﻿"与葡萄酒相克的食物有哪些？ 同葡萄酒相克的食物是非常少的，几乎没有，但是必须要注意的是，在饮用葡萄酒时最好不要同腌制的腊鱼腊肉等搭配，咸鱼、香肠、腊肉等熏腊食品含有大量色素、亚硝酸盐和亚硝胺，大部分亚硝酸盐会被排除到人体外，但是仍然有部分会转化为亚硝胺留在人体，同时，熏腊食品本身 ​
			...展开全文c",指间的永恒1209,
﻿食物的相生与相克表，搭配吃的时候要注意哦！ ​,蔡锦熙娟弈曼,2017-05-12 15:57
﻿"吃些食物的混搭有时候是有很多应用价值的，但是有些可能是致命的，因此选择需要谨慎以及安全。那么什么菜不能搭配食用呢？吃货对于能够将所有事物一起食用是件美事，但是不能随意的搭配，因为有些食材搭配是会致命的哦！每种食材都有不同的功效和效果，但是也会出现相克情况，因此什么菜不能搭配要认真 ​
			...展开全文c",ogh欧式几何,
﻿与海参相克的食物……,刘濛遥SUKI,2017-05-12 15:50
﻿"服用西洋参五注意1、西洋参不能和萝卜一起服用。因为西洋参是补气(温补元气)，白萝卜是泄气的(清凉，清热解毒等作用)，两种食物是自相矛盾的，不但从营养的角度来讲不能吃，而且这两种食物是相克的，容易造成过敏反应甚至中毒，而且从中医的药理上来说，白萝卜不光不能和西洋参一起吃，和许多补品都 ​
			...展开全文c",成建中医,2017-05-11 19:07
﻿【食物相克同吃中毒是真的吗？别让这些“忽悠”带你走入误区】近年来，关于“食物相克”的书籍一直不断涌现，销量也都不错，其中的很多说法让人很惊讶，例如，我们经常吃菠菜豆腐汤，但菠菜和豆腐就是两种相克的食物|食物相克同... ​,世纳国际健康三宝,
﻿那些被错认为相克的食物|【给真锅】... ​,大理电视台身边栏目,2017-05-11 18:46
﻿路上，就接到了署长的电话，唐越泽大喜，看向陆谨轩，“大少爷！结果出来了……是因为食物和药性相克！署长出面沟通，那边签过字了，现在可以把人接出来！”----7432997 ​,loves36_9,
﻿【五种与茶相克的食物！】1.茶与羊肉：羊肉中丰富的蛋白质能同茶叶中的鞣酸“联姻”，生成一种叫探酸蛋白质的物质，容易发生便秘；2.茶和白糖：人们饮茶的目的就是促使消化液分泌，以增强消化机能，再就是清热解毒。如果茶中加糖，就会抑制这种功能；3.茶与鸡蛋；4.吃狗肉后忌喝茶网页链接 ​,大红袍产业网,2017-05-11 18:29
﻿【孩子吃鸡肉需避开六种食物】】1、鸡肉与鲤鱼：鸡肉甘温，鲤鱼甘平。2、鸡肉与李子相克，食则拉痢。3、鸡肉与菊花相克。4、鸡肉与芝麻相克：同食严重会导致死亡。5、鸡肉与芥末：这两种食物同食会伤元气。芥末是热性之物，鸡属温补之品。6、鸡肉与狗肾相克：会引起痢疾。 ​,孑然一身3478682140,
﻿【食物相生相克表】每个人都应该保存一份，知道有些食物之间的搭配会有什么作用吗？有相克的，也有相生的，给大家详细的分析 ​,健身养生的日常,2017-05-11 16:49
﻿haha66【生活百科】食物的相生与相克表，搭配吃的时候要注意哦！ ​,陈姿梦1,
﻿【生活百科】食物的相生与相克表，搭配吃的时候要注意哦！ ​,深兰悟语郝zp,2017-05-11 09:38
﻿发表了博文《酸奶不能和什么一起吃四种相克食物》美食天下菜谱导读：酸奶不能和什么一起吃？酸奶不是百搭的美食，一些食物与酸奶相克，同食会致病。那么酸奶不能和什么一起吃呢？有四种食物不能和酸奶一起吃，它们是|酸奶不能和... ​,每天每味,
﻿猪肉之食物相克  1、猪肉与豆类相克：形成腹胀、气壅、气滞。　　2、猪肉与菊花相克：同食严重会导致死亡。　　3、猪肉与羊肝相克：共烹炒易产生怪味。　　4、猪肉与田螺相克：二物同属凉性，且滋腻易伤肠胃。　　5、猪肉与茶相克：同食易产生便秘; ​​​​,美到哪网,2017-05-11 09:01
﻿食物的相生与相克表，搭配吃的时候要注意哦！ ​,amy142乃轩,
﻿食物的相生与相克表，搭配吃的时候要注意哦！ ​,XZ4藏,2017-05-11 01:50
﻿"生肖狗2017年害太岁，害指陷害、危害，相害的程度，**低于相冲。生肖狗2017年易遭遇别人陷害、朋友出卖、合作破财、食物中毒、自身或亲朋有病灾、被误导损失、投诉等事。　　5、出生年份数字最后带1的，相克太岁我说的这个犯太岁和很多的不一样，不一样在于多了这一点，那就是在2017年鸡年里面，但凡 ​
			...展开全文c",陈静儿,
﻿知道了点菜新鲜的秘诀房地产的发展关键跟家人相处之道食物互补相克的关系，and more ​,你说今天天气好不好,2017-05-10 22:32
﻿所谓的“食物相克”有必要在循证医学的条件下才干够下结论。日子中发作食物相克乃至致人逝世的说法很或许是偶然偶然致使耳食之言，或是食物污染中毒，或是一些人的格外体质发作食物过敏，并非食物天然生成“相克”。 ​,易雪-暗送秋波,
﻿【生活百科】食物的相生与相克表，搭配吃的时候要注意哦！ ​,汪渝阿阿阿阿诚雪,2017-05-10 21:47
﻿所谓的“食物相克”必须在循证医学的前提下才可以下结论。生活中产生食物相克甚至致人死亡的说法很可能是偶然巧合导致以讹传讹，或是食物污染中毒，或是一些人的特殊体质产生食物过敏，并非食物天生“相克”。 ​,塌期待娄庭采因,
﻿【生活百科】食物的相生与相克表，搭配吃的时候要注意哦！ ​,肥麦肥麦炯介5d,2017-05-09 15:53
﻿发表了博文《与鸡蛋相克的5种食物》鸡蛋的营养价值很高，吃鸡蛋的好处也不少，那么鸡蛋不能和什么一起吃呢？1、吃完鸡蛋后不要立即吃糖鸡蛋不可以跟味精一起煮，相信很多主妇都已经知晓。但是你可能不知道，鸡蛋不|与鸡蛋相克... ​,鸡蛋产业网,
﻿haha66【生活百科】食物的相生与相克表，搭配吃的时候要注意哦！ ​,王罗郴537,2017-05-09 15:35
﻿【食物相生相克表】每个人都应该保存一份，知道有些食物之间的搭配会有什么作用吗？有相克的，也有相生的，给大家详细的分析 ​,健康养生小常识,
﻿食物的相生与相克表，搭配吃的时候要注意哦！ ​,我不是忧郁的鱼致茗具,2017-05-09 14:39
﻿居然不小心就吃到相克的食物,Da曾曾2017,
﻿haha66【生活百科】食物的相生与相克表，搭配吃的时候要注意哦！ ​,淡淡的2Byq,2017-05-09 14:00
﻿食物的相生与相克表，搭配吃的时候要注意哦！ ​,悠然瑰佳,
﻿haha66【生活百科】食物的相生与相克表，搭配吃的时候要注意哦！ ​,泓333斗,2017-05-09 07:31
﻿发表了一篇转载博文《[转载]食物会“相克”吗？》|[转载]食物... ​,黔山何处,
﻿26、必须知道的鸡肉与食物的相克和搭配： 必须知道的鸡肉与食物的相克和搭配 现代营养学主张，少吃红肉多吃白肉。所以鸡肉越来越多出现在人们的餐桌上。但是，如果没有掌握鸡肉与食物的相克，有...文字版>> 网页链接 （新浪长微博>> |还在为微博...） ​,A凡奇,
﻿发表了博文《26、必须知道的鸡肉与食物的相克和搭配》必须知道的鸡肉与食物的相克和搭配现代营养学主张，少吃红肉多吃白肉。所以鸡肉越来越多出现在人们的餐桌上。但是，如果没有掌握鸡肉与食物的相克，有可能给我|26、必须知... ​,A凡奇,
﻿食物的相生与相克表，搭配吃的时候要注意哦！ ​,汏羙亾涧鑫,2017-05-08 22:31
﻿【告诉家里做饭的人，不能与山药同时吃的食物，不小心就中招】我们都知道山药是一种非常滋补的食物，适合男女老少食用，但食物有相生，亦有相克，有些食物却不能和山药同时食用，轻者影响两者的营养价值，重者会引起|告诉家里做... ​,光和健康养颜秘宝,
﻿【食物相生相克表】每个人都应该保存一份，知道有些食物之间的搭配会有什么作用吗？有相克的，也有相生的，给大家详细的分析 ​ ​​​​,耿记堂传统养生,2017-05-08 19:47
﻿食物的相生与相克表，搭配吃的时候要注意哦！ ​,用户5995201745,
﻿"蝎子的功效与作用,营养价值,成分,相克的食物,禁忌 网页链接 ​",正义人生201605,2017-05-07 21:30
﻿食物的相生与相克表，搭配吃的时候要注意哦！ ​,jackySAMA环介纯,
﻿"和香蕉相克的食物, 切记!网页链接 ​",hello完美舞步,2017-05-07 20:41
﻿"和香蕉相克的食物, 切记! 网页链接 ​",AAAA青春21104,
﻿【食物相生相克表】每个人都应该保存一份，知道有些食物之间的搭配会有什么作用吗？有相克的，也有相生的，给大家详细的分析 ​,健身养生的日常,2017-05-07 17:42
﻿食物相克的说法存在已久，有些说法是相克的食物一起吃会中毒。所以有些东西我 网页链接 ​,龙观连的大学生活很精彩,
﻿食物的相生与相克表，搭配吃的时候要注意哦！ ​,和食稲荷x_8y_79s,2017-05-07 16:52
﻿正版 食物相宜相克图书 图解饮食相宜相克速查书 食物相生相克书 全彩图 饮食搭配书籍 养生饮食禁忌大全家庭医生养生保健书籍编辑推荐知名保健医师胡维勤科学指导饮食，帮你规避饮食误区，越吃越健康针对不同人 网页链接 |广州·怡乐... ​,天一6082301901,
﻿【黄瓜和番茄相克，你被食物相克骗了多少年】|黄瓜和番茄... ​,好运姐姐健康指南,2017-05-07 09:04
﻿【黄瓜和番茄相克，你被食物相克骗了多少年】关于食物“相克”的传说，最流行的就是螃蟹不能与柿子同吃，花生不能与黄瓜同吃，大葱不能与蜂蜜同吃，红薯不能与香蕉同吃，绿豆不能与狗肉同吃，松花蛋不能与糖同吃等，|黄瓜和番茄... ​,食补秘方平台,
﻿正版 食物相宜相克图书 图解饮食相宜相克速查书 食物相生相克书 全彩图 饮食搭配书籍 养生饮食禁忌大全家庭医生养生保健书籍编辑推荐知名保健医师胡维勤科学指导饮食，帮你规避饮食误区，越吃越健康针对不同人 网页链接 |广州·怡乐... ​,天一6082301901,2017-05-06 20:45
﻿卧槽 我和辣的食物天生相克吧，一边看通灵之战第16季一边吃螺蛳粉，结果被辣椒油呛到差点就狗带了，平时吃点辣的肚子胸口手就开始发麻拒绝辣椒 ​,我不懂我的狗,
﻿其实有些食物搭配的话，也要注意一下，因为有些食物搭配在一起会相克！会影响健康！❤//@GEM鄧紫棋:因為巡演開始了，所以要吃得健康點。哈哈哈哈！真的很不錯，這個吃法健康又好吃！！！！我太聰明了，這都能想出來！！！,L莫道不消魂,2017-05-06 15:15
﻿食物还相克呢，“传统”观念深入人心,坏牧羊人Charlson,
﻿食物的相生与相克表，搭配吃的时候要注意哦！ ​,诸神星空庭,2017-05-06 12:52
﻿haha66【生活百科】食物的相生与相克表，搭配吃的时候要注意哦！ ​,C小妞er5,2017-05-05 22:31
﻿"还这样辟谣的： 自己经常做一桌子的，怎么说我不管家务事呢！？介绍一下竹荪排骨大枣汤抗癌防癌减肥，降血脂的，松花蛋不多说了，清炒茄子丝，西红柿炒鸡蛋～至于食疗茶疗需要合理搭配啊～注意食物相声相克，吃好喝好休息好！就是好日子吗～一上午洗涮啊辛苦啊！风起兮，注意风干勿躁～洗涮后的湿气， ​
			...展开全文c",王静曾用笔名冰儿,
﻿"与葡萄酒相克的食物有哪些？ 同葡萄酒相克的食物是非常少的，几乎没有，但是必须要注意的是，在饮用葡萄酒时最好不要同腌制的腊鱼腊肉等搭配，咸鱼、香肠、腊肉等熏腊食品含有大量色素、亚硝酸盐和亚硝胺，大部分亚硝酸盐会被排除到人体外，但是仍然有部分会转化为亚硝胺留在人体，同时，熏腊食品本身 ​
			...展开全文c",指间的永恒1209,2017-05-05 15:01
﻿食物的相生与相克表，搭配吃的时候要注意哦！ ​,小淘淘peach治宏,
﻿"【与葡萄酒相克的食物】1、酸：几乎所有酸味很浓的菜肴都比较难和美酒相配；2、洋蓟，奇怪的味道让酒有金属味；3、芦笋：同洋蓟；4、蛋黄：柔软的蛋黄会覆盖并束缚住口腔，使味蕾变得无助迟钝，可以在品酒前来点面包清理一下味觉；5、巧克力，同蛋黄；6、熏鱼；7、薄荷；8、香料。 ​​​​
			...展开全文c",世界酒文化精选,2017-05-05 11:40
﻿【生活百科】食物的相生与相克表，搭配吃的时候要注意哦！ ​,便便elaine俊,
﻿食物相宜相克APP ​,MayFlowerForever1,2017-05-05 11:34
﻿【生活百科】食物的相生与相克表，搭配吃的时候要注意哦！ ​,仲辉娣庸盛,
﻿牛肉相克相生-食物相克大全-中草药网 网页链接 ​,156d89,2017-05-05 08:56
﻿"吃不下。不干活。抠。想象力。追求平衡。小气不好意思。买买买。吃吃吃。疼。有福有人疼。大气疼爱。小气排斥不包容。食物同食相克谣言专家谣传传说，各种胡说八道，辟谣科学理性判断。为孩子为自己，享受，想开。拉呱。自我享受做自己。馋留让舍疼吃。看着自己的孩子好。就知道省钱会过。喜欢和妈妈一 ​
			...展开全文c",心语私念,
﻿鸡蛋与豆浆相克  大豆中的确含有不利于蛋白质消化吸收的物质，但豆浆充分煮开后，这种物质就被破坏了，不会再抑制蛋白质消化吸收。  这种物质如果没有被破坏，那也不会专门针对鸡蛋，而是影响所有食物蛋白质，包括豆浆本身含有的蛋白质。,百年非遗世家壶山林氏,2017-05-05 04:52
﻿《食物“相克”“黑”名单，记住这些，才能吃得更健康》食物“相克”“黑”名单，记住这些，才能吃得更健康 网页链接 ​,时尚厨娘aaa_26577,
﻿食物相克的说法存在已久，有些说法是相克的食物一起吃会中毒。所以有些东西我 网页链接 ​,若楠婉曦,2017-05-04 21:28
﻿所谓的“食物相克”必须在循证医学的前提下才可以下结论。生活中产生食物相克甚至致人死亡的说法很可能是偶然巧合导致以讹传讹，或是食物污染中毒，或是一些人的特殊体质产生食物过敏，并非食物天生“相克”。 |济南·金色... ​,生野坦脖惊,
﻿【每个人都应该保存一份】知道有些食物之间的搭配会有什么作用吗？有相克的，也有相生的。 ​,素食养生,2017-05-04 20:01
﻿食物的相生与相克表，搭配吃的时候要注意哦！ ​,娇娇美妞经,
﻿食物的相生与相克表，搭配吃的时候要注意哦！ ​,贵_dw,2017-05-03 23:15
﻿"上了食品安全才发现原来绝味的毛豆就是黄豆给大家安利一些和黄豆相克的食物洋葱+黄豆：会降低钙吸收菠菜+黄豆：会影响钙的消化吸收核桃+黄豆：会引起腹胀、消化不良虾皮+黄豆：会影响钙的消化吸收芹菜+黄豆：降低铁的吸收酸奶+黄豆：酸牛奶含丰富的钙质，黄豆所含的化学成份影响钙的消化吸收 ​
			...展开全文c",匕禾Paga,
﻿鸡蛋一直有“全营养食品”的美称。然而你是否知道有关吃鸡蛋的知识和与鸡蛋相克的食物：1、吃完鸡蛋后不要立即吃糖2、吃完鸡蛋后不要立即吃鳖肉3、吃完鸡蛋后不要立即吃柿子4、吃完鸡蛋后不要立即吃鹅肉、兔肉5、吃完鸡蛋后不要立即喝豆浆。这些都会损坏鸡蛋的营养价值，对人体造成损害。 ​@闫绪先森 ​,Amyan木每子,2017-05-03 23:06
﻿// #QQ看点#【食物“相克”“黑”名单，记住这些，才能吃得更健康】世间万物相生相克，古人能得出这么伟大的定论是值得敬佩的，在我......网页链接 ​,zyl行走的z,
﻿凉的东西相克，对甜品油炸高热量食物过敏，嗯嗯，以后约饭做那个胃最小的girl好么 ​,6002de蓝熙水瓶,2017-05-03 23:05
﻿食物的相生与相克表，搭配吃的时候要注意哦！ ​,辛德瑞拉heechul浩仲约,
﻿【生活百科】食物的相生与相克表，搭配吃的时候要注意哦！ ​,巴黎贝甜设计馆毅健莲,2017-05-03 21:37
﻿食物相克的说法存在已久，有些说法是相克的食物一起吃会中毒。所以有些东西我 网页链接 ​,燕子5982537197,
﻿食物有相生，亦有相克，牢牢记住其相克的食物，才能更好的发挥食物的补益作用 网页链接 ​,风华正茂6888V5,2017-05-03 19:13
﻿食物的相生与相克表，搭配吃的时候要注意哦！ ​,林荫大道DW知冠,
﻿【食物相生相克表】每个人都应该保存一份，知道有些食物之间的搭配会有什么作用吗？有相克的，也有相生的，给大家详细的分析 ​ ​​​​,耿记堂传统养生,2017-05-03 17:30
﻿【生活百科】食物的相生与相克表，搭配吃的时候要注意哦！ ​,小枫L音,
﻿吃了相克的食物反应还这么快蓝瘦 香菇 ​,你是我最幸运的遇见,2017-05-03 17:11
﻿食物的相生与相克表，搭配吃的时候要注意哦！ ​,李滙敏llyra芙,
﻿食物相宜相克大全，很不错的东西，不收藏以后找不到了 ​,挖白菜总动员,2017-05-03 13:31
﻿相克的食物大家注意了也转发一下让身边的朋友也知道一下。 ​,HMF妮子,
﻿芒果不能和什么一起吃，芒果和什么相克 - 食物相克大全 网页链接 ​,小晓燕小小Yan,2017-05-03 12:40
﻿【生活百科】食物的相生与相克表，搭配吃的时候要注意哦！ ​,青少年心理学锦旗和,
﻿食物的相生与相克表，搭配吃的时候要注意哦！ ​,寻梦的缺口和伯,2017-05-03 08:02
﻿【生活百科】食物的相生与相克表，搭配吃的时候要注意哦！ ​,徐德聚秋,2017-05-01 22:08
﻿【生活百科】食物的相生与相克表，搭配吃的时候要注意哦！ ​,搞笑乐园天下事眺,
﻿#食物相克#1.马铃薯和香蕉同食面部会生斑。2.胡萝卜与醋同食会破坏胡萝卜素。3.汽水和辛辣食物会使萎缩性胃炎病人胃脘疼痛。4.河虾和番茄同食容易食物中毒。 ​,抹茶美人官微,2017-05-01 21:49
﻿【生活百科】食物的相生与相克表，搭配吃的时候要注意哦！ ​,xiaxinyj0,
﻿【生活百科】食物的相生与相克表，搭配吃的时候要注意哦！ ​,安东田田,2017-05-01 13:00
﻿食物有相生，亦有相克，牢牢记住其相克的食物，才能更好的发挥食物的补益作用 网页链接 ​,小菊46077,
﻿发表了博文《男人这些东西吃对了让你变“牛郎”吃错了就秒变“软脚虾”》男人这些东西吃对了让你变“牛郎”吃错了就秒变“软脚虾”一、与山药相克的食物：1，山药不能和虾通吃，虾属于海产品，两者同吃容易引起腹泻|男人这些东... ​,美食街的玫瑰v,2017-05-01 12:44
﻿mmm4560【生活百科】食物的相生与相克表，搭配吃的时候要注意哦！ ​,姬兴启强子友永,
﻿"酸甜味的东西,爱吃的人就多了.为什么?酸味属木,甜味属土,木和土是相克关系.酸味和甜味放在一起,能抑制彼此的偏性,比较平和,适宜常吃,所以酸甜口味的食物相对就比较多,酸味生津止渴,又能化解甜味的滋腻;甜味补益中气,又能缓解酸味的收缩之性.所以凡是酸甜口味的东西,都是滋阴的.你看中餐里边,吃油炸的肉 ​
			...展开全文c",纯色男儿,2017-05-01 10:37
﻿食物相克的说法存在已久，有些说法是相克的食物一起吃会中毒。所以有些东西我 网页链接 ​,溢心聆20077,
﻿【食物相生相克表】每个人都应该保存一份，知道有些食物之间的搭配会有什么作用吗？有相克的，也有相生的，给大家详细的分析 ​,健身养生的日常,2017-05-01 07:47
﻿在日常生活中，有些食物会“相克”，不宜存放在一起食用，否则会发生反应，甚至产生毒素，危害健康。 ​,泰娣思美颓_570,
﻿发表了博文《男人这些东西吃对了让你变“牛郎”吃错了就秒变“软脚虾”》男人这些东西吃对了让你变“牛郎”吃错了就秒变“软脚虾”一、与山药相克的食物：1，山药不能和虾通吃，虾属于海产品，两者同吃容易引起腹泻|男人这些东... ​,美食街的玫瑰v,2017-05-01 05:12
﻿狠心。门尽。要强。打扮漂亮衣服。过。当妈爱孩子想孩子。外卖。做饭。为孩子。汤，瞎。听。馄饨。奸诈。行好付出。拉呱。交流。情绪。食物同食相克谣言。熏陶。留让。凉热体质中性。热烫不好。脏菌毒害，不干不净。买衣服。财产分。一条心。闹架。过。不冷战。零食。馋。没好处。过日子。换换口味。 ​,心语私念,
﻿lei193777【牛蒡与什么食物相克呢】我们知道这世间有很多食物都是相克的食物相克，如果被误吃的话，很有可能会引起引起一些不良的后果，严重会威胁到生命。而牛蒡更是非常珍贵的蔬菜，营养非常的丰富牛蒡相克的食物并不是很多，只要大家了解了这些，就不用担心了，牛蒡不仅味道比 ​,滕会解铄贵,2017-05-01 04:45
﻿【生活百科】食物的相生与相克表，搭配吃的时候要注意哦！ ​,克开3,
﻿xu529513【牛蒡与什么食物相克呢】我们知道这世间有很多食物都是相克的食物相克，如果被误吃的话，很有可能会引起引起一些不良的后果，严重会威胁到生命。而牛蒡更是非常珍贵的蔬菜，营养非常的丰富牛蒡相克的食物并不是很多，只要大家了解了这些，就不用担心了，牛蒡不仅味道比 ​,双心安7772,2017-04-30 17:46
﻿fang63867【牛蒡与什么食物相克呢】我们知道这世间有很多食物都是相克的食物相克，如果被误吃的话，很有可能会引起引起一些不良的后果，严重会威胁到生命。而牛蒡更是非常珍贵的蔬菜，营养非常的丰富牛蒡相克的食物并不是很多，只要大家了解了这些，就不用担心了，牛蒡不仅味道比 ​,芷依悦Karida_597,2017-04-29 13:19
﻿hou580738【牛蒡与什么食物相克呢】我们知道这世间有很多食物都是相克的食物相克，如果被误吃的话，很有可能会引起引起一些不良的后果，严重会威胁到生命。而牛蒡更是非常珍贵的蔬菜，营养非常的丰富牛蒡相克的食物并不是很多，只要大家了解了这些，就不用担心了，牛蒡不仅味道比 ​,珠芝瑞丰兰,
﻿xiao250935【牛蒡与什么食物相克呢】我们知道这世间有很多食物都是相克的食物相克，如果被误吃的话，很有可能会引起引起一些不良的后果，严重会威胁到生命。而牛蒡更是非常珍贵的蔬菜，营养非常的丰富牛蒡相克的食物并不是很多，只要大家了解了这些，就不用担心了，牛蒡不仅味道比 ​,雁雪葡关_177,2017-04-29 11:58
﻿食物有相生，亦有相克，牢牢记住其相克的食物，才能更好的发挥食物的补益作用 网页链接 ​,雨惜1984,
﻿食物的相生与相克表，搭配吃的时候要注意哦！ ​,始末清秀畏,2017-04-29 08:46
﻿geng779703【牛蒡与什么食物相克呢】我们知道这世间有很多食物都是相克的食物相克，如果被误吃的话，很有可能会引起引起一些不良的后果，严重会威胁到生命。而牛蒡更是非常珍贵的蔬菜，营养非常的丰富牛蒡相克的食物并不是很多，只要大家了解了这些，就不用担心了，牛蒡不仅味道比 ​,霄展丽三舒_997,
﻿xing865596【牛蒡与什么食物相克呢】我们知道这世间有很多食物都是相克的食物相克，如果被误吃的话，很有可能会引起引起一些不良的后果，严重会威胁到生命。而牛蒡更是非常珍贵的蔬菜，营养非常的丰富牛蒡相克的食物并不是很多，只要大家了解了这些，就不用担心了，牛蒡不仅味道比 ​,立任矗慧的肛_582,2017-04-29 08:24
﻿yang579585【牛蒡与什么食物相克呢】我们知道这世间有很多食物都是相克的食物相克，如果被误吃的话，很有可能会引起引起一些不良的后果，严重会威胁到生命。而牛蒡更是非常珍贵的蔬菜，营养非常的丰富牛蒡相克的食物并不是很多，只要大家了解了这些，就不用担心了，牛蒡不仅味道比 ​,曼瑜冰偌霞_843,
﻿xing729823【牛蒡与什么食物相克呢】我们知道这世间有很多食物都是相克的食物相克，如果被误吃的话，很有可能会引起引起一些不良的后果，严重会威胁到生命。而牛蒡更是非常珍贵的蔬菜，营养非常的丰富牛蒡相克的食物并不是很多，只要大家了解了这些，就不用担心了，牛蒡不仅味道比 ​,燕善菲枫璐,2017-04-29 08:10
﻿【食物相生相克表】每个人都应该保存一份，知道有些食物之间的搭配会有什么作用吗？有相克的，也有相生的，给大家详细的分析 ​ ​​​​,健康养生知识百科,
﻿wei207719【牛蒡与什么食物相克呢】我们知道这世间有很多食物都是相克的食物相克，如果被误吃的话，很有可能会引起引起一些不良的后果，严重会威胁到生命。而牛蒡更是非常珍贵的蔬菜，营养非常的丰富牛蒡相克的食物并不是很多，只要大家了解了这些，就不用担心了，牛蒡不仅味道比 ​,维永冰Marian_438,2017-04-29 07:49
﻿【生活百科】食物的相生与相克表，搭配吃的时候要注意哦！ ​,各种人渣各种装ny,
﻿na650033【牛蒡与什么食物相克呢】我们知道这世间有很多食物都是相克的食物相克，如果被误吃的话，很有可能会引起引起一些不良的后果，严重会威胁到生命。而牛蒡更是非常珍贵的蔬菜，营养非常的丰富牛蒡相克的食物并不是很多，只要大家了解了这些，就不用担心了，牛蒡不仅味道比 ​,英疗,2017-04-29 07:13
﻿shi533607【牛蒡与什么食物相克呢】我们知道这世间有很多食物都是相克的食物相克，如果被误吃的话，很有可能会引起引起一些不良的后果，严重会威胁到生命。而牛蒡更是非常珍贵的蔬菜，营养非常的丰富牛蒡相克的食物并不是很多，只要大家了解了这些，就不用担心了，牛蒡不仅味道比 ​,楚丽音Edsel_121,
﻿cai769778【牛蒡与什么食物相克呢】我们知道这世间有很多食物都是相克的食物相克，如果被误吃的话，很有可能会引起引起一些不良的后果，严重会威胁到生命。而牛蒡更是非常珍贵的蔬菜，营养非常的丰富牛蒡相克的食物并不是很多，只要大家了解了这些，就不用担心了，牛蒡不仅味道比 ​,淦参俏_416,2017-04-29 06:48
﻿最近老是被提醒两种相克的食物不能吃，好吧，我就看着好了，没有什么比这个更令人绝望的了 ​,烤卤蛋,
﻿tao705609【牛蒡与什么食物相克呢】我们知道这世间有很多食物都是相克的食物相克，如果被误吃的话，很有可能会引起引起一些不良的后果，严重会威胁到生命。而牛蒡更是非常珍贵的蔬菜，营养非常的丰富牛蒡相克的食物并不是很多，只要大家了解了这些，就不用担心了，牛蒡不仅味道比 ​,贝嫦臃辞_984,2017-04-29 06:35
﻿kang710753【牛蒡与什么食物相克呢】我们知道这世间有很多食物都是相克的食物相克，如果被误吃的话，很有可能会引起引起一些不良的后果，严重会威胁到生命。而牛蒡更是非常珍贵的蔬菜，营养非常的丰富牛蒡相克的食物并不是很多，只要大家了解了这些，就不用担心了，牛蒡不仅味道比 ​,莉陆_221,
﻿gu630366【牛蒡与什么食物相克呢】我们知道这世间有很多食物都是相克的食物相克，如果被误吃的话，很有可能会引起引起一些不良的后果，严重会威胁到生命。而牛蒡更是非常珍贵的蔬菜，营养非常的丰富牛蒡相克的食物并不是很多，只要大家了解了这些，就不用担心了，牛蒡不仅味道比 ​,莺科_496,2017-04-29 06:25
﻿食物的相生与相克表，搭配吃的时候要注意哦！ ​,张芷瑗涧汝骞,2017-04-28 07:03
﻿lang637563【牛蒡与什么食物相克呢】我们知道这世间有很多食物都是相克的食物相克，如果被误吃的话，很有可能会引起引起一些不良的后果，严重会威胁到生命。而牛蒡更是非常珍贵的蔬菜，营养非常的丰富牛蒡相克的食物并不是很多，只要大家了解了这些，就不用担心了，牛蒡不仅味道比 ​,览贞静宜_763,
﻿hui501317【牛蒡与什么食物相克呢】我们知道这世间有很多食物都是相克的食物相克，如果被误吃的话，很有可能会引起引起一些不良的后果，严重会威胁到生命。而牛蒡更是非常珍贵的蔬菜，营养非常的丰富牛蒡相克的食物并不是很多，只要大家了解了这些，就不用担心了，牛蒡不仅味道比 ​,茵菲示量_285,2017-04-28 07:01
﻿jing11822【牛蒡与什么食物相克呢】我们知道这世间有很多食物都是相克的食物相克，如果被误吃的话，很有可能会引起引起一些不良的后果，严重会威胁到生命。而牛蒡更是非常珍贵的蔬菜，营养非常的丰富牛蒡相克的食物并不是很多，只要大家了解了这些，就不用担心了，牛蒡不仅味道比 ​,娟芳聪海_450,
﻿che873135【牛蒡与什么食物相克呢】我们知道这世间有很多食物都是相克的食物相克，如果被误吃的话，很有可能会引起引起一些不良的后果，严重会威胁到生命。而牛蒡更是非常珍贵的蔬菜，营养非常的丰富牛蒡相克的食物并不是很多，只要大家了解了这些，就不用担心了，牛蒡不仅味道比 ​,滔屏裔Eskarne_248,2017-04-28 05:22
﻿【山药千万不能和它同吃，看完一身冷汗，告诉家里做饭的人！】我们都知道山药是药物同源的食物中，性质温和且补益作用不容忽视的一种。但食物有相生，亦有相克，牢牢记住其相克的食物，才能更好的发挥食物的补益作用|山药千万不... ​,妈咪关注,
﻿bei288990【牛蒡与什么食物相克呢】我们知道这世间有很多食物都是相克的食物相克，如果被误吃的话，很有可能会引起引起一些不良的后果，严重会威胁到生命。而牛蒡更是非常珍贵的蔬菜，营养非常的丰富牛蒡相克的食物并不是很多，只要大家了解了这些，就不用担心了，牛蒡不仅味道比 ​,东兆蕊Magna,2017-04-28 05:16
﻿wu982785【牛蒡与什么食物相克呢】我们知道这世间有很多食物都是相克的食物相克，如果被误吃的话，很有可能会引起引起一些不良的后果，严重会威胁到生命。而牛蒡更是非常珍贵的蔬菜，营养非常的丰富牛蒡相克的食物并不是很多，只要大家了解了这些，就不用担心了，牛蒡不仅味道比 ​,悦馗_166,
﻿ji380170【牛蒡与什么食物相克呢】我们知道这世间有很多食物都是相克的食物相克，如果被误吃的话，很有可能会引起引起一些不良的后果，严重会威胁到生命。而牛蒡更是非常珍贵的蔬菜，营养非常的丰富牛蒡相克的食物并不是很多，只要大家了解了这些，就不用担心了，牛蒡不仅味道比 ​,新包茜Bhoomi_135,2017-04-28 04:07
﻿mu786282【牛蒡与什么食物相克呢】我们知道这世间有很多食物都是相克的食物相克，如果被误吃的话，很有可能会引起引起一些不良的后果，严重会威胁到生命。而牛蒡更是非常珍贵的蔬菜，营养非常的丰富牛蒡相克的食物并不是很多，只要大家了解了这些，就不用担心了，牛蒡不仅味道比 ​,蔚嫦樱璐方_500,
﻿hong339358【牛蒡与什么食物相克呢】我们知道这世间有很多食物都是相克的食物相克，如果被误吃的话，很有可能会引起引起一些不良的后果，严重会威胁到生命。而牛蒡更是非常珍贵的蔬菜，营养非常的丰富牛蒡相克的食物并不是很多，只要大家了解了这些，就不用担心了，牛蒡不仅味道比 ​,埂芳睿Jasmine_959,2017-04-28 03:43
﻿【生活百科】食物的相生与相克表，搭配吃的时候要注意哦！ ​,__Jelena惠,
﻿gu630366【牛蒡与什么食物相克呢】我们知道这世间有很多食物都是相克的食物相克，如果被误吃的话，很有可能会引起引起一些不良的后果，严重会威胁到生命。而牛蒡更是非常珍贵的蔬菜，营养非常的丰富牛蒡相克的食物并不是很多，只要大家了解了这些，就不用担心了，牛蒡不仅味道比 ​,莺科_496,2017-04-28 03:40
﻿jiang782782【牛蒡与什么食物相克呢】我们知道这世间有很多食物都是相克的食物相克，如果被误吃的话，很有可能会引起引起一些不良的后果，严重会威胁到生命。而牛蒡更是非常珍贵的蔬菜，营养非常的丰富牛蒡相克的食物并不是很多，只要大家了解了这些，就不用担心了，牛蒡不仅味道比 ​,瑾英淳蕊既峭_220,
﻿wei207719【牛蒡与什么食物相克呢】我们知道这世间有很多食物都是相克的食物相克，如果被误吃的话，很有可能会引起引起一些不良的后果，严重会威胁到生命。而牛蒡更是非常珍贵的蔬菜，营养非常的丰富牛蒡相克的食物并不是很多，只要大家了解了这些，就不用担心了，牛蒡不仅味道比 ​,维永冰Marian_438,2017-04-28 02:31
﻿【食物相生相克表】每个人都应该保存一份，知道有些食物之间的搭配会有什么作用吗？有相克的，也有相生的，给大家详细的分析 ​ ​​​​,素心人,
﻿dang118319【牛蒡与什么食物相克呢】我们知道这世间有很多食物都是相克的食物相克，如果被误吃的话，很有可能会引起引起一些不良的后果，严重会威胁到生命。而牛蒡更是非常珍贵的蔬菜，营养非常的丰富牛蒡相克的食物并不是很多，只要大家了解了这些，就不用担心了，牛蒡不仅味道比 ​,曼芸莎旺芮,2017-04-28 01:51
﻿【生活百科】食物的相生与相克表，搭配吃的时候要注意哦！洛阳佳韵琴行 钢琴培训 英昌、韦伯、海伦、金斯波格、雅马哈、卡瓦伊、珠江、星海 ​​​​,洛阳佳韵琴行,
﻿【生活百科】食物的相生与相克表，搭配吃的时候要注意哦！ ​,小V__V苗,2017-04-28 01:39
﻿【图解食物的“相生”与“相克”】食物之间也有“相生相克”的说法，两种或两种以上的食物，如果搭配合理，会“相生”，起到营养互补、相辅相成的作用。如搭配不当，食用过量则极容易导致生病或中毒。 ​,健身养生的日常,2017-04-26 20:09
﻿我怀孕期间最苦最累，最催逼，最坚强，宝宝勇敢。妈亲重要。记号码。同为女子凭什么为你。偷懒不了。随手，不便。沾便宜。掉蹲拾麻烦。宝宝无辜可怜，在里面被动承受。我笨。轻巧。啦开，情绪压抑。食物同食相克谣言。瞎用花享，正常，就这样。舍得投入，教材，付出。能吃。自我。大气。 ​,心语私念,
﻿发表了博文《男人这些东西吃对了让你变“牛郎”吃错了就秒变“软脚虾”》男人这些东西吃对了让你变“牛郎”吃错了就秒变“软脚虾”一、与山药相克的食物：1，山药不能和虾通吃，虾属于海产品，两者同吃容易引起腹泻|男人这些东... ​,美食街的玫瑰v,2017-04-26 19:27
﻿【生活百科】食物的相生与相克表，搭配吃的时候要注意哦！ ​,Where_Autumn平,
﻿发表了博文《“道不同不相为谋”，有些食物天生相克你了解吗？》民间有不少关于食物&#8220;相克&#8221;的说法：+流行较广的有螃蟹不能与柿子同吃，花生不能与黄瓜同吃，大葱不能与蜂蜜同吃，红薯不能|“道不同不... ​,一线小生过桥米线,2017-04-26 18:12
﻿发表了博文《“道不同不相为谋”，有些食物天生相克你了解吗？》|“道不同不... ​,用户5950351842,
﻿蘑菇和茄子不能同吃？看到相克理论直接屏蔽 这几天又有一条关于食物的内容在手机上转发得很热闹——蘑菇和茄子不能同吃了，一起吃会中毒，而且“最近医院急诊的患者比较多，大都是蘑菇中毒”。网页链接 ​,青岛网络辟谣,2017-04-26 17:54
﻿食物 相宜相克 ​,静总A特静,
﻿发布了头条文章：《收藏！食物到底相克么？》 |收藏！食物... ​,中国膳食纤维技术分会,2017-04-26 16:28
﻿"世间万物都市相生相克，食物也不例外，吃得好的话身体得利，吃得欠好身体就会闹毛病，那与黄豆芽相克的食品是甚么呢，黄芽菜不克不及和甚么一起吃呢？1.黄芽菜不克不及和猪肝一块儿吃猪肝中含有铜元素，它会使黄芽菜中的维生素C氧化的速率放慢，黄芽菜和猪肝一块儿吃会高涨它们的营养价钱，而且能够会 ​
			...展开全文c",尚延芹,
﻿"世间万物都市相生相克，食物也不例外，吃得好的话身体得利，吃得欠好身体就会闹毛病，那与黄豆芽相克的食品是甚么呢，黄芽菜不克不及和甚么一起吃呢？1.黄芽菜不克不及和猪肝一块儿吃猪肝中含有铜元素，它会使黄芽菜中的维生素C氧化的速率放慢，黄芽菜和猪肝一块儿吃会高涨它们的营养价钱，而且能够会 ​
			...展开全文c",尚延芹,2017-04-26 16:19
﻿我撑着眼皮发这条微博，我妈给我做了好几样菜让我吃，我临近睡觉头晕眼花吐个不停，吃着相克的食物了。。。我相信我妈是爱我的。。。 ​,策划师盛可,
﻿"不要信食品的健康谣言。《让人头疼的朋友圈健康谣言》一文介绍了朋友圈常常出现的抗癌、中毒、相克、实验数据等四大类食物安全与身体健康的谣言。有些我也曾深信不疑。另外，还有五大类：纯天然（野生）、纯中药、激素、转基因、添加剂等食品谣言。无论人类种植的植物性食品，还是人类圈养的动物性 ​
			...展开全文c",风信如语happyman,2017-04-26 15:12
﻿发表了博文《芹菜不能和什么一起吃？》芹菜食物相克，和芹菜相克的食物列表，下面这些食物不能和芹菜同食芹菜与黄瓜不能共食：黄瓜中含有维生素C分解酶，由于黄瓜做菜，多是生食或凉拌，其中的酶并不失活，若与芹菜|芹菜不能和... ​,好大一只制仗,
﻿【注意！蜂蜜和什么食物不能同吃，16种相克食物】蜂蜜是滋补佳品，搭配有很多禁忌，那么蜂蜜和什么不能同吃呢？与蜂蜜相克的食物有16种之多，到底蜂蜜和什么不能同吃？小编为您介绍蜂蜜的相克食物有哪些。|注意！蜂蜜... ​,掌上健康生活,2017-04-26 10:23
﻿【芹菜食物相克，芹菜有哪些保健作用?】芹菜食物相克，和芹菜相克的食物列表，下面这些食物不能和芹菜同食 芹菜与黄瓜不能共食：黄瓜中含有维生素C分解酶，由于黄瓜做菜，多是生食或凉拌，其中的酶并不失活，若与|芹菜食物相... ​,医路无忧2017,
﻿发表了博文《7岁孙女差点丧命，原来是吃了鸡蛋后又吃了这个》宝宝的饮食一直都是爸妈最关心的问题，于是父母都想方设法，投其所好，希望宝宝能够多吃点、吃好点。但是食物有有相克的，有些东西并不能一起吃，搞不好|7岁孙女差... ​,61童城网,2017-04-26 09:27
﻿食物相克的说法存在已久，有些说法是相克的食物一起吃会中毒。所以有些东西我 网页链接 ​,蓝色水精灵168,2017-04-24 22:22
﻿#流言揭秘#【西瓜和桃子不能一起吃？专家说瞎扯！】西瓜和桃子相克，一起吃能引起中毒的说法纯属瞎扯。新鲜的桃子和西瓜都含有丰富的水、碳水化合物、维生素、微量元素和酚类物质，西瓜中还含有多种氨基酸，对人体健康有益。二者同食并不会产生所谓的食物相克。 ​,成华科协,
﻿发表了博文《春天摄生合适吃那些食物？》1甜味补脾肝属木，脾属土，土木相克，春天肝旺会伤及脾胃，影响脾胃的消化功用。化解的办法是多吃些甜味的饮食，弥补人的脾胃之气。能够多吃一些大枣、山药、桂圆、地瓜、南|春天摄生合... ​,小哈妹yiya,2017-04-24 21:24
﻿食物的相生与相克表，搭配吃的时候要注意哦！ ​,李禧记旦散露,
﻿【环球家装】芹菜食物相克，和芹菜相克的食物列表，下面这些食物不能和芹菜同食芹菜与黄瓜不能共食：黄瓜中含网页链接 ​,苦咖啡2005,2017-04-24 15:42
﻿【生活百科】食物的相生与相克表，搭配吃的时候要注意哦！ ​,odense柴官人,
﻿【环球家装】芹菜食物相克，和芹菜相克的食物列表，下面这些食物不能和芹菜同食芹菜与黄瓜不能共食：黄瓜中含网页链接 ​,刘辰_33009,2017-04-24 13:21
﻿【食物相生相克表】每个人都应该保存一份，知道有些食物之间的搭配会有什么作用吗？有相克的，也有相生的，给大家详细的分析 ​,健康养生常识大全,
﻿【环球家装】芹菜食物相克，和芹菜相克的食物列表，下面这些食物不能和芹菜同食芹菜与黄瓜不能共食：黄瓜中含网页链接 ​,海客的足迹,2017-04-24 11:42
﻿【环球家装】芹菜食物相克，和芹菜相克的食物列表，下面这些食物不能和芹菜同食芹菜与黄瓜不能共食：黄瓜中含网页链接 ​,美文博览,
﻿#流言揭秘#【西瓜和桃子不能一起吃？专家说瞎扯！】西瓜和桃子相克，一起吃能引起中毒的说法纯属瞎扯。新鲜的桃子和西瓜都含有丰富的水、碳水化合物、维生素、微量元素和酚类物质，西瓜中还含有多种氨基酸，对人体健康有益。二者同食并不会产生所谓的食物相克。 ​,成都科协,2017-04-24 11:15
﻿食物相克的说法存在已久，有些说法是相克的食物一起吃会中毒。所以有些东西我 网页链接 ​,乐道-天成,
﻿#晚餐•2017年4月23日#好几位妹妹都来跟静反馈，说海带实在寒性太重了。不敢吃。其实，食物之间有一种平衡相宜相克的关系存在，吃得平衡，得当。就是营养。 凡事不... (在@下厨房 上传了我做的【晚餐•2017年4月23日】 网页链接 ) ​,闸坡壹鲜海产干货阿静,2017-04-24 11:03
﻿食物的相生与相克表，搭配吃的时候要注意哦！ ​,想ww想,
﻿【生活百科】食物的相生与相克表，搭配吃的时候要注意哦！ ​,用户6216816009,2017-04-24 09:00
﻿食物有相生，亦有相克，牢牢记住其相克的食物，才能更好的发挥食物的补益作用，还能避免很多身体的不适哦~网页链接 ​,妙妙123088,
﻿食物的相生与相克表，搭配吃的时候要注意哦！ ​,喜欢下雨188峥,2017-04-24 07:01
﻿【春花园支教】4月22日，志愿者前往春花园支教点开展以“健康饮食，迎接夏日”为主题的支教周。在支教中，志愿者辅导小朋友完成功课，并根据小朋友的实际情况出相应的题目。随后，志愿者便组织小朋友玩游戏，小朋友通过找出两种相克的食物，并用蜡笔将其涂上颜色。借此让小朋友明白健康生活的重要性。 ​,吉珠旅游系青协,2017-04-23 00:37
﻿【生活百科】食物的相生与相克表，搭配吃的时候要注意哦！ ​,破冬_,
﻿食物的相生与相克表，搭配吃的时候要注意哦！ ​,Beggarlolita政,2017-04-23 00:37
﻿发表了博文《香蕉不能和八种食物一起吃++++++++++++++来源：养生之道网》香蕉的营养价值相信很多人都知道，但香蕉不能和什么一起吃，你了解多少？香蕉的搭配不是百无禁忌的，与香蕉相克的食物有那么几|香蕉不能和... ​,祁连梓涵,
﻿食物的相生与相克表，搭配吃的时候要注意哦！ ​,clovers首饰盒店_5应新,2017-04-22 19:13
﻿【生活百科】食物的相生与相克表，搭配吃的时候要注意哦！ ​,用户6008261025,
﻿食物有相生，亦有相克，牢牢记住其相克的食物，才能更好的发挥食物的补益作用 网页链接 ​,锐翰mami,2017-04-22 17:46
﻿发表了博文《山药千万不能和它同吃，看完一身冷汗，告诉吃饭的人》我们都知道山药是药物同源的食物中，性质温和且补益作用不容忽视的一种。+&#65532;+但食物有相生，亦有相克，牢牢记住其相克的食物，才能|山药千万不... ​,精选速购邀请码shop21761217,
﻿食物有相生，亦有相克，牢牢记住其相克的食物，才能更好的发挥食物的补益作用 网页链接 ​,宁静的一个港湾,2017-04-22 09:34
﻿相克的食物总归是要注意的,水册月,
﻿食物有相生，亦有相克，牢牢记住其相克的食物，才能更好的发挥食物的补益作用 网页链接 ​,敌人难当,2017-04-22 09:08
﻿食物有相生，亦有相克，牢牢记住其相克的食物，才能更好的发挥食物的补益作用 网页链接 ​,知否否知199301,
﻿食物的相生与相克表，搭配吃的时候要注意哦！ ​,邱偉雙感睿俭,2017-04-22 05:53
﻿食物有相生，亦有相克，牢牢记住其相克的食物，才能更好的发挥食物的补益作用 网页链接 ​,健行60后,
﻿转眼又到了吃大闸蟹的季节了，但是你知道螃蟹与其他食物之间有相宜、有相克吗？  网页链接 ​,诚成护理,2015-11-02 21:46
﻿转眼又到了吃大闸蟹的季节了，但是你知道螃蟹与其他食物之间有相宜、有相克吗？ 网页链接 ​,胡话连篇之五花八门,
﻿转眼又到了吃大闸蟹的季节了，但是你知道螃蟹与其他食物之间有相宜、有相克吗？ 网页链接 ​,金金的非凡人生,2015-09-12 11:48
﻿转眼又到了吃大闸蟹的季节了，但是你知道螃蟹与其他食物之间有相宜、有相克吗？ 网页链接 ​,广州焦点科技有限公司,
﻿大连的飞蟹赫赫有名，每年的5月到10月都有源源不断的飞蟹开始供应。螃蟹可谓是我们餐桌上的一道美食，但是你知道螃蟹与其他食物之间有相宜、有相克吗？吃螃蟹不能吃什么，这个大家一定要了解清楚，下面就随小编来了解下吃螃蟹的禁忌有哪些吧！网页链接 ​,品鲜网电商平台,2015-09-12 11:46
﻿#食物真的有相克吗#民间流传很多所谓的“食物相克”，如豆腐和菠菜、螃蟹和柿子、绿豆和狗肉等等其实都是不科学的。营养学家通过研究发现这些所谓的“相克的食物”都没有相克的现象。生活中发生的食物相克很可能是由于饮食的顺序、烹调的方法或者食物收到污染等原因造成的进食后产生的一系列不良反应。 ​,营养师梁敏华,
﻿发表了博文 《谣言》 - 太多的人会相信明显违背常识的谎言，居然受过高等教育有高等学位的人也不列外。科学的素养真和学历没有关系。 1 食品安全类： （1） 谣言：食物有相克吗？ 破解：小心“食物相克” 网页链接 ​,hztea,2015-09-12 10:42
