是,2290
在,1991
和,1364
有,1315
会,1242
也,1125
中,924
对,819
都,787
研究,769
、,759
就,755
不,747
与,722
人,721
”,660
“,656
可以,610
转基因,569
吃,568
可能,561
上,514
等,502
我们,495
但,487
而,475
没有,472
导致,446
健康,446
被,440
要,440
能,432
食品,430
使用,414
食物,414
到,411
并,392
吗,383
多,372
说,365
更,361
还,358
一个,350
发现,342
人体,340
为,333
时,328
这种,319
让,317
如果,317
孩子,309
这些,300
影响,299
摘要,299
辐射,292
就是,285
或,284
后,281
一种,279
很,277
儿童,273
？,266
用,266
产生,265
一些,262
问题,258
疾病,253
很多,240
将,239
功能,239
这个,238
年,238
进行,237
不能,233
不会,232
因为,228
；,226
流言,221
微,220
不是,219
作用,219
水,218
科普,215
人们,215
美国,214
来,211
其,208
隐形眼镜,208
于,206
所以,205
真的,205
把,200
结果,200
他们,200
水果,196
可,194
需要,194
但是,192
风险,189
认为,188
从,188
专家,187
通过,186
癌症,181
这样,180
里,179
治疗,179
眼睛,178
还是,175
过,175
那么,174
增加,173
发生,172
出现,171
手机,170
下,169
引起,169
对于,168
们,167
大,167
目前,167
存在,166
身体,165
好,162
安全,162
她,161
死亡,161
中国,159
已经,159
又,159
时间,158
容易,158
网,157
生活,156
科学,156
罂粟壳,155
皮肤,154
镜子,153
做,152
使,152
患者,150
其实,150
主要,149
美容,149
不过,148
其他,148
科学家,146
给,146
激素,146
甚至,146
人类,146
=,145
责任编辑,144
相关,144
因此,144
不要,142
着,142
最,142
食用,141
造成,141
得,140
一定,140
它们,139
谣言,138
小,138
催熟,138
宝宝,138
看,137
?,137
比,137
色素,137
高,135
实验,135
而且,134
基因,133
或者,132
电脑,132
是否,132
玻璃,131
能够,131
相克,131
细胞,129
个,128
女性,128
喝,128
医生,128
蚊子,128
表示,125
呢,124
含有,124
时候,124
大量,124
乙烯,124
方法,124
现在,123
胶原蛋白,123
同时,123
以,123
不同,122
情况,122
能力,122
一,121
物质,121
知道,120
表明,120
维生素,120
眼镜,119
每天,119
去,119
......,119
还有,118
体内,117
图片,117
危害,116
该,116
应该,116
为什么,116
以及,116
.,115
比较,115
感染,115
抗生素,115
人员,114
饮食,113
含量,112
重要,112
岁,112
睡眠,112
已,110
产品,110
长期,109
症状,109
摄入,109
来源,109
开始,109
注意,108
白内障,108
各种,108
分享,107
...,107
植物,106
再,106
如,105
减少,105
营养,105
直接,105
当,104
一样,104
添加,104
干细胞,103
环境,103
为了,103
月,102
疫苗,102
戴,102
说法,102
有关,102
吸收,101
效果,101
动物,101
国家,101
却,101
所,101
因素,101
来自,100
信息,100
学步车,100
及,99
正常,99
所有,99
真相,99
量,98
原因,98
吧,98
帮助,98
像,97
小孔,97
其中,97
技术,96
由于,96
超过,96
一次,96
编辑,96
才,95
新,95
具有,94
一般,94
伤害,94
删除,94
出,93
指出,93
地沟油,93
数据,93
东西,92
建议,92
保护,92
过程,92
搜索,92
证明,91
选择,91
内,91
有人,91
检测,91
由,90
百科,90
人工,89
香蕉,89
确实,89
大豆,88
任何,88
医院,88
一项,88
称,87
没,87
内容,87
宋体,87
药物,86
关系,86
只是,86
只,86
方式,86
海水,86
预防,86
达到,85
研究者,85
则,85
较,85
首页,85
同食,85
安检,84
毫克,84
这是,83
工作,83
经过,83
百度,83
比如,83
成分,83
下降,82
一起,82
腹泻,82
经常,82
打,82
关于,82
作物,81
性早熟,81
改变,81
降低,80
不育,80
之间,80
虽然,80
只有,79
1,79
《,79
有效,78
许多,78
带来,78
运动,78
来说,78
最好,77
想,77
生物,77
成为,77
如何,77
之后,77
进入,76
文章,76
双向,76
绿色,76
从而,76
》,76
即使,76
越,75
分析,75
正在,75
控制,74
行为,74
死,74
颜色,74
草莓,74
本身,74
电吹风,74
报道,73
严重,72
程度,72
无法,72
中毒,72
利,72
一下,72
有些,72
这项,72
一点,71
显示,71
国际,70
请,70
包括,70
角膜,70
向,70
大脑,70
受到,70
发表,70
当然,70
前,70
服用,70
然而,69
证据,69
蓝鲸,69
饮料,69
关注,69
完全,68
作为,68
实际上,68
砷,68
形成,68
部分,68
观察,68
状态,68
社会,67
精液,67
非常,67
根据,67
不宜,67
必须,67
锻炼,67
评论,67
这一,67
神经,67
通常,66
看到,66
·,66
消息,66
提高,65
导航,65
指甲,65
另外,65
即,65
组织,65
那些,64
活动,64
世界,64
吗啡,63
结论,63
带,63
之前,63
吃素,63
证实,63
反应,63
特别,62
明显,62
者,62
最近,62
提醒,62
分钟,62
试验,62
剂,62
只要,62
虾,62
含,62
砒霜,61
地铁,61
月牙,61
有害,61
可乐,61
自然,61
标准,61
微博,61
不少,61
家长,60
病,60
病毒,60
觉得,60
损伤,60
体重,60
无,60
肯定,60
剂量,60
射线,60
而是,60
科普知识,60
磨牙,59
得到,59
跟,59
出来,59
疗法,59
获得,59
细菌,59
不可,58
视力,58
避免,58
登录,58
作者,58
以上,57
相比,57
网络,57
残留,57
免疫,57
之,57
保持,57
啊,57
到底,57
功效,57
肥胖,56
非,56
担心,56
范围,56
因,56
应,56
日本,56
不孕,56
上瘾,55
3,55
市场,55
流感疫苗,55
男性,55
牛奶,55
接种,55
污染,55
水平,54
越来越,54
国内,54
论文,54
吸血,54
普通,54
分子,54
..,53
生命,53
破坏,53
回应,53
一直,53
多动症,53
大学,53
果壳,53
微信,53
人群,53
补充,53
玉米,53
赞,52
曾,52
浓度,52
除了,52
公司,52
网友,51
危险,51
记者,51
倍,51
咖啡,51
考虑,51
方面,51
不仅,51
忌,51
种,51
首先,51
克,50
成熟,50
此外,50
能量,50
左右,50
这么,50
是因为,50
起来,50
新闻,50
不到,49
表面,49
利用,49
老鼠,49
一条,49
自身,49
泡面,49
近视,49
至,49
处理,49
毒性,49
吸烟,48
必要,48
最后,48
低,48
！,48
太,48
表现,48
电磁辐射,48
教授,48
注销,47
才能,47
就要,47
提供,47
提味,47
肌肉,47
科技,47
器官,47
鸡蛋,47
随着,47
红薯,47
年龄,47
刺激,47
地方,47
发言,47
致癌,46
变得,46
英国,46
生长,46
全部,46
2,46
了解,46
我国,46
添加剂,46
至少,46
鉴别,46
5,46
支持,45
引发,45
往往,45
少,45
之一,45
饮用,45
生产,45
发育,45
长,45
反而,45
电磁场,45
几乎,45
糖尿病,45
记忆,45
白血病,45
仙人掌,44
最大,44
接触,44
女人,44
检查,44
称为,44
系统,44
天然,44
频谱,44
更好,44
以下,44
改善,44
增香,44
光,44
希望,44
知识,44
问,44
商家,44
现象,44
婴儿,43
变化,43
联系,43
碱性,43
多少,43
感觉,43
光线,43
消费者,43
怀孕,43
并且,43
速度,43
回答,43
经期,43
解释,43
排毒,43
10,43
尤其,43
宣传,43
朋友,43
条件,42
所谓,42
大小,42
频道,42
针对,42
生理,42
同样,42
螺旋体,42
冬眠,42
里面,42
是不是,42
发展,42
查看,42
足够,42
说明,41
调查,41
两种,41
简单,41
浴室,41
不用,41
小心,41
论坛,41
真菌,41
期间,41
发布,41
妇女,41
品种,41
不好,41
蛋白,41
数量,41
设置,41
找到,41
蛋白质,41
成,41
质量,41
蔬菜,41
小时,41
世纪,40
据,40
性,40
接受,40
如此,40
肿瘤,40
的话,40
进一步,40
两个,40
且,40
喜欢,40
经验,40
衰老,40
促进,40
似乎,40
家,40
治疗仪,40
看看,40
未,40
点,39
临床,39
应用,39
养生,39
敏感,39
回复,39
空间,39
有没有,39
谱,39
很大,39
某些,39
别人,39
妈妈,39
阅读,39
仍,39
长时间,38
判断,38
站,38
常见,38
肚子,38
手术,38
加入,38
不适,38
番茄,38
专业,38
不吃,38
种植,38
每个,38
事,38
易,38
机,38
好处,37
您,37
心脏,37
代谢,37
生,37
究竟,37
日,37
介绍,37
女孩,37
注射,37
手指,37
类似,36
观点,36
火锅,36
走路,36
媒体,36
照射,36
属于,36
医疗,36
代表,36
解救,36
起到,36
之类,36
流传,36
尸体,36
买,36
保健,36
过度,36
网站,35
学习,35
℃,35
血液,35
食则,35
近日,35
顶,35
小鼠,35
事实上,35
佩戴,35
大约,35
缓解,35
强度,35
食用油,35
中心,35
新版,35
报告,35
不断,35
脂肪,35
指标,35
网上,35
心脏病,35
用于,34
凝结,34
病人,34
父母,34
累积,34
胆固醇,34
注册,34
新浪,34
相对,34
防辐射,34
认知,34
香港,34
并非,34
基本,34
依然,34
另,34
相信,34
原理,34
意义,34
传言,34
设备,34
或许,34
类,34
答案,34
批准,34
每次,34
紫外线,33
事件,33
咸,33
然后,33
毒素,33
进口,33
种子,33
微生物,33
地区,33
限制,33
听说,33
生气,33
强,33
受,33
罐,33
例如,33
相当,33
朋友圈,33
采用,33
放心,33
教育,33
还会,33
起,33
名,33
％,33
假,33
肠胃,33
背景,33
只能,32
爱,32
二,32
20,32
化疗,32
仓鼠,32
要求,32
窗敲雨,32
信号,32
流感,32
油,32
安全性,32
防止,32
残骸,32
叫,32
食品安全,32
感冒,32
三,32
宣称,32
打烂,32
寿命,32
有助于,32
肝脏,32
蜂蜜,32
全身,32
更加,32
患,32
告诉,32
一位,32
4,32
规定,32
每年,32
用户,32
天,32
概念,32
参与,31
冰箱,31
心理,31
此,31
进,31
痴呆,31
蛔虫,31
之所以,31
一则,31
排出,31
无论,31
事实,31
苹果,31
医学,31
盐,31
问答,31
胸部,31
广泛,31
素食,31
拍死,31
分别,31
方便,31
细,31
成瘾,31
一篇,31
眼科,31
走,31
否则,31
外,31
明确,31
30,31
疲劳,31
别,31
广告,31
加重,31
杂志,31
全球,31
底料,31
机制,31
她们,30
拇指,30
显著,30
办法,30
放,30
缺乏,30
黄瓜,30
心血管,30
螃蟹,30
调节,30
遇到,30
口罩,30
均,30
最新,30
豆腐,30
平时,30
尽管,30
等于,30
身上,30
推荐,30
大部分,30
或是,30
标题,30
仔细,30
帖子,30
西红柿,30
个人,30
孕妇,30
牙齿,30
情绪,30
根本,30
增强,30
结构,30
曾经,30
饮用水,29
至今,29
博士,29
提出,29
温度,29
结合,29
喝牛奶,29
测试,29
价格,29
确定,29
传统,29
的确,29
休息,29
那样,29
镜,29
乳房,29
化学,29
啦,29
病情,29
违法,29
味道,29
柿子,29
处于,29
氧化,29
原料,29
连续,29
按,29
其它,29
结果显示,29
差异,28
磨损,28
角度,28
市民,28
压力,28
可是,28
常常,28
早,28
需,28
今天,28
加仑,28
流行,28
病变,28
某,28
后代,28
老,28
同食会,28
学,28
真正,28
糖,28
购买,28
变成,28
材料,28
公斤,28
合理,27
顶部,27
逐渐,27
升,27
诱惑,27
乳腺,27
鼠尿,27
比例,27
传播,27
油脂,27
管理,27
为何,27
肾脏,27
展开,27
理论,27
晶状体,27
游戏,27
历史,27
开展,27
最终,27
－,27
远,27
辟谣,27
照,27
释放,27
意味着,27
饮酒,27
科普网,27
慢性,27
大多数,27
微软,27
茶,27
一名,27
每日,26
一部分,26
喝咖啡,26
屏幕,26
平均,26
菠菜,26
区域,26
语言,26
呕吐,26
家庭,26
也就是说,26
同,26
受试者,26
致死,26
引用,26
酸性,26
探索,26
特殊,26
人工合成,26
芦荟,26
话题,26
适当,26
良好,26
遗传,26
减肥,26
丰富,26
机会,26
生殖,26
继续,26
抑制,26
威胁,26
后面,26
杂交,26
北京,26
日常,26
评估,25
日常生活,25
也许,25
正确,25
争议,25
靠,25
企业,25
多种,25
经历,25
端粒,25
肉,25
经,25
而言,25
先,25
罐装,25
气体,25
哺乳动物,25
自来水,25
当中,25
早餐,25
频率,25
激光,25
以后,25
记忆力,25
坚持,25
端,25
霾,25
提问,25
汽水,25
物种,25
活性,25
哪些,25
脂肪酸,25
不管,25
尽量,25
至于,25
防腐剂,25
进食,25
第一,24
尿,24
法,24
记录,24
效应,24
销售,24
有着,24
世界卫生组织,24
提示,24
看起来,24
过敏,24
合成,24
评价,24
弱,24
轻轻,24
相当于,24
毒,24
有利于,24
事情,24
一旦,24
机体,24
低于,24
装置,24
在于,24
过去,24
著名,24
相反,24
相似,24
实际,24
按照,24
消化,24
偷窥,24
病例,24
干净,24
综合,24
拿,24
有毒,24
公众,24
加热,24
来看,24
类型,24
快,24
肠道,24
钙,24
依据,24
随机,24
延缓,24
红,24
就算,23
度,23
巨大,23
迅速,23
补液,23
副作用,23
俄罗斯,23
还要,23
食客,23
致命,23
排除,23
指,23
味精,23
咨询,23
乳腺癌,23
玩,23
垃圾,23
神奇,23
高血压,23
年代,23
正是,23
空腹,23
鲤鱼,23
新鲜,23
完,23
本文,23
电磁波,23
目的,23
快速,23
认识,23
结束,23
验证,23
驱虫,23
模式,23
长寿,23
及时,23
突变,23
距离,23
大概,23
无论是,23
一类,23
发病,23
损害,23
计算,23
鲸鱼,23
文献,23
一组,23
抑郁,23
既然,23
电离辐射,23
…,23
农业,23
提到,22
忌食,22
青少年,22
可靠,22
后来,22
月经,22
反射,22
发明,22
公认,22
不靠,22
电解水,22
发病率,22
诊断,22
分泌,22
治病,22
依赖,22
背后,22
若,22
科学依据,22
对象,22
十分,22
无害,22
整个,22
关键,22
讨论,22
清洗,22
测量,22
对比,22
素,22
收藏,22
不但,22
变小,22
基础,22
清楚,22
小孩,22
很难,22
加工,22
字,22
患有,22
障碍,22
页,22
一年,22
空气,22
大全,22
汽车,22
夜里,21
尽,21
分类,21
专门,21
阳光,21
举报,21
天天,21
戒烟,21
口香糖,21
对此,21
防护,21
返回,21
洗澡,21
分解,21
头部,21
水机,21
谷物,21
描述,21
视频,21
竟然,21
社区,21
辐射量,21
国外,21
些,21
农药,21
拍,21
血糖,21
拥有,21
适合,21
决定,21
移植,21
更是,21
计划,21
值,21
浙江,21
换头,21
于是,21
精神,21
炒,21
猪肉,21
听,21
人人,21
羊肉,21
电流,21
住,21
经济,21
食品药品,21
理解,21
耐药性,21
号,21
意识,21
贴,21
全国,21
年月日,21
难以,21
机构,20
更为,20
模仿,20
美人鱼,20
疗效,20
年轻,20
一天,20
令人,20
染色体,20
电影,20
三次,20
假设,20
重新,20
散步,20
15,20
雄性,20
种类,20
某种,20
实在,20
这里,20
高级,20
具体,20
晚上,20
症,20
7,20
工具,20
特定,20
指导,20
冬季,20
电视,20
复杂,20
异常,20
条,20
嘴,20
高温,20
防治,20
上面,20
实现,20
最佳,20
强调,20
牛肉,20
吵架,20
上升,20
零食,20
统计,20
脱发,20
失调,20
发,20
数字,20
黑,20
水分,19
自杀,19
看来,19
畸形,19
努力,19
吃会,19
化合物,19
神经系统,19
生成,19
基于,19
完成,19
呀,19
搭配,19
怪,19
醋,19
育儿,19
患病,19
常规,19
中医,19
大多,19
便,19
心,19
限量,19
维持,19
上市,19
西瓜,19
反映,19
输入,19
刚,19
米,19
日落黄,19
处,19
普遍,19
声音,19
提升,19
找,19
睡觉,19
9,19
寄生虫,19
关联,19
禁止,19
成像,19
研究所,19
突然,19
几率,19
～,19
不利,19
实验室,19
特点,19
前后,19
南瓜,19
怎样,19
辣椒,19
呈,19
鱼,19
钱钟书,19
攻略,19
繁殖,19
今年,19
饮食习惯,19
植物油,19
常识,19
感到,19
热量,19
阶段,19
生育,19
近距离,19
定期,19
更大,19
以前,19
胎儿,19
研发,19
即便,19
正,19
用来,19
药,19
单位,19
演化,19
详细,18
不再,18
多年,18
人民网,18
能否,18
阴茎,18
早期,18
故事,18
态度,18
精彩内容,18
帖,18
干,18
强烈,18
保健品,18
人会,18
萝卜,18
材质,18
仅,18
解决,18
传说,18
相关性,18
人民,18
公共,18
很快,18
卫生,18
可能性,18
电器,18
专题,18
钛,18
头疼,18
原来,18
用药,18
未来,18
圣女,18
约,18
破解,18
6,18
真是,18
曝光,18
平衡,18
雅黑,18
70,18
子宫,18
想要,18
肺癌,18
么,18
得出,18
个体,18
雾,18
失眠,18
领域,18
有益,18
致人,18
骗局,18
平台,18
抗衰老,18
方向,18
果实,18
同吃,18
偏头疼,18
免疫系统,18
严格,18
部位,18
及其,18
瓜子,18
科学研究,18
微波炉,18
最高,18
推广,18
暴露,17
开发,17
亮度,17
集中,17
紫薯,17
达,17
喂养,17
资料,17
负责人,17
首次,17
口服,17
资讯,17
政府,17
保证,17
停止,17
真,17
进而,17
18,17
视觉,17
深圳,17
总是,17
韭菜,17
稳定,17
有时,17
消除,17
总结,17
眼部,17
动作,17
塑料,17
之中,17
不得,17
谷歌,17
早熟,17
尝试,17
大鼠,17
流失,17
帮,17
楼主,17
转,17
博客,17
服务,17
充分,17
团队,17
以来,17
氯,17
差,17
浸泡,17
不易,17
心情,17
结石,17
主题,17
重金属,17
占,17
?,17
水中,17
凝固,17
太空,17
芹菜,17
质疑,17
离开,17
学步,17
腹痛,17
甜味剂,17
反季节,17
免疫力,17
强国,17
焦虑,17
可怕,17
瞬间,17
增长,17
政策,17
血管,17
连,17
小组,17
全世界,17
正文,17
除草剂,17
．,17
制作,17
媒体报道,17
正如,17
膜,17
结果表明,17
链接,17
飞行,16
孤单,16
新陈代谢,16
气味,16
全,16
来源于,16
过量,16
总局,16
毕竟,16
过多,16
常用,16
放松,16
性格,16
积极,16
禁忌,16
缺陷,16
绝对,16
三杯,16
可致,16
富含,16
将会,16
恐慌,16
加强,16
普及,16
团水,16
一系列,16
区,16
注意力,16
会得,16
道理,16
分为,16
雌性,16
喝掉,16
怎么办,16
蹲,16
解毒,16
重视,16
值得,16
12,16
既,16
关节,16
消毒,16
学者,16
镜片,16
一家,16
看不见,16
眼球,16
配戴,16
果肉,16
方舟子,16
转发,16
不足,16
怀疑,16
膳食,16
协会,16
隐形,16
早就,16
仍然,16
习惯,16
60,16
急性,16
意外,16
飞机,16
使得,16
李,16
泡脚,16
正常人,16
皱纹,16
性状,16
洋葱,16
总,16
很小,16
项目,16
小白鼠,16
几个,16
离,16
智力,16
阿尔茨海默,16
家用,16
各个,16
射精,16
血压,16
扫描,16
口感,16
之外,16
不如,16
有点,16
解答,16
调整,16
基本上,16
营养价值,16
交流,16
哦,16
加速,16
次,16
多喝水,16
还原,16
成年人,16
抗,16
个头,16
标签,15
放在,15
接近,15
杀菌,15
做出,15
橘子,15
开放,15
确切,15
正规,15
中间,15
前不久,15
溶解,15
变,15
阻挡,15
镜像,15
词条,15
诱发,15
核辐射,15
时期,15
紧张,15
?,15
肉食,15
粉,15
老年人,15
周围,15
复制,15
多大,15
家人,15
分,15
原文,15
力量,15
天气,15
膨大,15
上述,15
开心,15
内分泌,15
官方,15
反复,15
成功,15
例子,15
节目,15
法律,15
韩国,15
并未,15
指尖,15
互动,15
抗虫,15
秘密,15
阴道,15
同事,15
骨髓,15
特征,15
匿名,15
家用电器,15
文化,15
长度,15
营养素,15
海里,15
学会,15
不锈钢,15
罹患,15
人口,15
黑体,15
抽样,15
副教授,15
一件,15
钩,15
那种,15
罐头,15
看见,15
安装,15
狗肉,15
物理,15
同食易,15
行动,15
备孕,15
特性,15
」,15
地球,15
死者,15
下面,15
吃饭,15
财经,15
行业,15
近,15
益生菌,15
穿,15
修复,15
道,15
各国,15
原始,15
对照,15
「,15
后者,15
瑞典,15
整盆,15
微弱,15
痴呆症,15
少量,15
半,15
深,15
体质,15
独立,15
代码,15
图,15
受体,15
水是,14
第一次,14
产物,14
感,14
中有,14
通知,14
可见,14
证书,14
产量,14
三代,14
化妆镜,14
酶,14
想象,14
护理,14
哮喘,14
模型,14
更高,14
马悦然,14
意见,14
区别,14
肾,14
消失,14
确认,14
易拉罐,14
蔬菜水果,14
性别,14
双手,14
放射性,14
写,14
主任,14
有无,14
而已,14
均衡,14
惊人,14
远远,14
感受,14
两年,14
送,14
需求,14
生男生女,14
位置,14
二维码,14
权威,14
腾讯,14
手段,14
转变,14
酒精,14
杀死,14
发出,14
精子,14
打击,14
所说,14
采取,14
国家标准,14
多个,14
保障,14
摄入量,14
片,14
瞳孔,14
老化,14
药用,14
生育能力,14
患上,14
纤维,14
物,14
营养成分,14
恢复,14
潜在,14
仅仅,14
持续,14
啥,14
符合标准,14
粉条,14
试图,14
棉花,14
致病,14
行为障碍,14
成长,14
江苏,14
透明,14
生物学,14
城市,14
仪器,14
洗,14
时尚,14
阿姨,14
宫颈癌,14
头发,14
原,14
清醒,14
徒劳无功,14
频繁,14
不必,14
术,14
甜味素,14
符合,14
汤臣,14
之家,14
品牌,14
验尸,14
拍打,14
豆瓣,14
身体健康,14
常,14
屏蔽,14
田螺,14
热心,14
真能,14
舒服,14
远离,14
变异,14
讲,14
豆浆,14
肌肤,14
委员会,14
粗粮,13
爱情,13
皮炎,13
腌制,13
再次,13
重点,13
眼角膜,13
对抗,13
排污口,13
更新,13
未病,13
做法,13
轻松,13
极,13
请问,13
菊长,13
花粉,13
加上,13
奇怪,13
互相,13
皮,13
毫无,13
五钾,13
结婚,13
洗头,13
油炸,13
忽略,13
8,13
俗称,13
担忧,13
葡萄,13
等等,13
有所,13
疼痛,13
教会,13
卡,13
老人,13
吸烟者,13
弹,13
100,13
记得,13
足以,13
一份,13
啤酒,13
跑步,13
制造,13
消化吸收,13
这则,13
癌细胞,13
答,13
卫生防疫,13
整形,13
状况,13
抗体,13
13,13
煮,13
看上去,13
声呐,13
果,13
猫腻,13
泰兴,13
一概而论,13
属,13
电视台,13
台,13
目标,13
加快,13
周一,13
会致,13
食谱,13
白色,13
大麻,13
养成,13
乘坐,13
声称,13
猫,13
揭秘,13
直径,13
办公室,13
肝癌,13
14,13
却是,13
某个,13
两者,13
型,13
腹胀,13
活化,13
本,13
尿布,13
新蓝网,13
超标,13
音乐,13
酒店宾馆,13
杆菌,13
生前,13
相应,13
微博上,13
配,13
种种,13
胃,13
保存,13
电场,13
采访,13
并发症,13
酒店,13
之内,13
夏天,13
医学院,13
中情局,13
涉及,13
基因组,13
育种,13
辨别,13
生殖器,13
咸味,13
智慧,13
咋,13
加,13
优质,13
低频,13
提前,13
列表,13
有用,13
由此可见,13
很少,13
自,13
紫外,13
关心,13
对照组,13
涉嫌,13
辐照,13
不妨,13
矿物质,13
光子,13
互联网,13
兔肉,13
男孩,13
粮食,13
短,13
练习,13
物体,13
热效应,13
厚度,13
科研,13
母婴,13
增多,12
可卡因,12
不敢,12
任意,12
各位,12
想到,12
衣服,12
广州,12
点击,12
镀在,12
合适,12
一段时间,12
除皱,12
减持,12
志愿者,12
推测,12
用品,12
抑郁症,12
天才,12
服,12
脑瘤,12
唯一,12
一包,12
胡萝卜,12
有利,12
没什么,12
蟹,12
建立,12
第三代,12
浑浊,12
渗漏到,12
简介,12
核心,12
现行,12
充满,12
过于,12
新英格兰,12
价值,12
失去,12
刷,12
有时候,12
医学杂志,12
行走,12
样本,12
位于,12
给予,12
数,12
天下,12
一句,12
倾向,12
学术,12
脱水,12
胎盘,12
元素,12
燃烧,12
其次,12
计算机,12
辅助,12
鲜味,12
损失,12
典型,12
体外,12
指数,12
几十年,12
甘草,12
氨基酸,12
外面,12
相互,12
抗氧化剂,12
过分,12
什么样,12
名字,12
对话,12
夸大,12
比如说,12
人造,12
任务,12
交配,12
元,12
以为,12
电,12
健,12
例,12
大都,12
生活习惯,12
允许,12
肌瘤,12
干扰,12
口味,12
脏,12
茄子,12
概率,12
名叫,12
底部,12
饱和,12
高度,12
香,12
波长,12
花都区,12
无关,12
未经,12
丧失,12
全面,12
硬币,12
案例,12
下来,12
绿豆汤,12
蒜薹,12
挂,12
脾胃,12
项圈,12
包装,12
周三,12
反式,12
人士,12
亦,12
难,12
酸痛,12
圈,12
一场,12
定论,12
脚,12
在家,12
水稻,12
离子,12
生态,12
一半,12
性高潮,12
化学物质,12
全文,12
榜,12
一切,12
衰退,12
近年来,12
几年,12
屈光,12
在内,12
太阳,12
巧克力,12
即可,12
越大,12
粉碎机,12
想法,12
掉,12
热,12
满足,12
迷信,12
餐饮,12
做到,12
紊乱,12
素食者,11
排斥,11
意思,11
偶尔,11
一生,11
相同,11
草酸,11
酒,11
深度,11
当前,11
豆类,11
除非,11
高出,11
柠檬黄,11
充当,11
深呼吸,11
体系,11
流产,11
版,11
中国农业大学,11
信,11
论证,11
二者,11
寻找,11
块,11
毫米,11
家电,11
肺,11
尚未,11
民间,11
自然界,11
无毒,11
只不过,11
探测,11
德国,11
食品科学,11
否定,11
空气污染,11
欧洲,11
半月,11
μ,11
嘴里,11
所在,11
携带,11
除此之外,11
导入,11
射频,11
麻痹,11
糖果,11
大大,11
挑选,11
文字,11
摄氏度,11
回头客,11
尽量避免,11
唾液,11
成本,11
预期,11
病因,11
聊天,11
直播,11
流行病学,11
花生,11
确保,11
台湾,11
神,11
识别,11
蓝色,11
考察,11
运用,11
固定,11
有机,11
从事,11
喝水,11
在线,11
大规模,11
消灭,11
取决于,11
面对,11
警惕,11
属实,11
地面,11
旁边,11
除,11
便秘,11
执行,11
臭氧,11
如同,11
我家,11
治愈,11
完整,11
短信,11
中文,11
微波,11
疯狂,11
平均寿命,11
附近,11
保鲜,11
外来,11
消耗,11
胃肠,11
监督管理,11
讲究,11
纸尿裤,11
开水,11
室内,11
不够,11
麻醉,11
图像,11
地图,11
切换,11
构成,11
16,11
越多越,11
应当,11
揭示,11
贡献,11
依赖性,11
热传,11
退行性,11
来讲,11
名为,11
倒,11
弗,11
多数,11
亲子,11
机理,11
包含,11
硒,11
适应,11
认证,11
波动,11
消费,11
鱼肚,11
平常,11
本来,11
部门,11
感冒药,11
一般来说,11
使人,11
不仅仅,11
不错,11
花,11
定义,11
不良,11
11,11
系,11
承认,11
存活,11
时代,11
盐分,11
绿色食品,11
厕所,11
发热,11
体验,11
跳转,11
泡,11
很强,11
错误,11
干燥,11
利益,11
甲醛,11
积善,11
鸦片,11
女子,11
挺,11
对人,11
执法,11
维,11
现实,11
规范,11
恐怕,11
爱因斯坦,11
注入,11
千万别,11
遗体,11
状,11
显然,11
摄取,10
走动,10
卖,10
负责,10
水小,10
干预,10
人能,10
数量级,10
前提,10
广告位,10
人数,10
不正,10
二氧化碳,10
形状,10
降雨,10
阮光锋,10
工程院,10
退出,10
参与者,10
近视眼,10
充足,10
负担,10
化学作用,10
医师,10
有限,10
放入,10
解剖,10
化学式,10
前兆,10
孟山都,10
四,10
准备,10
学生,10
如今,10
抗氧化,10
40,10
常会,10
男人,10
查出,10
难道,10
获取,10
儿科医生,10
一边,10
生长发育,10
农民,10
抛,10
绿豆,10
这位,10
准确,10
页面,10
总体,10
激活,10
下去,10
海生,10
溶液,10
散光,10
可爱,10
眼,10
尿液,10
框架,10
形式,10
鲫鱼,10
生化,10
较为,10
阿片类,10
强大,10
追踪,10
过滤,10
健康状况,10
生存,10
磁场,10
浏览,10
另一方面,10
白酒,10
位,10
出生,10
减退,10
优势,10
烂,10
发作,10
像是,10
中央,10
操作,10
主,10
何时,10
题图,10
木瓜,10
娱乐,10
伤元气,10
鱼类,10
主人公,10
参考资料,10
已有,10
各种各样,10
适用,10
平板,10
朱毅,10
周日,10
暂时,10
电子,10
区区,10
玩家,10
尚,10
两侧,10
面,10
嘛,10
慢慢,10
农作物,10
规律,10
不停,10
基因突变,10
万股,10
旅游,10
力,10
复原乳,10
铬,10
智能,10
出血,10
这方面,10
更换,10
受孕,10
检验,10
更衣室,10
无处不在,10
等到,10
号称,10
严谨,10
钾,10
生物碱,10
毫西,10
分布,10
注意事项,10
自行,10
烹调,10
氧气,10
害怕,10
2.5,10
美食,10
高于,10
热点,10
措施,10
香味,10
转入,10
一堆,10
训练,10
黑洞,10
外源,10
扩散,10
做饭,10
视为,10
抗癌,10
天生,10
木耳,10
50,10
筛查,10
骗人,10
清除,10
造血,10
硬度,10
想想,10
老百姓,10
扩张,10
穴位,10
好像,10
理由,10
水能,10
海洋,10
调味,10
灯光,10
有害物质,10
不了,10
樱桃,10
自家,10
年间,10
孕期,10
言论,10
灯,10
美,10
以此,10
体育,10
激发,10
趋势,10
消毒剂,10
危机,10
风味,10
菜,10
接下来,10
标识,10
式,9
气温,9
外形,9
情景,9
题为,9
蜀黍,9
果汁,9
化,9
文娱,9
水在,9
不然,9
坚果,9
据说,9
苦味,9
主流,9
顾客,9
皇帝,9
三个,9
升高,9
心脑血管,9
喝酒,9
重大,9
高热量,9
卸载,9
透露,9
源,9
参考,9
它会,9
汇,9
读书,9
发烧,9
进化,9
依靠,9
抓,9
赞同,9
波,9
聚焦,9
佩带,9
制定,9
咸吧,9
一层,9
心血管病,9
冬天,9
嵌入,9
果农,9
嘴角,9
亚硝酸盐,9
待,9
阻止,9
埃及,9
查,9
御寒,9
很久,9
间,9
抵御,9
几种,9
饥饿,9
血液循环,9
放进,9
白日梦,9
活跃,9
心中,9
减弱,9
法律法规,9
一是,9
青睐,9
2011,9
自由基,9
猫咪,9
局部,9
科学界,9
众所周知,9
莲子,9
商店,9
疑问,9
酸奶,9
打电话,9
小于,9
电话,9
立即,9
适宜,9
提及,9
新闻报道,9
皂素,9
生病,9
触发,9
策略,9
重庆,9
腹部,9
胃癌,9
奥秘,9
姿势,9
右侧,9
拾起,9
脏器,9
站立,9
回,9
一款,9
橄榄油,9
重,9
超市,9
胶原,9
做做,9
一群,9
面前,9
硬性,9
水垢,9
新型,9
永远,9
仅供参考,9
眼科医生,9
港人,9
创造力,9
肝肾,9
果蔬,9
伤,9
科学性,9
奶,9
民众,9
确诊,9
医嘱,9
杂质,9
受损,9
大脑皮层,9
消化道,9
重复,9
三氧化二砷,9
目前为止,9
市面上,9
整体,9
纳闷,9
为主,9
熟悉,9
客户,9
女,9
较差,9
月份,9
厘米,9
转移,9
恋爱,9
益处,9
收集,9
最坑,9
儿子,9
饲料,9
白细胞,9
奶粉,9
小儿,9
杭州,9
期刊,9
神秘,9
大人,9
鼓励,9
纳入,9
费用,9
一根,9
季节,9
胰岛素,9
社交,9
有个,9
果皮,9
恶心,9
同治,9
即将,9
三十五,9
你们,9
―,9
离子水,9
略带,9
妈网,9
复制本,9
黄色,9
由来已久,9
指南,9
味,9
合作,9
此前,9
排行榜,9
现有,9
共同,9
上海,9
年纪,9
麻烦,9
多方面,9
松鼠,9
哪个,9
肝,9
用作,9
绝大多数,9
消化系统,9
回家,9
毛细血管,9
金属,9
一方,9
照片,9
辐射线,9
卵巢囊肿,9
投入,9
表,9
一遍,9
背景色,9
一致,9
作业,9
哥哥,9
因而,9
场景,9
回来,9
智商,9
制,9
帕金森病,9
前者,9
传闻,9
听听,9
极大,9
昼夜节律,9
成人,9
面部,9
差不多,9
主体,9
骡子,9
钱,9
合格,9
远处,8
胖,8
提取,8
一袋,8
美白,8
论,8
累,8
容器,8
怎么回事,8
最早,8
美丽,8
明白,8
墙上,8
知名,8
随后,8
从来,8
时要,8
正式,8
芒果,8
碗装,8
移动,8
给出,8
250,8
皆,8
转化,8
物品,8
原则,8
阿斯巴甜,8
●,8
老师,8
越长,8
头,8
呼吸,8
补水,8
时刻,8
浙商,8
情感,8
单纯,8
海鲜,8
油菜,8
主打,8
一颗,8
护肤,8
女孩子,8
卫生部,8
小丸子,8
轻易,8
越高,8
扫把,8
出行,8
无意识,8
电生,8
此后,8
参考文献,8
五,8
小朋友,8
25,8
颈椎,8
盛传,8
供应商,8
此时,8
发生率,8
等待,8
认同,8
记住,8
词汇,8
番木瓜,8
愿意,8
鸡,8
周,8
生物钟,8
程序,8
123,8
门,8
水富,8
爆料,8
眺望,8
90,8
厂家,8
亿,8
剧毒,8
标志,8
幼儿园,8
呼出,8
不知,8
主动,8
磁场强度,8
降解,8
致使,8
粪便,8
心理学,8
成年,8
成立,8
冷,8
药店,8
红外线,8
沾,8
盲目,8
关键因素,8
弹性,8
焦油,8
开启,8
电视直播,8
后期,8
律师,8
夫妻,8
气象,8
估计,8
报,8
注,8
缩短,8
替代,8
房产,8
狗,8
热门,8
奇克,8
提交,8
纠结,8
美年达,8
老婆,8
呼吸道,8
每周,8
外星人,8
金瓜,8
欧盟,8
匹配,8
数值,8
空,8
中药,8
最强,8
学院,8
子子子,8
二是,8
那个,8
字号,8
凌晨,8
设计,8
往,8
年轻人,8
硝基,8
宇宙,8
误传,8
隔夜,8
噁,8
人生,8
夜间,8
净水,8
试,8
睡,8
求,8
污染物,8
研究员,8
发放,8
三价,8
膨化食品,8
岂,8
时报,8
戴上,8
版本,8
科研人员,8
临床试验,8
埃,8
陆地,8
支架,8
国产,8
缺钙,8
迄今,8
虽,8
怕,8
角膜炎,8
掌握,8
有意思,8
加拿大,8
预测,8
菜谱,8
一杯,8
运动员,8
众多,8
导读,8
喂,8
两次,8
中说,8
组,8
当时,8
所用,8
厚,8
常喝,8
反对,8
荟萃,8
双方,8
与其,8
看一看,8
斑点,8
记载,8
番薯,8
谚语,8
特大,8
一例,8
黑色,8
真实,8
嗅觉,8
取得,8
玻璃杯,8
仪,8
虚假,8
神经元,8
空心,8
值得注意,8
修饰,8
感兴趣,8
收到,8
葡萄糖,8
外观,8
你家,8
肉类,8
体温,8
商业化,8
一套,8
遭受,8
法国,8
口腔,8
易患,8
马上,8
针灸,8
混合,8
大海,8
千万,8
痕,8
人参,8
焦点,8
停药,8
食用量,8
复发,8
调理,8
次数,8
害死,8
要是,8
无线电波,8
箐,8
环节,8
水面,8
200,8
日子,8
招聘,8
民调,8
适度,8
净化,8
菌,8
身心健康,8
吸引力,8
澄清,8
打印,8
烧,8
夹,8
篇文章,8
放射性物质,8
有损,8
花青素,8
多动,8
引进,8
长毛,8
战略,8
反射层,8
不应,8
甲状腺肿,8
抵抗,8
反,8
瘦,8
五价,8
搞,8
对应,8
广东,8
神乎其神,8
软膏,8
视网膜,8
闻到,8
时请,8
借助,8
认可,8
大米,8
鸡肉,8
脑,8
可用,8
钻石,8
馆友,8
男女,8
因人而异,8
昨天,8
口,8
眼贴,7
预见,7
当地,7
写作,7
步行,7
出汗,7
星,7
放射,7
上部,7
科,7
脊髓灰质炎,7
彩色,7
坠落,7
换,7
一放,7
睡前,7
名称,7
姐妹,7
他人,7
时政,7
内科,7
伤不起,7
腰疼,7
敲击,7
母亲,7
责任,7
丢失,7
思考,7
羟色胺,7
因子,7
印度,7
中国日报,7
功率,7
灭菌,7
进去,7
谷氨酸钠,7
缩小,7
普通人,7
好看,7
多次,7
杀生,7
令,7
眼动,7
煎炸,7
微量,7
这次,7
九十年代,7
通勤,7
电脑屏幕,7
巴西,7
为例,7
到处,7
大致,7
以内,7
身体状况,7
看不到,7
难受,7
学校,7
生物学家,7
19,7
吸,7
母乳,7
手电,7
爬,7
放到,7
蚊,7
叶片,7
敢,7
详情,7
重量,7
争论,7
隔离,7
优点,7
禁用,7
异味,7
周林,7
这时,7
驱虫药,7
栏目,7
体,7
打虫,7
灾难,7
做好,7
随身,7
此文,7
细胞因子,7
广场,7
两块,7
件,7
一张,7
各类,7
半衰期,7
很长,7
灯用,7
提醒您,7
菩萨,7
食入,7
线,7
味觉,7
军事,7
一招,7
盐浓度,7
总共,7
超重,7
公共场所,7
药品,7
脑组织,7
坐,7
八,7
闭眼,7
可口可乐,7
竟,7
提起,7
叮咬,7
肥料,7
穿越,7
错,7
口渴,7
乏力,7
小编,7
外科,7
冠心病,7
这会,7
便捷,7
日前,7
追求,7
并不等于,7
留在,7
食盐,7
关掉,7
频段,7
交替,7
降到,7
糖精,7
近期,7
密度,7
红色,7
生物体,7
代替,7
起降,7
版块,7
就让,7
草酸钙,7
前沿,7
轻度,7
生命力,7
铀,7
直到,7
设施,7
检出,7
人民日报,7
出手,7
普遍认为,7
搜狐,7
鲨鱼,7
走步,7
婴幼儿,7
步骤,7
女士,7
均匀,7
浏览器,7
样本量,7
促使,7
到达,7
从未,7
海,7
粉尘,7
咸菜,7
之谜,7
去年,7
叶酸,7
集团,7
话,7
当作,7
引入,7
注明,7
公共厕所,7
风靡一时,7
沉淀,7
氧化锌,7
工作人员,7
难度,7
叫做,7
带入,7
密码,7
具备,7
标志物,7
相处,7
不得不,7
受害者,7
将来,7
大型,7
手,7
慎重,7
作,7
揭开,7
稍微,7
精准,7
21,7
管理局,7
脚尖,7
负面,7
多糖,7
愈合,7
高空,7
→,7
好事,7
假如,7
商城,7
找出,7
杀手,7
写道,7
误解,7
见,7
观看,7
妊娠,7
野生,7
不足以,7
早已,7
培育,7
方案,7
坏,7
葱,7
病症,7
旁,7
女生,7
独自,7
无毒害,7
多样性,7
广播,7
耶鲁大学,7
颈椎病,7
伤口,7
内部,7
有效性,7
吃火锅,7
面临,7
挡光,7
培养,7
隐私,7
取代,7
四个,7
有趣,7
差别,7
出门,7
食材,7
车子,7
细节,7
清华大学,7
美女,7
下载,7
必不可少,7
就诊,7
模拟,7
灭绝,7
前期,7
千克,7
独有,7
暗物质,7
插入,7
氧,7
猪,7
螺旋,7
谨慎,7
传递,7
免费,7
调节力,7
肥胖症,7
原本,7
门诊,7
视,7
胭脂红,7
体积,7
联合,7
玩得,7
低下,7
防,7
模块,7
矫正,7
流通,7
镜面,7
营养不良,7
副产物,7
坏死,7
工程,7
北京市,7
表达,7
盛怒,7
年内,7
配食,7
间接,7
不幸,7
满意,7
亿元,7
胡小松,7
领导,7
比起,7
面包,7
乳制品,7
增大,7
止泻药,7
一盆,7
柜子,7
两组,7
男子,7
白天,7
礼物,7
辐射源,7
门把手,7
剑桥大学,7
是从,7
过敏症,7
传染病,7
不止,7
温热,7
出售,7
祛湿,7
昆虫,7
亮处,7
菌群,7
后果,7
抵着,7
变弱,7
0,7
抵挡,7
几次,7
编程,7
仓库,7
碳酸,7
淋浴,7
监测,7
炒菜,7
额外,7
晚霞,7
北极,7
默认,7
咖啡因,7
膝盖,7
负荷,7
伪科学,7
贴到,7
一个月,7
彼此,7
盐类,7
加以控制,7
穿透性,7
理想,7
氧水,7
光泽,7
水溶性,7
呼气,7
专利,7
刷屏,7
年前,7
层,7
一片,7
恒星,7
途径,7
临时,7
变咸,7
满地跑,7
公布,7
左,7
澳大利亚,7
感应,7
胶带,7
每公斤,7
病毒感染,7
取,7
自我,7
用水,7
噱头,7
五大,7
广东省,7
无效,7
×,7
同吃同,7
信心,7
减轻,7
球藻,7
排血,7
被试,7
恐怖,7
大幅,7
羽毛球,7
危言耸听,7
群体,6
发短,6
重要性,6
疤痕,6
无需,6
磁感应,6
愉悦,6
天涯,6
分离,6
酸碱,6
降,6
三罐,6
香瓜,6
照光,6
绝大部分,6
散布,6
萎缩,6
其前,6
基金会,6
法来,6
单个,6
堆积,6
当半,6
纳米,6
太阳光,6
纯属,6
业务,6
各地,6
别的,6
几分,6
自然选择,6
片段,6
风力,6
高脂肪,6
解读,6
商业,6
鲸鲨,6
出去,6
幼儿,6
睡觉时,6
揭,6
远红外,6
日照,6
单一,6
大豆油,6
罐上,6
显示器,6
糖分,6
含水量,6
作怪,6
炎症,6
可取,6
爱尔兰,6
骗,6
放大,6
邀请,6
害处,6
懂,6
增生,6
看似,6
介入,6
妹妹,6
拓荒者,6
越是,6
白炽灯,6
禁食,6
鹅肉,6
果紫薯,6
无所遁形,6
软性,6
声明,6
吸附,6
穿过,6
积累,6
退化,6
浮现,6
包,6
儿科,6
选用,6
稀释,6
群,6
密切,6
麻麻,6
锌,6
暗藏,6
海宁,6
挡住,6
一批,6
胸闷,6
蛋黄,6
难题,6
分辨,6
信箱,6
燕窝,6
宇宙射线,6
会以,6
土豆,6
定,6
安宁,6
增殖,6
四种,6
无毛,6
橙汁,6
不仅如此,6
工业,6
妇科,6
44,6
言,6
两者之间,6
至关重要,6
和谐,6
空洞,6
装扮,6
食肉动物,6
云,6
并不需要,6
关节炎,6
铁锅,6
打开,6
尽可能,6
喝杯,6
告知,6
两天,6
德国人,6
虫子,6
频谱仪,6
回响,6
一对,6
衰竭,6
飞虹,6
脑部,6
饱满,6
湿润,6
接听,6
预计,6
随便,6
延长,6
再也,6
讯,6
试试,6
成都,6
呈现,6
遭到,6
太多,6
健康报,6
路,6
千里,6
性质,6
水质,6
进步,6
感染性,6
兴趣,6
水气,6
祭,6
荸荠,6
乙酯,6
环绕,6
视线,6
产业,6
征兆,6
煎,6
综合征,6
英,6
特意,6
刊登,6
可不是,6
外界,6
甘薯,6
斥责,6
饱腹,6
寨,6
反倒,6
许可证,6
甄别,6
上皮细胞,6
急诊,6
气流,6
岩岩,6
存活率,6
微网,6
中文版,6
暗处,6
出处,6
火山,6
病原体,6
怪罪,6
痢疾,6
后续,6
变薄,6
坐在,6
一面,6
柠檬水,6
项,6
求证,6
行,6
配合,6
朝霞,6
看过,6
死亡率,6
儿科学,6
文章内容,6
受不了,6
为此,6
单体,6
太久,6
卓别林,6
炼制,6
兴奋,6
莫名其妙,6
度数,6
应激,6
痊愈,6
无机,6
相差,6
运行,6
急救,6
客服,6
包裹,6
废物,6
监测中心,6
刚刚,6
个体差异,6
通行证,6
三种,6
海洋生物,6
软件,6
治,6
呼吸系统,6
指法,6
最多,6
毁容,6
上火,6
退休,6
煮沸,6
选,6
不当,6
研究成果,6
代表性,6
盯,6
包等,6
网版,6
磁化水,6
互助,6
致癌物,6
非洲,6
体现,6
四川,6
布洛芬,6
方便面,6
根源,6
肽,6
吃亏,6
作出,6
暴毙,6
炒作,6
哥,6
鳖肉,6
抗病,6
舒适,6
大气,6
餐馆,6
巨,6
再支,6
左侧,6
制剂,6
好吃,6
还好,6
第一个,6
单独,6
转载,6
沾染,6
苍白,6
最佳答案,6
有待,6
有强,6
接入,6
推进,6
房东,6
变性,6
沸沸扬扬,6
体液,6
失活,6
铁,6
单向,6
骑车,6
致,6
相比之下,6
尚无,6
可惜,6
小时候,6
吃进,6
杀菌剂,6
认定,6
美味,6
杀,6
周期,6
带上,6
亮,6
沙漠,6
远方,6
脸上,6
换成,6
活得,6
说道,6
四处,6
改造,6
组成,6
危险性,6
相,6
哥伦比亚大学,6
忙,6
万,6
女友,6
心理健康,6
癌变,6
坎贝尔,6
温暖,6
电子游戏,6
模糊,6
精确,6
事儿,6
纽约时报,6
好好,6
杀伤力,6
截至,6
嫌,6
家里,6
照射到,6
餐巾纸,6
孤独,6
总之,6
一只,6
抽烟,6
彻底,6
楼,6
镁,6
量子力学,6
遗传性,6
应对,6
馒头,6
收获,6
保湿,6
医学专家,6
聪明,6
准则,6
生命周期,6
三年,6
农业部,6
背景图,6
通用,6
纽约,6
品质,6
2016,6
搜,6
相结合,6
组织细胞,6
夏季,6
宇航员,6
图书馆,6
会因,6
不利于,6
滥用,6
光机,6
肝炎,6
白,6
冬瓜,6
会议,6
较强,6
新蓝,6
搬家,6
上班,6
颗粒物,6
就此,6
燃料,6
常态,6
再生,6
乳酸,6
吨,6
综上所述,6
衡量,6
香肠,6
大中小,6
爆发,6
色彩,6
苦,6
人家,6
恐惧,6
挑食,6
病菌,6
先进,6
检定,6
率,6
租房,6
粒子,6
咯,6
缺点,6
检索,6
每隔,6
专家建议,6
再现,6
毒品,6
靶向,6
贵,6
上课,6
三明治,6
一方面,6
长得,6
餐桌,6
冰淇淋,6
柔和,6
运动量,6
乳,6
2013,6
表述,6
无糖,6
镜箱,6
胶质瘤,6
量子,6
有氧,6
厉害,6
间隔,6
凭,6
漂亮,6
强化,6
2015,6
马,6
偷,6
闻,6
出台,6
首选,6
曝露,6
罂粟,6
监督,6
不饱和,6
接收,6
制造商,6
灵魂,6
水准,6
阻碍,6
凤凰,6
算是,6
口服液,6
启动,6
管,6
强烈建议,6
纯,6
也好,6
欢迎,6
喷洒,6
所致,6
居然,6
变形,6
塑料制品,6
抗菌,6
喷发,6
两三次,6
防雾,6
一枚,6
葡萄干,6
世卫,6
耐药,6
睡姿,6
咳嗽,6
身边,6
肖鹰,6
想当然,6
谈不上,6
白屏,6
身高,6
恶化,6
跑,6
时能,6
反过来,6
赵,6
被试者,6
猜测,6
完善,6
饲养,6
寻求,6
那里,6
名义,6
咬,6
真有,6
误导,6
关键词,6
杯,6
出口,6
同学,6
危及,6
尽量减少,6
子里,6
碘,6
行家,6
减重,5
不论,5
杜绝,5
虾子,5
食草动物,5
乘客,5
使用量,5
以便,5
大奖,5
心病,5
400,5
秀,5
多发性,5
穿刺,5
钠,5
缓慢,5
宽,5
水产,5
博拉,5
发射,5
没法,5
万名,5
有力,5
披露,5
疼,5
不太,5
十年,5
轻信,5
协助,5
看着,5
羟,5
星座,5
南美洲,5
卷烟,5
配方,5
不相称,5
大学生,5
将近,5
没事儿,5
就是说,5
界,5
而成,5
苦籽,5
自定义,5
防癌,5
身亡,5
梨,5
乙肝,5
600,5
产后,5
久,5
很难说,5
误区,5
君,5
女儿,5
前面,5
66,5
故,5
馆藏,5
如下,5
迹象,5
连用,5
2012,5
拒绝,5
分支,5
绝种,5
颗粒,5
越多越好,5
活力,5
人前,5
布奇,5
机场,5
胰腺炎,5
桌面,5
委托,5
算法,5
假说,5
亚砷酸,5
可别,5
高风险,5
通讯录,5
余氯,5
喜爱,5
政治,5
虚拟现实,5
列为,5
致死量,5
煤矿,5
廖西元,5
瑞士,5
黑斑,5
异物感,5
腰,5
过敏性,5
精英,5
高效,5
一把,5
肝吸虫,5
母鸡,5
幻想,5
市集,5
无数,5
购物,5
哥特,5
花生油,5
骨骼,5
羊肝,5
目录,5
摘,5
慢性病,5
甲酸,5
环保部门,5
控制情绪,5
讲话,5
失明,5
基质,5
返流,5
投诉,5
怪事,5
操纵,5
未曾,5
主持人,5
查阅,5
医学界,5
从小,5
酐,5
看法,5
教,5
绿,5
鼻,5
天内,5
维多利亚,5
燕麦,5
换句话说,5
妳,5
扶,5
黏膜,5
针剂,5
安全隐患,5
传染,5
手臂,5
期限,5
极端,5
私人,5
族,5
控制中心,5
起源,5
山药,5
沟通,5
七种,5
理疗,5
水等,5
下葬,5
农户,5
Ｃ,5
高脂,5
超常,5
加载,5
调控,5
来到,5
染色,5
湖南,5
饮水,5
腰围,5
最有,5
护眼,5
看其,5
开,5
纤维素,5
彩椒,5
品尝,5
波段,5
进程,5
胡萝卜素,5
藤,5
毒害,5
食管,5
三七,5
表皮,5
重组,5
一周,5
我妈,5
消化不良,5
流血,5
鱼虾,5
制成,5
大大减少,5
文件,5
整容,5
受益,5
专业人士,5
冲洗,5
玫瑰花,5
运送,5
此次,5
必死,5
招募,5
放疗,5
没用,5
净水器,5
飞行员,5
回忆,5
课堂,5
普遍存在,5
预示,5
校园,5
保持良好,5
酸,5
常说,5
帕金森,5
成功率,5
葡萄酒,5
碳水化合物,5
【,5
婚姻,5
北,5
肺部,5
总的来说,5
十几年,5
瞻仰,5
坐地铁,5
核雾染,5
过长,5
双脚,5
美国农业部,5
够,5
疫情,5
你好,5
蒸煮,5
形态,5
版权所有,5
混,5
说明书,5
辐射能,5
胶囊,5
甲状腺,5
网页,5
羊水,5
药剂,5
足,5
技术人员,5
虾类,5
啰啰嗦嗦,5
活,5
最为,5
醒来,5
出版,5
延年益寿,5
这件,5
眼药水,5
80,5
警告,5
数据库,5
据悉,5
变质,5
推,5
巨头,5
人工智能,5
窗口,5
客观规律,5
居住,5
肝病,5
明确指出,5
烦恼,5
健身,5
内脏,5
吴荣雪,5
并不大,5
成用,5
黄帝内经,5
光鲜,5
第二天,5
酸碱性,5
既有,5
立方,5
一台,5
赏,5
劣质,5
摆,5
毛发,5
观念,5
通,5
共有,5
缩水,5
光学,5
大于,5
食易,5
常戴,5
花费,5
遗容,5
方,5
困难,5
衰变,5
勤奋,5
α,5
气,5
成员,5
上网,5
标注,5
喂食,5
以免,5
越白越,5
血型,5
未必,5
越慢,5
–,5
国人,5
看出,5
超,5
时会,5
致畸,5
竟有,5
下一代,5
体检,5
先生,5
机对,5
不安,5
空调,5
电解,5
加剧,5
海南,5
松弛,5
区分,5
放出,5
不良情绪,5
组成部分,5
对比度,5
失败,5
说起,5
中波,5
冰川,5
街,5
青,5
偏高,5
读者,5
虫,5
化学成分,5
运作,5
误会,5
猕猴桃,5
法藤,5
供,5
腰椎,5
玩具,5
水分子,5
已知,5
色泽,5
小叶,5
死时,5
切片,5
脸谱,5
逃,5
暗淡,5
中断,5
缺失,5
功率密度,5
继,5
攻击,5
编码,5
胃里,5
毫无疑问,5
革命,5
验光,5
苋菜,5
肉体,5
罗伯特,5
大肠,5
纳,5
手中,5
避孕药,5
高峰,5
大卫,5
机能,5
剧,5
铁锈,5
留言,5
敞开,5
支撑,5
两类,5
同步,5
学术论文,5
结肠癌,5
开来,5
食物中毒,5
十五,5
生殖细胞,5
恶劣,5
严禁,5
一出,5
老年痴呆,5
筛选,5
源于,5
治未病,5
软媒,5
氨基,5
挑剔,5
造成危害,5
七孔,5
延迟,5
以外,5
第二,5
阴阳,5
胸透,5
访问,5
这张,5
宗教,5
吃掉,5
标靶,5
装有,5
寒冷,5
济南,5
战,5
形容,5
条纹,5
限值,5
医苑,5
随之,5
氧化剂,5
添加物,5
传导,5
高管,5
深入,5
个性化,5
书籍,5
鱼鳞,5
卫生部门,5
抵抗力,5
户外,5
无所谓,5
山,5
公鸡,5
争相,5
离婚,5
风,5
鸭梨,5
醛类,5
大蒜,5
相继,5
副总经理,5
例外,5
致瘾量,5
夜班,5
暖和,5
脖子,5
提倡,5
置于,5
好友,5
解决问题,5
摧毁,5
羟基,5
泄殖腔,5
扫,5
发挥作用,5
创造,5
询问,5
以下几点,5
溃烂,5
审讯,5
羞于启齿,5
手机游戏,5
感染率,5
各不相同,5
最初,5
基因型,5
流量,5
对乙酰氨基酚,5
感知,5
氧化物,5
负离子,5
多阳,5
食性,5
动态,5
初步,5
矿泉水,5
西,5
赏层,5
打死,5
广谱,5
困惑,5
猪蹄,5
清晰,5
灵长类,5
护理液,5
蒜,5
汗液,5
其所,5
黑鱼,5
手指甲,5
爱好者,5
短暂,5
面粉,5
时应,5
太过,5
透视,5
新生儿,5
有益健康,5
性激素,5
少数,5
暗示,5
不良反应,5
和慈禧,5
携,5
街道,5
水泡,5
归咎于,5
科学实验,5
墨尔本,5
央视,5
毫升,5
期,5
太大,5
电磁炉,5
重度,5
分组,5
安全线,5
癌,5
套,5
不久前,5
主任医师,5
断定,5
主要症状,5
家庭医生,5
脱髓鞘,5
不必要,5
营养物质,5
传出,5
独特,5
忽视,5
装镜,5
人民币,5
偷窥狂,5
看好,5
神马,5
发新帖,5
深层,5
赶紧,5
当年,5
选取,5
米歇尔,5
机器,5
威斯,5
挽救,5
过后,5
胃肠道,5
影院,5
波谱,5
95,5
半信半疑,5
这篇,5
跟着,5
猴子,5
通信,5
半小时,5
乙肝疫苗,5
载体,5
历史学家,5
心理学家,5
精力,5
同义词,5
鼹鼠,5
一块,5
溶性,5
血小板,5
柑橘,5
海味,5
戴眼镜,5
平方米,5
救治,5
帐号,5
两岁,5
不至于,5
小伙伴,5
泉州,5
多余,5
现代,5
化妆,5
随意,5
这套,5
屏障,5
汤,5
屁,5
刺激性,5
共,5
影片,5
团,5
层面,5
万人,5
法治,5
可怜,5
未知,5
疹,5
!,5
体细胞,5
火腿,5
食药监,5
304,5
疗程,5
转自,5
游客,5
忽悠,5
丑,5
长痘痘,5
火,5
储存,5
协调,5
南非,5
排行,5
沉思,5
采纳,5
多梦,5
湿疹,5
大宗,5
光亮度,5
各大,5
下蛋,5
33,5
躲藏在,5
皮质醇,5
初级阶段,5
铅,5
毒药,5
儿童节,5
不想,5
易致,5
特有,5
六一,5
酸酐,5
甜,5
丹麦,5
散发,5
透过,5
所有人,5
点评,5
阅览室,5
回顾,5
旨在,5
含羞草,5
收取,5
神水,5
病理,5
性成熟,5
必然,5
放射源,5
地下,5
熟知,5
摸不着,5
聚集,5
碘酸钾,5
化验,5
民族,4
底层,4
电离,4
不亲,4
用眼,4
怎么样,4
受伤,4
功能障碍,4
内地,4
上要,4
餐饮行业,4
历史名人,4
一瓶,4
成熟期,4
增产,4
减小,4
0,4
知性,4
氰化物,4
辐射强度,4
作家,4
转移性,4
肠,4
杯中,4
莫名,4
段时间,4
还原剂,4
对联,4
拔牙,4
耸人听闻,4
按摩,4
背面,4
订阅,4
尺寸,4
公共交通,4
幽门,4
展示,4
先天,4
隐型,4
佐证,4
试用,4
有色,4
缘故,4
眼中,4
晚期,4
亲,4
热带,4
终于,4
炖煮,4
不良影响,4
制品,4
意图,4
本杰明,4
体表,4
费洛蒙,4
屡见不鲜,4
发苦,4
冲,4
偶然,4
渗透力,4
大虾,4
欧米,4
体育频道,4
聊,4
男,4
小儿麻痹症,4
害,4
小腿,4
迁移,4
慈悲,4
一波,4
藏,4
交感神经,4
姜,4
粉刺,4
梦境,4
情形,4
自动,4
苹果绿,4
爸爸妈妈,4
名人,4
交流中心,4
每千克,4
图片库,4
慢,4
走进,4
短期,4
伽马射线,4
孕育,4
偏差,4
图片大小,4
路边,4
幼虫,4
身体素质,4
脐带,4
休,4
虽说,4
问卷,4
甜菜,4
万能,4
美瞳,4
承受,4
没关系,4
砂锅,4
发霉,4
播放,4
之计,4
细嚼慢咽,4
别有用心,4
浙江人,4
禽流感,4
一味,4
中等,4
毛孔,4
野猪,4
空腔,4
祝福语,4
蓝微博,4
碗,4
逐年,4
复原,4
有望,4
乱说,4
利尔,4
农村,4
随,4
诱人,4
误读,4
学科,4
生吃,4
遵循,4
31,4
推波助澜,4
探测器,4
宜忌,4
现实生活,4
深处,4
劳复,4
顺序,4
美好,4
诈骗案,4
明天,4
排盐,4
立刻,4
副,4
交际,4
大便,4
城,4
硬镜,4
密集,4
样,4
有效成分,4
告破,4
1,4
奇闻,4
霍霞,4
商品,4
聚苯乙烯,4
肚里,4
属性,4
北京晨报,4
樟树,4
高耗能,4
患病率,4
日报,4
瘀,4
必购,4
两人,4
侵袭,4
微克,4
水解,4
皮革,4
凝固点,4
新浪网,4
器械,4
假新闻,4
原子,4
巯基,4
半年,4
解析,4
实质性,4
播客政,4
恐龙,4
搭,4
审批,4
儿童医院,4
书评,4
菜单,4
摘下,4
越强,4
玫瑰,4
极少,4
一言不合,4
职业化,4
寒凉,4
碘化钾,4
摆在,4
好转,4
根本原因,4
塞利,4
蜂王浆,4
三是,4
九州,4
四项,4
普林斯顿大学,4
扮演,4
离不开,4
极光,4
途中,4
不太可能,4
饮食结构,4
看望,4
综合症,4
荔枝,4
之下,4
模拟器,4
产,4
权利,4
哪儿,4
望远镜,4
三组,4
依次,4
补,4
量化,4
地位,4
瘦肉精,4
罪,4
】,4
镉,4
灬,4
硫氰酸,4
杀虫剂,4
场所,4
美体,4
神经病,4
成就,4
2.01601E+13,4
旋转,4
镜头,4
电压,4
窗外,4
刘,4
饮,4
肠炎,4
四川省,4
疔,4
多万,4
先兆,4
万吨,4
高智商,4
免责,4
有用吗,4
饮茶,4
新知,4
展现出,4
拉远,4
好找,4
短命,4
久之,4
一口,4
十大,4
躲进,4
尔,4
力高,4
负,4
一书,4
保护视力,4
平均年龄,4
化妆品,4
肾结石,4
一棵,4
听到,4
引导,4
要不然,4
残留量,4
面积,4
簋,4
北方,4
汁,4
似曾相识,4
道德,4
忍不住,4
日光灯,4
慈禧,4
肠子,4
根治,4
大自然,4
定量,4
竹笋,4
多食,4
用量,4
贮存,4
级别,4
权势,4
面纱,4
早晨,4
古香,4
逗逗,4
排泄,4
哺乳,4
肝硬化,4
对策,4
倒班,4
数十年,4
抓获,4
取消,4
得以,4
随手,4
0.5,4
健康成长,4
妙,4
活泼,4
贫血,4
专区,4
正面,4
详情页,4
困扰,4
制取,4
高血糖,4
专项,4
何不,4
宁可信其有,4
清明,4
胸痛,4
联合国粮农组织,4
健身房,4
跟帖,4
主食,4
转化成,4
2.01601E+13,4
岩手,4
消炎药,4
齐,4
素问,4
无益,4
蛋类,4
耐受,4
要人命,4
作息,4
情节,4
包治百病,4
薄荷,4
疾控中心,4
总医院,4
多久,4
其他人,4
全新,4
最爱,4
处在,4
不难,4
尺,4
中含,4
初愈,4
食糖,4
调,4
科幻小说,4
芥菜,4
红细胞,4
接连,4
微量元素,4
年龄段,4
猪肚,4
第,4
分娩,4
易于,4
凉性,4
椅子,4
碰,4
心率,4
嫌疑,4
缺少,4
不愿,4
哪家,4
文艺,4
幸福感,4
地表,4
向前,4
食疗,4
蓝,4
吓人,4
食物链,4
遵,4
食,4
热播,4
一月份,4
北极光,4
隐藏,4
手套,4
表层,4
抛型,4
必备,4
友情,4
升级,4
该不该,4
中枢神经,4
嗨,4
害虫,4
夜宵,4
对付,4
瓜果,4
孤僻,4
铜,4
季来,4
电脑前,4
童年,4
病危,4
白菜,4
墙壁,4
职业,4
炖汤,4
俱乐部,4
因法,4
外国,4
脱落,4
医药,4
作品,4
诱导,4
口中,4
总统,4
经营,4
起初,4
河南,4
紫色,4
延伸,4
又称,4
手舞足蹈,4
致病菌,4
亿公斤,4
十几,4
鉴定,4
烤,4
毒菌,4
解,4
脯氨酸,4
施行,4
六大,4
美食家,4
挥发,4
大脑神经,4
博主,4
鞣酸,4
每人每年,4
哺乳期,4
大才,4
34,4
卖点,4
顺便,4
食欲,4
时长,4
宠物,4
苯乙烯,4
胡,4
变量,4
扩大,4
译,4
降温,4
被窝,4
增进,4
探讨,4
从根本上,4
地中海,4
凋亡,4
两周,4
恶性肿瘤,4
腌,4
或多或少,4
耐,4
陶瓷,4
动脉硬化,4
今日,4
经络,4
计算机科学,4
睾丸,4
热疗,4
苏云金,4
西安,4
减缓,4
大众,4
减压,4
奔跑,4
蛇,4
找馆友,4
大肆宣传,4
单核,4
每时每刻,4
历代,4
胎动,4
麦布,4
石榴,4
46,4
烦躁,4
综艺,4
使用者,4
枯死,4
心力衰竭,4
文中,4
果断,4
外表,4
谷氨酸,4
喷嚏,4
专注,4
温馨,4
这条,4
起居,4
此事,4
熊,4
一新,4
环保,4
分裂,4
西班牙,4
性能,4
寻宝,4
亲子活动,4
硬化症,4
冲泡,4
这枚,4
陷入,4
测试者,4
吃同,4
访谈,4
平行,4
血,4
红糖,4
帽子,4
七一,4
小孩子,4
抗菌素,4
演化出,4
涉案,4
尝,4
盐卤,4
外部,4
蜜糖,4
优异,4
挑战,4
轻微,4
类物质,4
硕大,4
改为,4
股东,4
身故,4
固有,4
打点,4
美国政府,4
未成熟,4
九大,4
百年,4
发挥,4
动物性,4
碎片,4
平等,4
左边,4
神经学家,4
搅拌,4
抖动,4
过早,4
氯化物,4
商品化,4
水产品,4
首要,4
舞动,4
起码,4
交叉,4
地去,4
是否是,4
行云,4
栗子,4
限定,4
所含,4
内在,4
2017,4
吵醒,4
烹饪,4
安全局,4
塑料瓶,4
粘膜,4
隔三差五,4
系列,4
生物酶,4
蒸,4
溃疡,4
正版,4
颈,4
软壳,4
53,4
米线,4
蛋痛,4
啤酒瓶,4
无线电,4
香精,4
鸭蛋,4
马铃薯,4
根,4
平坦,4
卡夫,4
巅峰,4
入口,4
多样化,4
积分,4
母乳喂养,4
真凶,4
去除,4
主管,4
降压,4
热辐射,4
瓶,4
负面影响,4
激烈,4
忘记,4
生殖系统,4
腹内,4
营养学家,4
清洁,4
译者,4
权威机构,4
说来,4
难起,4
噪音,4
重庆大学,4
罪魁祸首,4
票房,4
放弃,4
三篇,4
巫,4
院长,4
参加,4
笔记本电脑,4
监督局,4
多功能,4
黄斑,4
谜,4
纯粹,4
外衣,4
凤凰网,4
饭店,4
试纸,4
纷纷,4
临床表现,4
入睡,4
情报局,4
呼呼大睡,4
武器,4
实验报告,4
收缩,4
形象,4
钉,4
自体,4
干涩,4
动物油,4
引起争议,4
微米,4
篡改,4
划船,4
吐,4
上限,4
利并,4
强迫,4
午夜,4
半数,4
坚固,4
产品安全,4
充血,4
黄豆,4
持有,4
栽培,4
梦见,4
车,4
没事,4
软骨鱼类,4
设立,4
分开,4
明亮,4
吹风机,4
时说,4
末间,4
电冰箱,4
饼干,4
参数,4
肩周炎,4
当真,4
面包屑,4
一步,4
盐腺,4
不高,4
精选,4
永葆青春,4
释,4
辖区,4
敏锐,4
液体,4
母猪,4
吃螃蟹,4
人要,4
东京,4
眨眼,4
放射性元素,4
多分,4
盒子,4
拉长,4
胃柿石,4
腹鳍,4
召开,4
从何而来,4
全科,4
残疾,4
熏,4
涉足,4
格林,4
人为,4
南方,4
毫米波,4
高能,4
抗虫棉,4
尿素,4
另一组,4
接种率,4
销量,4
棒,4
靠墙,4
王女士,4
市,4
春天,4
人才,4
用户名,4
法规,4
一节,4
劳动,4
同饮,4
利润,4
不小,4
阿里,4
基德,4
无一例外,4
每种,4
牙釉质,4
每晚,4
减掉,4
澡,4
必,4
打破,4
边缘,4
袭,4
外伤,4
同意,4
驾车,4
运输,4
骨头,4
祖先,4
流动,4
碰到,4
火爆,4
天涯社区,4
不为人知,4
密云,4
相册,4
突破,4
黑米,4
告诫,4
高蛋白,4
避开,4
咑,4
高分子,4
医学会,4
带动,4
双腿,4
代,4
无稽之谈,4
物理学,4
行万有,4
疏通,4
饲喂,4
本质,4
唐筛,4
鸡叫,4
搞笑,4
产地,4
欺骗,4
福利,4
动脉,4
同一,4
京都大学,4
实质,4
轨道,4
实为,4
衰减,4
尸检,4
发觉,4
失衡,4
受害,4
览,4
气会,4
既往,4
身份,4
谈,4
35,4
评分,4
合,4
角色,4
粉碎,4
两,4
一次性,4
做过,4
顽强,4
腿,4
从此,4
生姜,4
大臣,4
制备,4
熟,4
申请,4
报纸,4
好多,4
巧妙,4
王青,4
克隆,4
签约,4
依折,4
画面,4
桔子,4
鱿鱼,4
崩溃,4
组合,4
闹,4
痛,4
2014,4
镇静,4
树,4
老年痴呆症,4
投稿,4
康复,4
无味,4
设定,4
螺杆菌,4
股票,4
每升,4
两大类,4
米饭,4
辣,4
近似,4
戈尔德,4
反应速度,4
估算,4
异议,4
推动,4
地说,4
变色,4
眼外,4
军备竞赛,4
柿,4
甜味,4
天数,4
含糖,4
相互作用,4
升起,4
天文,4
亚,4
去向,4
防范,4
56,4
游戏规则,4
决策,4
外阴,4
不让,4
标准规定,4
新鲜事,4
集合,4
编辑部,4
右肾,4
装在,4
味之素,4
淡,4
奶酪,4
月经期,4
贝尔纳,4
一般来讲,4
自古以来,4
麻辣烫,4
伦理,4
犯罪,4
角度看,4
任,4
客户端,4
沐浴,4
黄疸,4
放置,4
无疑,4
各种因素,4
长短,4
更长,4
伤眼,4
水如,4
保留,4
烫,4
链,4
皮质激素,4
从中,4
热情,4
极地,4
大可,4
发芽,4
晒太阳,4
甜虾,4
蓝微信,4
叶子,4
何必,4
火焰,4
怀特,4
基地,4
成瘾者,4
肉毒,4
黄,4
房间,4
涵盖,4
青春,4
铝,4
技能,4
植入,4
睡梦中,4
闭,4
彼得,4
医学中心,4
吸引,4
流感病毒,4
办公设备,4
卫星,4
＝,4
肉眼,4
17,4
日益,4
过滤器,4
洗液,4
卵巢,4
患癌,4
淡绿色,4
物理学家,4
高压线,4
一扫,4
酪氨酸,4
小肠,4
同龄,4
较长,4
刺猬,4
净化器,4
倘若,4
船上,4
差距,4
跌倒,4
暴露出,4
增,4
重灾区,4
心痛,4
更要,4
一线,4
性生活,4
运动成瘾,4
淘宝,4
车轮,4
接,4
用次,4
酚,4
邮报,4
安全事故,4
现代人,4
※,4
弱碱,4
苯甲酸,4
昵称,4
新思路,4
本次,4
借此,4
制度,4
尿会致,3
代谢性,3
28,3
白领,3
带给,3
疯传,3
放任,3
放射病,3
深夜,3
有限公司,3
结石病,3
密切相关,3
0,3
韩少,3
河虾,3
葵花籽,3
艾滋病,3
黄金,3
诸如,3
单面,3
柑桔,3
喹啉,3
土壤,3
冒,3
宏,3
翠绿,3
之低,3
以往,3
屏,3
周边,3
草木皆兵,3
家居,3
支气管,3
一道,3
安定剂,3
沙哑,3
豆芽,3
小米,3
缺,3
软饮料,3
精制,3
地步,3
肉冻,3
真要,3
罗宾森,3
免受,3
本市,3
脂,3
有种,3
不公,3
爸爸,3
■,3
保险,3
超声波,3
退订,3
基础学科,3
不许,3
拉普拉斯,3
冷热,3
必致,3
高椅,3
远视,3
与此同时,3
表情,3
低廉,3
热分解,3
废气,3
双眼,3
口口,3
隐蔽,3
这近,3
追赶,3
二手烟,3
小齿,3
疑惑,3
长久以来,3
舆情,3
眼下,3
出面,3
第三,3
青菜,3
三大,3
攻克,3
江河,3
规则,3
新民,3
潜能,3
思路,3
体型,3
诚然,3
减轻负担,3
因鼠,3
零度,3
营业部,3
减脂,3
华龙网,3
吊白块,3
合计,3
接纳,3
罗卜,3
一顶,3
缺水,3
肚子疼,3
优缺点,3
驴,3
矮,3
黑名单,3
总而言之,3
拉斯,3
常吃,3
酸菜,3
高中生,3
化石,3
列,3
逃避,3
天真,3
开放型,3
一说,3
仔细阅读,3
扎手,3
私信,3
戒不掉,3
坤,3
账号密码,3
宣布,3
班,3
狭窄,3
空心菜,3
警匪,3
意大利,3
瓜皮,3
专家系统,3
还远,3
揭露,3
多位,3
常驻,3
磁疗,3
罐体,3
拉,3
布满,3
手势,3
推断,3
嗑瓜子,3
天方夜谭,3
电台,3
睫状肌,3
焊工,3
绿色植物,3
欲,3
以至于,3
扩展,3
水果市场,3
淡淡的,3
油炸物,3
原核,3
小字,3
恰恰,3
针孔,3
得益于,3
有何,3
生产商,3
袖口,3
天文学家,3
联络,3
调查结果,3
本站,3
蔬果,3
分解成,3
上皮,3
丢,3
带久,3
现形,3
水服,3
透亮,3
只会,3
组图,3
审评,3
配食会,3
呼吸科,3
受欢迎,3
停用,3
打游戏,3
抱,3
风雨无阻,3
收治,3
三角,3
肺炎,3
全是,3
完全一致,3
扎,3
简易,3
装修,3
一段距离,3
新品种,3
雌激素,3
周星驰,3
用手,3
性器官,3
战胜,3
定期检查,3
收入,3
亚硝胺,3
五灵脂,3
并非如此,3
周末,3
导语,3
相聚,3
星期,3
经济效益,3
理性,3
教科书,3
脱离,3
草鱼,3
法典,3
大分子,3
龚先生,3
新生,3
按此,3
实际效果,3
晕,3
不负责任,3
员,3
吃水果,3
橙子,3
抽筋,3
无毒性,3
尼姆,3
五种,3
拜访,3
寿命短,3
日微博,3
荤腥,3
嚼,3
部属,3
房子,3
呵,3
灵柩,3
肘窝,3
被捕,3
孕,3
广义,3
▲,3
巴甫,3
医,3
抵触,3
参观,3
这时候,3
上下班,3
整天,3
素质,3
经典,3
高品质,3
上长,3
工厂,3
高据,3
围栏,3
氯化镁,3
追求者,3
重复使用,3
何,3
星系,3
周刊,3
一众,3
并拢,3
极其,3
坑,3
江南,3
五岁,3
罢了,3
生活节奏,3
正当,3
一页,3
复制到,3
再用,3
臀部,3
半个,3
利自上,3
巴斯,3
全职,3
分化,3
永不,3
回到,3
金属丝,3
三日,3
水肿,3
搀扶,3
少盐,3
鸽子,3
眼癌,3
维同,3
圣经,3
刺,3
自从,3
看待,3
发达国家,3
体力,3
气候变化,3
适量,3
夫人,3
猝死,3
年度,3
调节剂,3
片剂,3
第期,3
蜂胶,3
晚,3
承受能力,3
路径,3
利弊,3
豆制品,3
刺状,3
致密,3
理,3
加水,3
华侨,3
节奏,3
鲜态,3
对体,3
黄泥,3
对谷歌,3
同吃会,3
日后,3
掺,3
易消化,3
扰乱,3
有效率,3
酪醇,3
极微,3
旋毛虫,3
出于,3
可塑性,3
伴随,3
发源地,3
介质,3
范畴,3
甲鱼,3
无辜,3
0.3,3
反正,3
三甲,3
要说,3
骤增,3
快照,3
搓,3
毕业生,3
加为好友,3
清明节,3
睡好,3
药制剂,3
巧合,3
变黑,3
制造者,3
转帖,3
在外,3
脱节,3
新快报,3
唇红齿白,3
损耗,3
涂抹,3
汉坦病毒,3
胸,3
上用,3
营养学,3
请勿,3
忽略不计,3
通栏,3
疣,3
圆锥形,3
加湿器,3
煮粥,3
180,3
微小,3
确凿证据,3
健康人,3
敏感度,3
元凶,3
西方,3
才识过人,3
悲,3
立体,3
星球,3
片面,3
绕射,3
手提,3
几头,3
照常进行,3
大对,3
排,3
领口,3
也罢,3
达标,3
呈现出,3
折射,3
编织成,3
营养师,3
晶莹,3
自给率,3
豆油,3
皱,3
小黄瓜,3
及早,3
轮船,3
制氧机,3
现代科学,3
一盒,3
24,3
高速,3
钟,3
出事,3
心肌炎,3
不带,3
纵使,3
美国西北大学,3
不利因素,3
切不可,3
精华,3
总称,3
引自,3
发起,3
立场,3
金华人,3
毅力,3
黄鳝,3
再有,3
供选择,3
坚实,3
正确认识,3
苍耳子,3
此项,3
自由,3
有虫,3
渗透,3
用到,3
特辑,3
┊,3
敌人,3
中所含,3
选育,3
四大,3
常见病,3
打虫药,3
物无,3
蒙脱石,3
更强,3
英文,3
烧心,3
光是,3
日本政府,3
臭,3
随时,3
我降,3
休闲,3
幼童,3
仅靠,3
几条,3
集体,3
满眼,3
院四少,3
加深,3
后世,3
因其,3
催,3
好比,3
封闭,3
不善,3
堪比,3
糯米,3
暴死,3
您好,3
好菜,3
该病,3
理财,3
字体,3
培训,3
通道,3
遮天,3
脚前,3
再说,3
赶来,3
馆,3
羊肉串,3
混悬,3
变为,3
不同于,3
不该,3
独家,3
转为,3
详情请,3
安特卫普,3
分泌物,3
那会,3
三叉神经,3
精,3
春季,3
摆弄,3
外用,3
分析仪,3
人于,3
般的,3
同治帝,3
鱼皮,3
坏处,3
基,3
苦瓜,3
圆筒形,3
大到,3
突出,3
显得,3
株,3
分会,3
共振,3
长达,3
工商所,3
被盗,3
黄酮,3
还原成,3
波及,3
自称为,3
2007,3
芳香族,3
在你看来,3
胚胎,3
千次,3
55,3
背部,3
耐受性,3
皮克,3
本地,3
省级,3
不太爱,3
缩瞳剂,3
配制,3
框,3
蜜蜂,3
椒,3
各有不同,3
应季,3
变压器,3
牛顿,3
较长时间,3
适应性,3
烫伤,3
林,3
敏感性,3
草,3
咬牙,3
徐,3
突变性,3
督促,3
过夜,3
痕迹,3
发言人,3
优化,3
孕前,3
带多,3
人文,3
是非,3
族裔,3
耽误,3
长大,3
盐水,3
抱怨,3
烧伤,3
谨防,3
提早,3
主观,3
夺走,3
时不时,3
相授,3
先死,3
紫得,3
暴晒,3
国门,3
问及,3
趁,3
日间,3
恢复正常,3
安,3
肉质,3
季,3
短时间,3
动物学家,3
过则,3
本报记者,3
全方位,3
乃至,3
终结者,3
夸张,3
一段,3
睾酮,3
排放,3
机械,3
普遍推广,3
抗肿瘤,3
可安在,3
顺产,3
市面,3
离得,3
我教,3
无心,3
终结,3
理所当然,3
老外,3
二两,3
偏头痛,3
下班,3
卧,3
色,3
球形,3
幸福,3
套现,3
提要,3
第一步,3
压根,3
毫西弗时,3
编为,3
大逆转,3
大面积,3
广大,3
脑膜瘤,3
满天飞,3
脚跟,3
经络学,3
头晕,3
惊慌,3
这类,3
近年,3
会成,3
合法,3
水溶液,3
最低,3
版权,3
电子产品,3
牙膏,3
遗传学,3
肠管,3
公园,3
万事,3
传感,3
卷土重来,3
本应,3
细胞分裂,3
谢谢,3
何况,3
增值,3
汉学家,3
视野,3
钳工,3
卷,3
抹,3
中年人,3
文献检索,3
愈演愈烈,3
原材料,3
海鱼,3
供应,3
手环,3
还脏,3
父本,3
尼,3
无从,3
搜索引擎,3
此类,3
牛,3
微乎其微,3
促干剂,3
因果,3
原创,3
手机用户,3
成份,3
房,3
泛,3
曲线,3
晴雨表,3
单,3
前来,3
发起人,3
型号,3
影响力,3
雄,3
天花,3
两码事,3
银杏,3
威武,3
槽,3
解放,3
麻,3
屁会,3
核事故,3
其余,3
望闻问切,3
遵守,3
食会,3
草甘膦,3
钙质,3
导演,3
胃出血,3
临床实践,3
期盼,3
类别,3
伤身,3
史书,3
834.22,3
谈到,3
烤肉串,3
清宫,3
一岁,3
人则,3
知乎,3
包覆,3
地问,3
看大图,3
记忆减退,3
夜生活,3
整理,3
预言,3
年初,3
店,3
看重,3
遥远,3
欺骗性,3
小小的,3
陈,3
视网,3
屁多大点,3
会强,3
农产品,3
控制者,3
地上,3
鳍,3
摆放,3
中见,3
通讯社,3
不信,3
有机酸,3
百害,3
动植物,3
排卵,3
普利,3
英语,3
实证,3
修图,3
筋道,3
定居,3
瞄准,3
隔绝,3
中学,3
信其,3
惨绝人寰,3
培育出,3
鄂尔多斯,3
冰,3
膝窝,3
盗汗,3
骨,3
不动,3
大大降低,3
削弱,3
克隆羊,3
冬瓜皮,3
拨打,3
多样,3
前额,3
高强度,3
初始,3
文库,3
堵塞,3
节食,3
管住,3
糗,3
有序,3
斤,3
招,3
巧,3
拜托,3
四肢,3
视锥,3
浙江省,3
硅藻,3
薄,3
骨瘤,3
微博微信,3
会变,3
气候,3
照明,3
色氨酸,3
融合,3
有性生殖,3
口袋,3
法力,3
喝茶,3
修订,3
三位,3
照样,3
分子式,3
千家万户,3
聚会,3
子女,3
荧光,3
生理功能,3
炮制,3
窍门,3
不适感,3
只好,3
六种,3
痛苦,3
林肯,3
电解质,3
生态环境,3
成龙,3
胀,3
双胞胎,3
千奇百怪,3
月经周期,3
灵,3
开口处,3
华丽,3
1902,3
人物,3
一秒钟,3
严重威胁,3
修改,3
选择性,3
专访,3
或者说,3
飞,3
氧量,3
始于,3
由此,3
痤疮,3
结语,3
勃起,3
与众不同,3
质量技术监督局,3
氯酸盐,3
高锰酸钾,3
中风,3
安慰剂,3
太晚,3
黑膜,3
发达,3
呼吁,3
有变,3
开个,3
手链,3
勇敢,3
圈里,3
眼保健操,3
北蒙,3
触,3
弛缓,3
瘾,3
假定,3
笑嫣然,3
高额,3
莱利,3
甲苯,3
隐瞒,3
察看,3
鸟类,3
夺命,3
威尔士,3
某种程度,3
鳝鱼,3
酸菜鱼,3
国务院,3
国民,3
城堡,3
生物界,3
把握,3
杨,3
传到,3
观察者,3
预警,3
煤炭工业,3
极少数,3
精炼,3
培植,3
财新网,3
结肠,3
养颜,3
热敷,3
发短信,3
南京,3
反之,3
丙肝,3
服才,3
喜,3
屁屁,3
官员,3
美国芝加哥大学,3
挡不住,3
餐后,3
时间段,3
唠叨,3
制冷,3
喂给,3
智趣,3
文,3
倒入,3
寻常,3
青少年儿童,3
牙龈,3
明明,3
露西,3
一模一样,3
傻傻,3
两腿,3
就医,3
春雨,3
比利时,3
竖,3
法靠,3
放过,3
维他命,3
李女士,3
废弃物,3
最长,3
口入,3
79,3
乳液,3
水生,3
塔塔,3
柳叶刀,3
才行,3
推迟,3
脱气,3
本帖,3
芝麻,3
卫生条件,3
难得,3
杂草,3
皮肤科,3
偏方,3
谈起,3
买来,3
思维,3
听众,3
射电,3
护肤品,3
分散,3
围巾,3
射击,3
呦,3
爆出,3
真话,3
榜单,3
菜籽油,3
如出一辙,3
办理,3
养生学,3
发生变化,3
大有裨益,3
最广,3
这才,3
软组织,3
热度,3
腋下,3
双歧,3
双臂,3
鲶鱼,3
戴久,3
初,3
完美,3
双面,3
通栏广告,3
耗费,3
时机,3
树林,3
更易,3
循环,3
史,3
出过,3
滑肠,3
总会,3
那层,3
成型,3
海带,3
璺,3
服它,3
吲哚,3
元气,3
传染性,3
蒲黄,3
脆弱,3
业,3
穿透,3
多生,3
多吃点,3
肤质,3
食量,3
空间站,3
俄罗斯科学院,3
瓶体,3
阻力,3
之声,3
经营者,3
福建,3
皮里,3
界线,3
血脂,3
求美者,3
扎啤,3
一簇,3
开口,3
上传,3
出新,3
吹,3
耳聋,3
无穷,3
冷面,3
收起,3
交换,3
以元,3
促,3
粘稠,3
高科技,3
可不,3
表演,3
下摆,3
较大,3
冷水,3
倾注,3
卡塔,3
优越,3
算下来,3
点赞,3
地址,3
例数,3
各方,3
灰尘,3
晨,3
高而,3
注重,3
严格要求,3
为止,3
饮食卫生,3
口腔溃疡,3
一股,3
周期性,3
白萝卜,3
亲密关系,3
出不来,3
加工厂,3
一条街,3
新华网,3
占该,3
明朗化,3
吃易,3
科学技术,3
感情,3
脑海中,3
体重增加,3
摩擦,3
疾,3
数亿,3
六十年代,3
发愁,3
化工,3
白薯,3
胃中,3
调查取证,3
越多,3
形体,3
天敌,3
兔子,3
须,3
统一,3
惊讶,3
上古,3
狠狠,3
总量,3
大棚,3
时空,3
从小到大,3
下属,3
做些,3
合法化,3
男女性,3
吃法,3
厦门,3
青光眼,3
洁身自好,3
下脚料,3
段,3
一小部分,3
〞,3
於,3
布丁,3
高盛,3
22,3
鼠,3
伽利略,3
考,3
面巾纸,3
没太大,3
全局,3
倒霉,3
高兴,3
真假,3
15605.6,3
效力,3
地点,3
后能,3
剪贴板,3
周报,3
胃液,3
神经质,3
全频段,3
纠缠,3
皮卡,3
胃痛,3
脸,3
亲要,3
裹,3
举,3
青春期,3
泛泛,3
花色,3
测过,3
户外活动,3
毒副作用,3
获得成功,3
一年之计在于春,3
该项,3
茄科,3
利兹,3
过马悦然,3
不断涌现,3
福岛,3
被称作,3
晒,3
凡事,3
移除,3
记事,3
蝙蝠,3
皮齿,3
后人,3
法律咨询,3
喜人,3
要花,3
饮料罐,3
药效,3
防晒,3
甲壳类,3
印证,3
特说,3
线粒体,3
登记手续,3
三类,3
虫害,3
麻省,3
与非,3
单视,3
起效,3
捂着,3
十二指肠,3
胃酸,3
一分钟,3
共同点,3
吞进去,3
整合,3
精神疾病,3
翻出来,3
观测,3
内服,3
各学科,3
汹涌,3
地外,3
表观,3
①,3
特例,3
拔掉,3
审核,3
混有,3
教练,3
罗圈腿,3
关闭,3
孔成象,3
可谓,3
覆盖,3
回国,3
并不一定,3
健对,3
吓,3
低落,3
加大,3
不法,3
住院,3
两位,3
魏则,3
英格兰,3
两性,3
汤料,3
归,3
保胎,3
长出,3
多家,3
偏食,3
巴德,3
无籽,3
入手,3
预处理,3
榄,3
肢体,3
更何况,3
跑道,3
海洛因,3
蒸发,3
简称,3
好久没,3
鲜艳,3
针,3
疾病相关,3
散影,3
昂贵,3
外国人,3
大巴,3
私处,3
论据,3
均价,3
新药,3
享受,3
痛经,3
生长激素,3
高度一致,3
一百多,3
幼儿期,3
家常菜,3
会痛,3
不弯,3
边上,3
进行性,3
可远观,3
变态反应,3
体贴,3
搓洗,3
惊醒,3
全站,3
遗存,3
加以,3
纸,3
下垂,3
先天性,3
党参,3
派对,3
跳跳,3
影视作品,3
é,3
环球,3
死于,3
头痛,3
泉州网,3
直观,3
苛刻,3
一桌,3
得不偿失,3
简洁,3
45,3
成交,3
战争,3
痢,3
珠海,3
800,3
很萌,3
受试,3
媳妇,3
几天,3
直白,3
灾,3
鹌鹑蛋,3
过来,3
严严实实,3
发型,3
撰写,3
芽孢,3
商贩,3
皮中,3
本质区别,3
末端,3
洗手,3
别说,3
泥鳅,3
塞进,3
人类学,3
中国医学科学院,3
腹脏膜层,3
慎用,3
国内外,3
大个子,3
每组,3
咀嚼,3
罐染鼠,3
一人,3
驾驶,3
心理因素,3
老妈,3
创办,3
苏打水,3
人闻,3
脸和手,3
专供,3
该文,3
人均,3
基础科学,3
据称,3
老年,3
基础性,3
透明性,3
远古,3
相对来说,3
民生,3
浸润,3
室内空气,3
胃胀,3
侵权,3
肺脏,3
安全感,3
年来,3
配料表,3
斜视,3
好时节,3
显著性,3
问问,3
伴有,3
溶解性,3
高危,3
硬件,3
置换,3
一键,3
控们,3
警方,3
保质期,3
盖茨,3
亚型,3
部落,3
药液,3
大功率,3
内科医生,3
稳定性,3
洛哌丁胺,3
处方,3
操作电脑,3
重大胜利,3
中约个,3
改进,3
问到,3
古怪,3
对手,3
光会,3
末,3
动物界,3
视物,3
微微,3
荷兰,3
许,3
电位,3
眼明手快,3
代购,3
难得一见,3
刘磊,3
编来,3
罂粟花,3
运气,3
上阵,3
头脑,3
水煎服,3
首席,3
衰等,3
根本无法,3
适应期,3
爬行,3
罕见,3
社,3
取名,3
理论性,3
风速,3
儒艮,3
藏毒,3
内奥,3
执法人员,3
十万人,3
鉴别法,3
克服,3
怎料,3
图为,3
吹头发,3
美恶,3
骚扰,3
过高,3
单次,3
之声央广,3
停留时间,3
情境,3
医家,3
心脑血管病,3
聚光,3
两名,3
药都,3
妨碍,3
2002,3
蛋,3
笔者,3
前瞻性,3
促进作用,3
华裔,3
早上,3
里边,3
闲下来,3
众说纷纭,3
实力,3
干嘛,3
一两张,3
雪糕,3
草后,3
多半,3
比刚,3
客观现实,3
固定式,3
消炎,3
畜牧业,3
水疗,3
举个,3
脂变,3
感光,3
多带,3
青山,3
另一面,3
祛疤,3
减低,3
苹果皮,3
营销,3
脑区,3
烟,3
二三十,3
埋,3
存储,3
餐饮企业,3
久坐,3
通讯,3
队列,3
指骨,3
持,3
后悔,3
拥挤,3
人类基因,3
致癌物质,3
化学合成,3
....,3
排列,3
悠闲,3
销得,3
胡炳全,3
咱,3
药品监督管理局,3
遮挡,3
大幅度,3
子宫癌,3
声波,3
创下,3
稳定剂,3
赛场,3
四组,3
泪膜,3
转发给,3
色香味,3
皱褶,3
厨艺,3
脑袋,3
操控,3
可信,3
梦中,3
大泥,3
气滞,3
警示,3
150,3
2008,3
样品,3
伙伴,3
太长,3
尿成,3
好几,3
非法,3
束带,3
原有,3
哪怕,3
送到,3
较浅,3
跳动,3
表香哈网,3
北半球,3
算,3
同一个,3
块钱,3
抿,3
山大,3
未能,3
格,3
发酵,3
月龄,3
缺血性,3
零售,3
蝌蚪,3
大牛,3
一大,3
伴侣,3
铁的事实,3
废,3
哈喇,3
一旁,3
梅,3
阴谋,3
先有,3
拿破仑,3
呎,3
中学生,3
辅食,3
居民,3
协议,3
真空,3
一连,3
剩下,3
后天,3
狗鱼,3
当今社会,3
大陆,3
数码,3
自年,3
室,3
出发,3
变电站,3
抗议,3
柠檬,3
高傲,3
鲸,3
出游,3
起源于,3
红外,3
监管部门,3
一回,3
明仁,3
过时,3
生出,3
心肌梗塞,3
头昏,3
拍片,3
家里人,3
来回,3
分辨率,3
尼古丁,3
皮下,3
漏洞,3
激素水平,3
设,3
正好,3
红艳艳,3
星工场,3
乱,3
直接证明,3
胆结石,3
不晚,3
鬼,3
猿,3
佛,3
鱼肉,3
赚取,3
逆转,3
紧密,3
寄生,3
遇上,3
由西向东,3
体育运动,3
驯化,3
理念,3
内侧,3
实时,3
自然环境,3
咸得,3
努森,3
十个,3
色调,3
行为能力,3
断奶,3
黑色素,3
监管,3
1.4,3
探头,3
掌控,3
感慨,3
这份,3
佐塔,3
摘下来,3
多项,3
称之为,3
透,3
利益集团,3
五百,3
尽量少,3
清理,3
屁事,3
蔗糖,3
转凉,3
创新,3
黑木耳,3
尝出,3
漱口,3
小贴士,3
活血化瘀,3
火速,3
姜德春,3
注射用,3
主义,3
枣,3
无知,3
仪等,3
通俗,3
悲观,3
龙翠耘,3
万元,3
技术部,3
两步,3
店家,3
路由器,3
总部,3
黑斑病,3
综述,2
女王,2
儿科医院,2
拉夫,2
接洽,2
头胎,2
负重,2
阿兹海默症,2
彻头彻尾,2
天做,2
十九世纪,2
学家,2
同行,2
调幻曲,2
成长期,2
不力,2
打蜡,2
新闻网,2
观眼望,2
氯化钠,2
改善生活,2
孢子,2
芥子,2
显示屏,2
备案号,2
爱好,2
烟灰,2
海鸟,2
高发期,2
凡,2
两则,2
紧急,2
企业名单,2
无中生有,2
菠萝,2
潜意识,2
微博热传,2
严重者,2
快感,2
缓存,2
新华,2
曼谷,2
腋窝,2
方可,2
仿佛,2
饭菜,2
奇特,2
安全事件,2
孵化,2
脸色,2
医用,2
大喊,2
宝塔,2
夜间工作,2
两片,2
芝加哥大学,2
劳逸结合,2
男女老少,2
伊利诺伊大学,2
蒸饭,2
扇,2
评新,2
打造,2
应运而生,2
内停,2
周围环境,2
树状,2
临床医学,2
苦恼,2
长相,2
秒钟,2
作料,2
那此,2
要少,2
药材,2
血细胞,2
涂料,2
脱色,2
增资,2
陈先生,2
美国纽约,2
中美洲,2
嘴巴,2
软糖,2
本篇,2
彩超,2
相对而言,2
皮屑,2
回复数,2
太小,2
转动,2
年报,2
项链,2
产检,2
多颗,2
见解,2
小巧,2
亚麻,2
爆炸,2
摄影,2
贴心,2
紧,2
可人,2
科协,2
神经功能,2
保健饮料,2
效用,2
反渗透,2
鲑鱼,2
完全恢复,2
实,2
单单是,2
茭白,2
痉挛,2
护照,2
优生,2
塑造,2
拍摄,2
北极圈,2
自愈,2
润肤乳,2
通电,2
一波接,2
发帖,2
高招,2
酷网,2
该用,2
黑不黑,2
电磁能,2
龟肉,2
出血热,2
创业,2
来杯,2
浮层,2
登革热,2
随机性,2
产业化,2
多多益善,2
温中,2
白术,2
外壳,2
身为,2
合煮,2
比赛,2
娘娘腔,2
高数,2
转植酸,2
甜蜜,2
癌基因,2
高羽,2
史克,2
站点,2
人气,2
联盟,2
汁液,2
非要,2
得病,2
第一代,2
无限,2
以除,2
下手,2
条款,2
会计,2
食材珍,2
铁质,2
薯片,2
水份,2
躲,2
抽,2
转而,2
静脉,2
不起眼,2
弊端,2
不大,2
流,2
小牛,2
在我看来,2
猫类,2
脚气病,2
脏腑,2
工商局,2
溯源,2
不备,2
气象观测,2
氯酸,2
不干,2
远红外线,2
芥,2
毛蟹,2
成功者,2
预后,2
粮油,2
82,2
出风口,2
节日,2
新近,2
后背,2
以色列,2
秘诀,2
细想,2
硬水,2
异事,2
但会,2
桑葚,2
对学,2
正气,2
移民,2
同位素,2
扯淡,2
祝,2
钼,2
成千上万,2
新疗法,2
钢,2
要开,2
讲解,2
尿常规,2
处罚,2
发给你,2
事半功倍,2
足量,2
鬣蜥,2
总数,2
极差,2
圆形,2
好孩子,2
古代,2
电光,2
突触,2
拼,2
裸视,2
工业原料,2
面向,2
高端,2
捕食者,2
细辛,2
麦,2
拉广告,2
进度,2
天睿,2
可靠性,2
点为,2
阿尔伯特,2
补血,2
苏州,2
吃饭时间,2
克兰西,2
弥尘,2
打喷嚏,2
歌,2
肿,2
下雨,2
涉水,2
晚餐,2
遭,2
修行,2
复杂性,2
假给,2
流氓,2
安慰,2
应不应该,2
相遇,2
复合,2
急诊室,2
朱嘉铭,2
混入,2
要素,2
扮靓,2
第二个,2
体育锻炼,2
补之以,2
内页,2
弊大于利,2
砸死,2
福州,2
新技能,2
水生动物,2
72,2
薪酬,2
广州市,2
黄鱼,2
古籍,2
日期,2
杭州人,2
落伍,2
能起,2
阻断,2
小型,2
鲜香,2
万网,2
难免会,2
回帖,2
基底层,2
医疗器械,2
出炉,2
效率,2
河豚鱼,2
符合条件,2
波罗,2
蚬,2
越到,2
方方面面,2
某台,2
这家,2
添,2
保险公司,2
广泛应用,2
数以百万计,2
长方形,2
共建,2
欧元,2
中医中药,2
蚊虫,2
等级,2
增高,2
日语,2
袋装,2
奶制品,2
德,2
皂角,2
脸部,2
中性,2
倒掉,2
蒂尔,2
不论怎么,2
包油,2
广播电视,2
亮相,2
阻塞,2
酒吧,2
煤炉,2
概括,2
夸大其词,2
兔年,2
发涩,2
糖醋排骨,2
绕颈,2
书面,2
农办,2
宝贝,2
校正,2
地换,2
隐形眼睛,2
留下,2
不可或缺,2
君以,2
食具,2
梁,2
马克思,2
醒,2
脱,2
有机玻璃,2
熔点,2
胎芽,2
真实性,2
桶装水,2
中吊,2
气管,2
文学,2
利用人体,2
字样,2
红枣,2
壁,2
箩卜,2
有名无实,2
反转,2
稳态,2
引人注目,2
电视机,2
中成药,2
52,2
比重,2
阿尔兹,2
时光,2
背景音乐,2
钻,2
2.4,2
双重,2
幽默,2
冲日,2
出没,2
借用,2
秩序,2
发射塔,2
其种,2
广为流传,2
康,2
部份,2
有害无利,2
4,2
标准规范,2
研制,2
虾头,2
别忘了,2
主意,2
啊啊啊,2
一小撮,2
打交道,2
越过,2
药疗,2
吴盛,2
摸鱼,2
不顾,2
一刻,2
上个月,2
红茶,2
腰痛,2
生葱,2
小吃,2
输尿管,2
这样的话,2
酯,2
粑,2
选定,2
奸商,2
倾,2
谨记,2
婚姻关系,2
兴奋性,2
￥,2
极力,2
行李,2
稍,2
总产量,2
肠壁,2
颇,2
公共卫生,2
对个,2
确有,2
松软,2
笨,2
变大,2
浓烈,2
腐蚀,2
邪,2
过错,2
生理学家,2
起着,2
忠告,2
祭祖,2
索引,2
高价,2
食则易,2
胺,2
费,2
没掉,2
看电视,2
西雅图,2
支柱,2
酒同,2
恶性循环,2
肿瘤科,2
腐败,2
中止,2
尼格,2
干剂,2
浴盆,2
孩提,2
第三步,2
宽度,2
化学反应,2
孔,2
藏身,2
磨,2
拉斯维加斯,2
精华素,2
接着,2
为食,2
送递,2
人因,2
中医院,2
打个比方,2
私有,2
评测,2
养娃,2
遗传信息,2
辛,2
五角大楼,2
疏果,2
台大,2
伤人,2
心内科,2
科研成果,2
巴掌,2
幻灯,2
产业链,2
上空,2
用不着,2
瘀血,2
书本上,2
资源,2
针对性,2
败家,2
打打,2
中是,2
磷酸,2
透氧率,2
冰点,2
防御,2
党,2
良性,2
芦荟胶,2
光荣榜,2
露出,2
骨关节,2
解开,2
转给,2
囫囵,2
五招,2
希拉里,2
暮色,2
家族,2
索蒂罗,2
构筑,2
产品简介,2
实物,2
大得多,2
57,2
抓取,2
坏人,2
为啥,2
昏暗,2
丑陋,2
查找,2
擦干,2
斯蒂尔,2
丁香,2
重心,2
荷尔蒙,2
中下游,2
好歹,2
餐具,2
两栖,2
销声匿迹,2
氯离子,2
方媛,2
静止,2
播放列表,2
遗传基因,2
混乱,2
段首,2
具足,2
想见,2
带有,2
生产总值,2
排尿,2
耳机,2
开封,2
解除,2
高密度,2
战略决策,2
搞清楚,2
福,2
第一次世界大战,2
慈悲心,2
值竟,2
熬,2
隐性,2
长生不老,2
央斯基,2
睡眠期,2
几周,2
淡水鱼,2
失望,2
抵抗能力,2
预产期,2
β,2
甚者,2
例证,2
杀灭,2
身患,2
下个,2
第二组,2
定要,2
鳄,2
流向,2
量级,2
楼市,2
毛囊,2
性欲,2
灰质,2
着实,2
达毫,2
重症,2
纯素,2
虚太多,2
撑死,2
多利,2
当令,2
发白,2
门户,2
一本,2
老谣,2
荣誉,2
耗牛,2
熟睡,2
目光,2
切记,2
仿生学,2
强于,2
西式,2
病理学,2
烟雾,2
混浊,2
长胡子,2
依附,2
标榜,2
依旧,2
率先,2
一经,2
胃炎,2
由此看来,2
且不论,2
自然而然,2
过期,2
原文中,2
滑动,2
安全法,2
手持,2
心凌,2
极具,2
绝嗣,2
酷暑,2
讨厌,2
祭神,2
眼底,2
孕酮,2
戳破,2
美容院,2
多前,2
炸鱼,2
④,2
李天白,2
喧闹,2
迈开,2
这点,2
特异,2
推销,2
世俗,2
生日,2
脂肪组织,2
狂飙,2
踏青,2
备案,2
长安汽车,2
做爱做,2
乳糖,2
缩减,2
没道理,2
元件,2
调养,2
霜,2
弹药,2
简化,2
助火,2
人口基数,2
今,2
息息相关,2
胸腔,2
提哲,2
身影,2
斜,2
冥想,2
近视镜,2
胖子,2
奶奶,2
冷静,2
芒,2
搬到,2
前身,2
突变率,2
绝育,2
致病性,2
花生仁,2
天朝,2
天花板,2
2004,2
堵,2
半夜,2
贮藏,2
次地,2
不失为,2
茂宜岛,2
受访,2
泪液,2
通新,2
调达,2
弗里斯,2
中山,2
高速路,2
客观,2
报告会,2
积雨云,2
举例来说,2
殊不知,2
坐标,2
浑水,2
不戴易,2
中式,2
订制,2
抵消,2
阿司匹林,2
排入,2
采摘,2
研究院,2
威利,2
鸡翅,2
形态学,2
平淡,2
涨价,2
濒死,2
根据地,2
弹簧,2
焦糖,2
报考,2
阴蒂,2
船身,2
郑重,2
而应,2
不远,2
指着,2
消退,2
小说,2
姑娘,2
房繄恭,2
黄晓明,2
烟民,2
暂停,2
枕头,2
唐朝,2
群会,2
治理,2
炸弹,2
屡禁不止,2
克里,2
析出,2
海王星,2
成瘾性,2
吃长,2
命运,2
脂质,2
咸酸,2
温和,2
台网,2
划线,2
红斑,2
保护性,2
依赖于,2
防护林,2
速读,2
不久,2
小豆,2
尼斯,2
骨头汤,2
挡,2
文档,2
这层,2
龌龊事,2
请宝妈,2
绑定,2
合并,2
美容美发,2
配对,2
累计,2
要闻,2
辐射频谱,2
东,2
青椒,2
中老年人,2
玩游戏,2
今后,2
冰激凌,2
忘掉,2
各自,2
渗压,2
纲目,2
战场,2
包盐,2
人中,2
优秀,2
妈,2
进来,2
柠檬汁,2
主导地位,2
5050,2
参见,2
万个,2
海岸,2
净,2
孔叫,2
据我所知,2
同济,2
地沟,2
时间表,2
丝状,2
沉,2
咩,2
多肽,2
热词,2
氢,2
寻医问药,2
温床,2
海默病,2
地段,2
烤鱼,2
谷胱甘肽,2
名医,2
脑电,2
这两项,2
表面活性,2
发电场,2
健客,2
距,2
应有,2
黑暗,2
香烟,2
兔,2
第二代,2
2025,2
合肥,2
渠道,2
行业标准,2
生物医学,2
寻觅,2
出路,2
该地,2
卖个,2
绝,2
仗,2
运,2
剖腹产,2
纸片,2
水果摊,2
皮格,2
或少,2
同理可证,2
温水,2
面筋,2
黄铜,2
眼镜店,2
京华,2
层出不穷,2
易腐烂,2
附属,2
堡,2
生产者,2
腰酸背痛,2
之王,2
缩进,2
惹,2
医好,2
纯净,2
启示,2
切忌,2
一定量,2
吓死,2
术后,2
女性朋友,2
国情,2
左上,2
李记,2
极轨,2
仅限于,2
初潮,2
朋,2
腹围,2
说到底,2
完整性,2
海马,2
接通,2
奔赴,2
坏血病,2
普赖斯,2
婴,2
发红,2
蛤,2
比方说,2
周边环境,2
腺病毒,2
原发性,2
飞来横祸,2
请教,2
树脂,2
数目,2
宣传语,2
测,2
飘飘,2
太阳镜,2
采集,2
套餐,2
器皿,2
随访,2
略有,2
简直,2
东东,2
五味,2
诚恳,2
丰满,2
江苏省,2
地球磁场,2
确保安全,2
整形医院,2
指征,2
光照,2
城区,2
中均,2
用全,2
滞留,2
两项,2
喝些,2
过敏原,2
躺,2
明胶,2
当做,2
替代品,2
伤寒论,2
佛性,2
言辞,2
愉快,2
黑手,2
躲避,2
永久,2
瞎,2
绝不会,2
学名,2
秉承,2
历程,2
结膜,2
菊花,2
尔顿,2
花籽,2
揉,2
诡,2
工程师,2
下次,2
假日,2
波士顿,2
胡桃,2
黄线,2
烯烃,2
误以为,2
一两,2
毛蚶,2
哈密瓜,2
隆德,2
韧性,2
得分,2
根本就是,2
有节,2
请求,2
找补,2
两端,2
现场,2
鼻塞,2
食堂,2
直射,2
人人自危,2
粒,2
粥,2
失踪,2
严密,2
令人信服,2
心理作用,2
黏糊糊,2
副本,2
郭富城,2
一两年,2
弄,2
布鲁,2
尽力,2
容颜,2
人力资源,2
洗发水,2
好药,2
事故,2
代价,2
渐渐,2
暴力,2
高达,2
赚,2
连接,2
纵观,2
年纪轻轻,2
38,2
福来,2
喝点,2
盐泵,2
鼻腔,2
被动,2
水膜,2
炎炎,2
成员国,2
吸支,2
望,2
花钱,2
即时新闻,2
吞进,2
沉积,2
时有,2
食肉类,2
飘散,2
发光,2
从不,2
尼古拉斯,2
愿,2
佛山,2
利亚诺,2
水素,2
塞,2
精气,2
创建者,2
下游,2
油酸,2
就近,2
环境因素,2
图文,2
记,2
北部,2
派,2
矿物,2
原子序数,2
批评,2
植物神经,2
经理,2
演化史,2
趁机,2
效,2
采收,2
鳗鱼,2
配料,2
热线,2
鲸类,2
那话儿,2
毫无关系,2
几点,2
抗虫性,2
赋予,2
不专,2
每当,2
珍珠,2
国务卿,2
粉红色,2
善后,2
犯人,2
瓜蒂,2
细腻,2
原以为,2
错位,2
耐受力,2
弱视,2
安全值,2
一两天,2
菌株,2
一有,2
残渣,2
合肥市,2
宝妈,2
面条,2
鼠标,2
廉价,2
试戴,2
跟踪,2
播放器,2
食为,2
六十,2
先前,2
斯说,2
伴,2
810,2
畏光,2
磨薄,2
却长,2
牙痛,2
刷牙,2
加工业,2
中华,2
醇,2
生物工程,2
量体重,2
上映,2
语出惊人,2
控,2
浸取,2
这为,2
幻觉,2
舆论,2
蛋奶,2
□,2
车内,2
推到,2
逐步,2
浮肿,2
再加,2
有效期,2
星期天,2
吃喝,2
接上,2
品系,2
信喝,2
电源,2
观,2
安备,2
心理医生,2
灭种,2
强行,2
高频,2
创面,2
板为,2
很早以前,2
富有,2
秒,2
不全,2
后应,2
疑似,2
废弃,2
身后,2
汞,2
传感器,2
点燃,2
对症,2
指定,2
乱用,2
于默奥,2
红豆,2
农科院,2
士兵,2
力有,2
冷空气,2
种子公司,2
加州,2
停,2
中旬,2
翠普登,2
马丁,2
吸奶,2
胡说八道,2
费城,2
可验,2
演绎,2
1982,2
暴发,2
躯体,2
海滨,2
举动,2
激素类,2
泄漏,2
显微镜,2
来源不明,2
液会,2
超越,2
验光师,2
金币,2
不起作用,2
夹杂,2
水池,2
命,2
具体方法,2
审查,2
除草,2
逃逸,2
考证,2
胸围,2
傅园慧,2
向外,2
富集,2
走走,2
训诫,2
经费,2
福尔马林,2
谈天说地,2
催成,2
焯,2
一大堆,2
猛烈,2
应急,2
资助,2
龙,2
编号,2
并不比,2
虚弱,2
常年,2
小麦,2
河豚,2
助,2
取物,2
招此,2
坚称,2
股份,2
包装袋,2
雨水,2
泡水,2
圆球形,2
水制,2
用武之地,2
东南风,2
听人,2
助长,2
提了,2
暴利,2
录音,2
骨科,2
水盐,2
变高,2
负电,2
水煮,2
三氯,2
打扫,2
水喝,2
冷战,2
序列,2
捕获,2
进货,2
病原,2
仔细检查,2
例岁,2
晶体,2
罗斯,2
溶出,2
珍妮,2
亚热带,2
配比,2
头衔,2
拿出,2
真皮,2
组中,2
山楂,2
枣同食,2
八个,2
切断,2
猫肉,2
万特,2
德克萨斯,2
政权,2
公网,2
巨毒,2
憋,2
对流,2
古人,2
旋即,2
友情链接,2
亲爱,2
含促,2
几秒,2
果树,2
诶,2
一块块,2
殷勤,2
交互,2
糖类,2
狼吞虎咽,2
组分,2
基尼系数,2
顽固性,2
对称,2
便会,2
嫌犯,2
磁铁,2
瘦身,2
旅行,2
含维较,2
类药物,2
拉特,2
机械性,2
吃豆腐,2
叫停,2
忍受,2
4.5,2
混悬液,2
方形,2
流过,2
水碱,2
达人,2
支修益,2
含所,2
肉蛋,2
走近,2
下焦,2
多见,2
分手,2
色卡,2
缺氧,2
太阳能,2
山海,2
荤素,2
发文,2
第四,2
普朗克,2
海豹,2
胰腺,2
卡路里,2
两家,2
纠正,2
牛津大学,2
容易腐烂,2
购进,2
铺,2
流泪,2
食复,2
唐氏,2
咸鱼,2
内源,2
每人,2
格外,2
二肽,2
推销员,2
五分之一,2
妈豆,2
样式,2
隔,2
先祖,2
非常少,2
拿到,2
回归,2
烧不透,2
侵害,2
抗毒,2
洗头发,2
迎合,2
140,2
邻苯二甲酸,2
射,2
万一,2
时有何,2
径,2
网摘,2
带到,2
类食品,2
有效氯,2
电子设备,2
65,2
孙姓,2
例行,2
几项,2
减去,2
外贸,2
间质,2
地洗,2
山梨糖,2
诗,2
高中,2
乐于,2
耶,2
南半球,2
糊,2
泰国,2
徐政龙,2
镍,2
氯霉素,2
一一,2
女婴,2
仙人球,2
对外,2
弊,2
没病,2
麻醉药,2
可笑,2
收缩压,2
1520,2
装备,2
窝内,2
盆腔,2
迷宫,2
归档,2
黄芪,2
清淡,2
检查点,2
时下,2
复杂度,2
能助眠,2
期为,2
主编,2
列出,2
唤醒,2
繁多,2
工艺,2
腹股沟,2
位是,2
推向,2
安心,2
英国政府,2
疏花,2
医疗卫生,2
转告,2
乙肝病毒,2
见之于,2
利多卡因,2
申请加入,2
外周血,2
破案,2
模样,2
吃常素,2
辛夷,2
中部,2
几十倍,2
椎间盘,2
喜剧,2
肾癌,2
大饭店,2
登记,2
竞争,2
甲状腺癌,2
进展,2
自制,2
仿生,2
遗憾,2
咬人,2
上午,2
42,2
初次,2
度水,2
π,2
氯味,2
2500,2
恢复健康,2
酱油,2
写成,2
受到重视,2
气死人,2
统计学,2
陈昭姿,2
雨滴,2
癫痫,2
落泪,2
工业部门,2
天使,2
顶级,2
破绽,2
不乏,2
拼命,2
小树,2
面皮,2
包中,2
分外,2
懂得,2
黏附,2
手下留情,2
那盘,2
猴类,2
平方,2
电视广播,2
中秋节,2
当心,2
会越,2
医疗保健,2
锁定,2
沾染到,2
早班,2
摸,2
接到,2
侧壁,2
壁上,2
交易,2
源源不断,2
每分钟,2
共鸣,2
绿茶,2
前段时间,2
之多,2
关键字,2
盐代,2
供血供,2
牙医,2
年期,2
绝不能,2
血气,2
超级,2
探明,2
致信,2
词,2
绝不,2
醋会,2
安全可靠,2
青年,2
未熟,2
名岁,2
认领,2
犯法,2
引向,2
仅凭,2
大气层,2
滴入,2
标示,2
威廉,2
痛风,2
需求量,2
两百万,2
阿娜,2
无级缩放,2
感谢,2
易伤,2
九三学社,2
肾功能,2
放假,2
低价,2
鼓,2
微型,2
工程技术,2
填充,2
媒介,2
其时,2
挥发性,2
冲淡,2
老板娘,2
流行性,2
兼容,2
氯有,2
断,2
风口浪尖,2
菱角,2
嗯,2
各色,2
助眠,2
电邮,2
第种,2
暂时性,2
睡眠不足,2
减数分裂,2
贫穷,2
洗衣服,2
几十人,2
醋酸,2
江苏省委,2
铃声,2
运动过度,2
室里,2
喜羊羊,2
热点话题,2
坐飞机,2
论调,2
售卖,2
投放,2
整条,2
视点,2
海龟,2
吹散,2
鳞翅目,2
紧密联系,2
天为,2
试一试,2
上学,2
收购,2
美国联邦贸易委员会,2
酸酸甜甜,2
珠宝展,2
篇,2
水下,2
称作,2
巴金,2
大碗,2
洛夫,2
到来,2
引,2
未经许可,2
高浓度,2
伸进,2
腌菜,2
紧张状态,2
自月,2
课程,2
待机,2
勤,2
想象力,2
堪称,2
全体,2
能为,2
初级职称,2
关机,2
查韦斯,2
核桃,2
减药,2
八宝,2
第一篇,2
白百破,2
备用,2
豆沙,2
汇总,2
终生,2
散装,2
裴,2
忒,2
报警,2
同桌,2
微口,2
引爆,2
歪,2
学学,2
法可,2
新帖,2
头条,2
擦洗,2
糟糕,2
乳癌,2
故能,2
一时,2
血常规,2
可选,2
一加仑,2
识破,2
想一想,2
老板,2
等作,2
性感女郎,2
心跳,2
张力,2
铱,2
便是,2
顺其自然,2
标明,2
诊疗,2
见到,2
心悸,2
鳐,2
东方,2
养,2
云云,2
罐使,2
实用性,2
甘苦,2
食品工业,2
严格把关,2
着重,2
含类,2
提取物,2
改观,2
三点,2
410,2
铅锌,2
核,2
某一,2
信息量,2
吸尘器,2
熟透,2
点半前,2
对奶,2
百白破,2
腥臭味,2
深渊,2
精神分裂症,2
处处,2
秦某,2
耕种,2
基团,2
直至,2
房有,2
腺体,2
难怪,2
六,2
坐垫,2
三者,2
错过,2
鸡尿白,2
愿者,2
炸,2
维生,2
傻,2
痴迷,2
渴望,2
杨子姗素,2
五花八门,2
大体,2
组件,2
木糖醇,2
翘辫子,2
一词,2
整形科,2
探究,2
脱去,2
基因工程,2
腐烂,2
进补,2
调节作用,2
鼓吹,2
国,2
开花,2
蛋鱼,2
健上,2
环境保护局,2
安排,2
随之而来,2
尤为,2
陈羽,2
体长,2
远眺,2
强弱,2
胃粘膜,2
打过,2
风行,2
养胃,2
用餐,2
听觉,2
弯腰,2
极为,2
协商,2
游戏网,2
邀,2
疏松,2
流入,2
填色,2
蘸,2
贩运,2
长距离,2
密切关系,2
份,2
填写,2
威望,2
共产党,2
相悖,2
组有,2
打乱,2
超纯水,2
镇痛,2
相符,2
单宁酸,2
郁滞,2
魏,2
反隐,2
杨白劳,2
而来,2
潮网,2
之道,2
周岁,2
忧伤,2
喝一杯,2
类产品,2
来不及,2
内幕,2
会员,2
线路,2
不洁,2
管道,2
掺放,2
一副,2
有名,2
名词,2
收敛,2
无限极,2
现实意义,2
饭馆,2
杨梅,2
这部分,2
滑片,2
绵羊,2
烧开,2
禁令,2
乔治,2
杭州市,2
奶油,2
仰卧,2
洁净,2
咋办,2
右,2
抗病毒,2
洞口,2
溶血,2
加看,2
智,2
月经不调,2
家中,2
来排,2
冲兑,2
采购商,2
灰,2
用心,2
终止,2
光敏,2
五日,2
开辟,2
求救,2
本土,2
查获,2
清,2
烟龄,2
刚刚开始,2
麻油,2
伪装成,2
反响,2
新名词,2
迷惑,2
侵入,2
水会,2
润肠,2
据此,2
眼眶,2
直,2
明,2
饶方婧,2
门窗,2
逍遥丸,2
绿色通道,2
2.01601E+13,2
股骨,2
真实可信,2
举例,2
词微,2
拨款,2
胡歌,2
育龄,2
梦里,2
打扰,2
维港,2
纠错,2
不具,2
快报,2
奇形怪状,2
交易平台,2
要么,2
首屏,2
遏制,2
流程,2
清调,2
历时,2
垂体,2
性传播,2
社区网,2
活体,2
沃顿,2
商业网站,2
大病,2
专属,2
热寒,2
年底,2
同理,2
烈日,2
赫胥黎,2
辣椒素,2
新西兰,2
时段,2
禾,2
鳖,2
不明,2
密,2
花样繁多,2
近百,2
第一名,2
下楼,2
编要,2
独具特色,2
环,2
列宁,2
据介绍,2
海面,2
大肚子,2
全天,2
欢迎您,2
制约,2
酱,2
粪臭素,2
中会,2
嫁接,2
断章取义,2
刚好,2
今年年初,2
分局,2
接待,2
上市公司,2
赖氨酸,2
代言人,2
金属元素,2
场强,2
甜度,2
润燥,2
这名,2
门口,2
香椿,2
航天器,2
孪生兄弟,2
41,2
谐振,2
油中,2
清凉,2
失眠症,2
君主,2
殷都,2
糖化,2
利用率,2
个例,2
口气,2
诞生,2
亲密,2
义务,2
直饮机,2
囊胎,2
仅以,2
搀杂,2
两成,2
牵引,2
压缩,2
忽悠忽悠,2
长久,2
啪,2
质,2
鉴于,2
侧卧,2
国家卫生研究院,2
卫士,2
黄体,2
政务,2
员工,2
加快速度,2
主粮,2
汕头市,2
虽能,2
具,2
戒品,2
换血,2
子宫颈,2
归为,2
果香,2
宫颈,2
糖水,2
感叹,2
最终目标,2
赤霉素,2
腐蚀性,2
安徽,2
立竿见影,2
法令,2
用电,2
抑制剂,2
最先,2
饮品,2
惊慌失措,2
继发性,2
暗盒,2
乙基,2
斑块,2
台微,2
渗出,2
一丁点,2
无缘无故,2
黄河,2
两颊,2
我要,2
助力,2
润滑,2
文集,2
一夜之间,2
来势汹汹,2
勿,2
弹珠,2
0.75,2
隔夜茶,2
麦饭石,2
签署,2
心情舒畅,2
生意,2
而致,2
电磁,2
草药,2
乍一看,2
管理员,2
售货员,2
法律顾问,2
发育畸形,2
脂蛋白,2
多为,2
／,2
明智,2
大楼,2
仅为,2
海产品,2
谐音,2
组和,2
博士生,2
唐刚,2
垂临,2
船里,2
有理有据,2
过少,2
更重,2
其宫,2
调料,2
发硬,2
鸭肉,2
血浆,2
条目,2
油腻,2
事物,2
棒冰,2
巩固,2
入,2
胡海泉,2
300,2
鲨,2
惧怕,2
容貌,2
微粒,2
拔丝,2
怡,2
时尽,2
形,2
吸入,2
第二步,2
圈子,2
紫,2
六点,2
百分位,2
因吃,2
酸疼,2
必将,2
鸦片战争,2
紫菜,2
不算,2
截图,2
易使,2
莫须有,2
判断力,2
下限,2
癞病,2
视听,2
几样,2
报刊,2
温室,2
艺术化,2
杂粮,2
但本,2
中医学,2
上来,2
宜,2
毒死,2
易行,2
严苛,2
花盆,2
哥伦比亚,2
极客,2
山西省,2
上当,2
中加,2
鲜红,2
脊椎动物,2
来往,2
构建,2
实施,2
何时能,2
谢,2
满足感,2
起博器,2
心脏起搏器,2
好几年,2
骨折,2
排名,2
精神病学,2
年轻化,2
停留,2
绛,2
326,2
剧烈,2
业余时间,2
三绿,2
水电,2
侵略,2
分割线,2
两只,2
几罐,2
我学,2
换药,2
健脾,2
高中生物,2
战斗,2
上班族,2
查询,2
美国宾夕法尼亚大学,2
一点儿,2
胆囊炎,2
车祸,2
百姓,2
1.8,2
价,2
分泌液,2
菌痢,2
童,2
＂,2
多重,2
皮肤病,2
看清,2
粗暴,2
水晶,2
毒物,2
点分,2
变红,2
饲养员,2
抠,2
好得多,2
成果,2
打着,2
得出结论,2
称谣,2
当天,2
基线,2
更为严重,2
酚类,2
劳,2
生物能,2
供养,2
通便,2
劳作,2
隔海,2
长胎,2
批判,2
重则,2
中受,2
大错特错,2
此话,2
鱆,2
各有,2
濒临,2
水有,2
绿色蔬菜,2
期内,2
切除,2
酿造,2
全程,2
无处,2
乐陵,2
烟枪,2
明文规定,2
砷量,2
雪花,2
素菜,2
越来越重,2
从左到右,2
前途,2
飞个,2
乃是,2
事后,2
气质,2
特指,2
颈脖,2
2.1,2
塞巴斯蒂安,2
此言,2
高斯,2
类黄酮,2
口腔癌,2
隐身,2
租户,2
南屏,2
强光,2
能致,2
绘画,2
引力场,2
喝喝,2
拯救,2
头骨,2
省略,2
日久,2
煲汤,2
多万元,2
之分,2
真够,2
说服力,2
点心,2
要注,2
信任,2
长江,2
施用,2
剥夺,2
荧屏,2
新加坡,2
不服,2
戊型,2
发燥,2
真皮层,2
易生,2
房价,2
光合作用,2
单眼,2
坚决,2
电讯报,2
移植物,2
附图片,2
判定,2
图册,2
三亚,2
瑞德,2
会有,2
超级计算机,2
凉快,2
霸权,2
双盲,2
2030,2
尝一尝,2
兴趣爱好,2
做成,2
图形,2
湖北,2
绷紧,2
查处,2
切开,2
暴饮暴食,2
脑细胞,2
小宝宝,2
利于,2
兑换,2
但应,2
需由,2
尿路感染,2
难耐,2
烧烤,2
披,2
含淀粉,2
转播,2
随笔,2
言语,2
全幅,2
拖累,2
0.4,2
盐加,2
吞下,2
雨,2
格式,2
半导体,2
分级,2
后会,2
2006,2
大师,2
化水,2
每位,2
楼层,2
广西,2
杀虫,2
就够,2
蛀牙,2
亿人,2
美国佬,2
微循环,2
钉螺,2
某人,2
传给,2
米汤,2
制药,2
市场需求,2
误食,2
可疑,2
真是假,2
几克,2
详细资料,2
不对易,2
胆汁,2
然,2
氯丙嗪,2
离谱,2
多到,2
将信将疑,2
不见,2
待产,2
小事,2
双,2
肚疼,2
豆,2
加多,2
三十年,2
美国食品和药物管理局,2
避谈,2
颜料,2
淋巴细胞,2
直肠,2
捣乱,2
亲亲,2
一边倒,2
升温,2
问卷调查,2
游乐园,2
播出,2
黑猩猩,2
母语,2
黑碳,2
四维,2
园艺学,2
视场,2
蜂蜜水,2
毫无根据,2
中年,2
份额,2
适用范围,2
双生,2
张,2
2001,2
900,2
站不住脚,2
小头症,2
甲基,2
阳离子,2
隐疾,2
软化,2
过有,2
第一任,2
痒,2
秘笈,2
遭遇,2
当季,2
帅哥,2
长长的,2
酸雨,2
存有,2
扩股,2
吃点,2
积水,2
消化科,2
葱茏,2
喉癌,2
停止使用,2
细胞壁,2
星期六,2
饮酒量,2
梨子,2
抗药性,2
痛骂,2
无聊,2
推论,2
中则,2
以关,2
元盒,2
日志,2
无论如何,2
毫希飞,2
大力,2
红酒,2
不均,2
个别,2
超出,2
儿童用,2
仙球,2
在意,2
模,2
旅游业,2
用词,2
编者的话,2
虚寒,2
闲置,2
持久,2
洗净,2
有意无意,2
监控,2
正反面,2
肥水,2
性疾病,2
餐厅,2
弥补,2
辨,2
养殖,2
辛苦,2
遍布,2
要务,2
可见光,2
咸海,2
甜品,2
免疫能力,2
耐热,2
矮牵牛,2
龋齿,2
初期,2
极强,2
获刑,2
此病,2
擦,2
超超,2
游离,2
罹癌,2
丹毒,2
亢奋,2
如愿,2
好奇心,2
滋润,2
指明,2
下应,2
年龄阶段,2
自相矛盾,2
48,2
被吸入,2
胎心,2
冰水,2
新增,2
大队,2
素费洛蒙,2
蕉农,2
提问者,2
含氧量,2
兼,2
蒙塔古,2
陨石,2
胀痛,2
头孢,2
商学院,2
芝加哥,2
麻疹,2
变雪碧,2
凤凰卫视,2
列举,2
异常情况,2
灭活,2
可行性,2
肾上腺,2
棘手,2
肝气,2
一会儿,2
风电场,2
栖居,2
一达通,2
各项,2
抽吸,2
氢化,2
陕西,2
食道癌,2
蒙,2
味素包,2
国度,2
荞面,2
地缘,2
胆管,2
位点,2
高质,2
胥堤,2
浮出,2
水脱,2
这能,2
哈金森,2
得知,2
果子,2
生产日期,2
香哈,2
取出,2
潮,2
顶峰,2
中国政府,2
自由自在,2
黏度,2
捷酷,2
生长素,2
器具,2
中国香港,2
变体,2
胃黏膜,2
如图所示,2
人患,2
监视,2
高层,2
存,2
恐惧感,2
需在,2
放生,2
优先,2
挎包,2
高级技师,2
周永健,2
搬,2
游走,2
好消息,2
高水平,2
土地,2
卵子,2
双酚,2
难免,2
常人,2
广,2
青枣,2
分析表明,2
换洗,2
有常,2
黄泉,2
国际标准,2
金额,2
自恋,2
甩出去,2
细胞系,2
为表状,2
淀粉,2
溶解度,2
结膜炎,2
种植者,2
村,2
级,2
老年性,2
小布什,2
自称,2
谈之色,2
增光,2
调得,2
商报,2
肿痛,2
胎毒,2
贝,2
科幻电影,2
有排,2
男女双方,2
忧虑,2
黄澄澄,2
爱罗薇,2
浮筒,2
值得一提的是,2
支付宝,2
阿虎,2
消补,2
能划,2
刻意,2
瘾君子,2
冲调,2
似的,2
所长,2
中立,2
不禁,2
外边,2
喝完,2
改,2
过快,2
租房子,2
座谈会,2
患胃,2
咽癌,2
恰好,2
五氯酚钠,2
解暑,2
耐力,2
伊蚊,2
避孕,2
哟,2
51,2
激吻,2
舒缓,2
食道,2
安阳市,2
?,2
顾问,2
小龙虾,2
卵细胞,2
有例,2
何首乌,2
2009,2
推崇,2
幼崽,2
举证,2
克隆技术,2
太少,2
家庭装饰,2
足尖,2
洗剂,2
打听,2
做人,2
〝,2
生斑,2
免疫治疗,2
心肌梗死,2
史坦,2
制售,2
浓尿,2
实验员,2
适得其反,2
整形外科,2
潜伏,2
路线,2
3.5,2
轻则,2
君蛋痛,2
总塞些,2
脊椎,2
霉菌,2
配置,2
石头,2
排出去,2
碍,2
自主,2
局限性,2
潜力,2
荞麦面,2
农工商,2
亲缘,2
三倍,2
计算机病毒,2
投资,2
周晓林,2
不合理,2
时搁,2
右边,2
利对,2
达成,2
绿光,2
绿油油,2
熬夜,2
苜蓿,2
荧光屏,2
死去,2
查理,2
姚元浩王,2
在场,2
忘,2
防不胜防,2
海蛇,2
大讲堂,2
摊主,2
绝迹,2
眼里,2
有条,2
擅长,2
以防,2
最小,2
转变成,2
心态,2
颜,2
招股书,2
科学杂志,2
景观,2
承担,2
吃太多,2
不遗余力,2
关爱,2
恰逢,2
剖析,2
时尚资讯,2
热水,2
红番区,2
倡议,2
留住,2
新华社,2
少于,2
第一组,2
鱼尾,2
肩,2
芥末,2
试图用,2
抢救,2
上方,2
店铺,2
安全卫生,2
不争,2
阳刚之气,2
水体,2
三四岁,2
流动性,2
前任,2
服食,2
越难,2
象征,2
前列腺癌,2
可高达,2
臭氧浓度,2
下周,2
实验组,2
砖家,2
选手,2
环境中工作,2
旺盛,2
筛,2
凭着,2
洗衣,2
光滑,2
体虚,2
说成,2
慕尼黑,2
硬化,2
副董事长,2
奖评,2
复印机,2
甜蜜蜜,2
力挺,2
邵逸夫,2
协同,2
清洁用品,2
乳酸杆菌,2
尾部,2
傻子,2
大胆,2
京城,2
解决办法,2
切勿,2
茶同,2
举行,2
诊所,2
叁,2
工人,2
中枢,2
梦,2
聊聊,2
动机,2
样子,2
共聚物,2
盖子,2
皮质,2
醛,2
谷类,2
没效,2
被判,2
过往,2
北欧国家,2
山羊,2
鼠年,2
成佛,2
想来,2
何在,2
晚风,2
新一代,2
药性,2
罚金,2
见光,2
阵阵,2
机箱,2
二十四,2
热风,2
博,2
迎来,2
全麻,2
掩盖,2
身材,2
一期,2
双顶,2
启发,2
巨型,2
特型,2
干扰素,2
更具,2
坐满,2
裤子,2
粉身碎骨,2
科技频道,2
桥段,2
医风,2
579,2
诺,2
联络人,2
宠儿,2
浙江大学,2
究其,2
舞台,2
丙烯醛,2
去掉,2
公开,2
服药,2
面貌,2
山东,2
芯,2
利奇,2
手检,2
浓郁,2
办公,2
核反应,2
中国农科院,2
大葱,2
叶宇峰,2
以北,2
一百多公里,2
技术标准,2
自信,2
靶,2
苦短,2
人间,2
早点,2
均值,2
苯甲酸钠,2
好坏,2
外科手术,2
别傻了,2
邪气,2
美元,2
结晶,2
分辨力,2
艾伦,2
知识产权,2
饭碗,2
奶类,2
花得,2
赤小豆,2
脱落酸,2
几颗,2
鼠类,2
克拉克,2
浣,2
爆,2
电视节目,2
悄然,2
子孙后代,2
四气,2
透视镜,2
中医药,2
磨到,2
支气管炎,2
羊穿,2
吞,2
照料,2
我来,2
操,2
爆炸物,2
水源,2
基站,2
会长,2
缺乏症,2
第二年,2
坏油,2
手法,2
空气净化,2
下药,2
粤,2
阐述,2
理论依据,2
警示语,2
摆脱,2
肝细胞,2
河蟹,2
能吸,2
腰肌劳损,2
胆囊癌,2
冷食,2
羊膜,2
欧美国家,2
渗入,2
救世主,2
流口水,2
幼教,2
交通事故,2
健全,2
卖相,2
豆花,2
热透皮,2
稀少,2
弄反,2
并称,2
妄为,2
警察,2
用途,2
为准,2
饥饿感,2
一泉,2
段落,2
长远,2
两点,2
几代,2
请来,2
如影随形,2
自作自受,2
运转,2
创始人,2
惨死,2
氯水,2
卫生纸,2
阉,2
粗糙,2
清洁卫生,2
哮喘病,2
变化很大,2
含义,2
δ,2
闭上眼睛,2
二号,2
实例,2
动乱,2
讲清楚,2
利的量,2
一切众生,2
增添,2
植物性,2
纯化,2
盈门,2
冤枉,2
一级,2
肉皮,2
蜗居,2
想必,2
变种,2
胎仔,2
降落,2
强求,2
至此,2
大可不必,2
若干,2
空气质量,2
安静,2
老伴,2
行情,2
内向,2
厌食症,2
灵敏,2
网评,2
右键,2
缩,2
Ⅱ,2
慰藉,2
加班,2
爸妈,2
神经性,2
港,2
膏体,2
瓦胡岛,2
穴,2
促性腺激,2
排异,2
麻木,2
泡沫,2
亲和性,2
档案,2
突破性,2
淋巴,2
生殖道,2
188,2
午餐,2
众生,2
配成,2
家乡,2
非常复杂,2
保养,2
易生成,2
社会关系,2
较真,2
重播,2
素材,2
棒棒,2
今报,2
看病,2
烫手,2
幅幅,2
水浴,2
夫妻关系,2
标志性,2
钟凯,2
色彩鲜艳,2
零距离,2
键,2
推手,2
